{
  "experiment": "loss_linex_a0.5",
  "horizon": 1,
  "target_col": "points_next_gw",
  "holdout_season": "2024-25",
  "train_seasons": [
    "2016-17",
    "2017-18",
    "2018-19",
    "2019-20",
    "2020-21",
    "2021-22",
    "2022-23",
    "2023-24"
  ],
  "n_train": 185149,
  "n_test": 26000,
  "n_features": 116,
  "loss_function": "linex_a0.5",
  "holdout": {
    "model": {
      "mae": 0.99167117288838,
      "rmse": 2.2419982901150104,
      "r2": 0.1340990945619368,
      "spearman_rho": 0.6665083678866888,
      "spearman_p": 0.0,
      "haul_mae": 8.114015191960053,
      "haul_count": 1317
    },
    "baselines": {
      "zero_baseline": {
        "mae": 1.2101923076923078,
        "rmse": 2.690574716987489,
        "r2": -0.24706116051447968
      },
      "mean_baseline": {
        "mean_value": 1.2749137181405246,
        "mae": 1.5610559746682193,
        "rmse": 2.4105980172721924,
        "r2": -0.001030314899999718
      }
    },
    "improvements": {
      "vs_zero": {
        "mae_improve": 0.21852113480392776,
        "rmse_improve": 0.4485764268724788,
        "r2_improve": 0.3811602550764165
      },
      "vs_mean": {
        "mae_improve": 0.5693848017798393,
        "rmse_improve": 0.16859972715718197,
        "r2_improve": 0.13512940946193652
      }
    }
  }
}