{
  "experiment": "loss_asymmetric_a1.5",
  "horizon": 2,
  "target_col": "points_gw_plus_2",
  "holdout_season": "2024-25",
  "train_seasons": [
    "2016-17",
    "2017-18",
    "2018-19",
    "2019-20",
    "2020-21",
    "2021-22",
    "2022-23",
    "2023-24"
  ],
  "n_train": 179486,
  "n_test": 25199,
  "n_features": 116,
  "loss_function": "asymmetric_a1.5",
  "holdout": {
    "model": {
      "mae": 1.1646329710155163,
      "rmse": 2.1057622133385454,
      "r2": 0.2346050315500816,
      "spearman_rho": 0.6420677410953404,
      "spearman_p": 0.0,
      "haul_mae": 6.738388739843856,
      "haul_count": 1283
    },
    "baselines": {
      "zero_baseline": {
        "mae": 1.2115560141275448,
        "rmse": 2.6890225907845684,
        "r2": -0.24811857908342705
      },
      "mean_baseline": {
        "mean_value": 1.2761663862362524,
        "mae": 1.5631263041623418,
        "rmse": 2.4081856875056267,
        "r2": -0.0010295279037937366
      }
    },
    "improvements": {
      "vs_zero": {
        "mae_improve": 0.04692304311202844,
        "rmse_improve": 0.583260377446023,
        "r2_improve": 0.48272361063350866
      },
      "vs_mean": {
        "mae_improve": 0.39849333314682545,
        "rmse_improve": 0.30242347416708126,
        "r2_improve": 0.23563455945387535
      }
    }
  }
}