{
  "model_name": "twohead_v1",
  "holdout_season": "2024-25",
  "train_seasons": [
    "2016-17",
    "2017-18",
    "2018-19",
    "2019-20",
    "2020-21",
    "2021-22",
    "2022-23",
    "2023-24"
  ],
  "rows_train": 185149,
  "rows_test": 26000,
  "classifier_auc": 0.8820150538639457,
  "holdout": {
    "model": {
      "mae": 1.06295706433318,
      "rmse": 2.1507049153552305,
      "r2": 0.20318170854051265
    },
    "baselines": {
      "zero_baseline": {
        "mae": 1.2101923076923078,
        "rmse": 2.690574716987489,
        "r2": -0.24706116051447968
      },
      "mean_baseline": {
        "mean_value": 1.2749137181405246,
        "mae": 1.5610559746682193,
        "rmse": 2.4105980172721924,
        "r2": -0.001030314899999718
      }
    },
    "improvements": {
      "vs_zero": {
        "mae_improve": 0.14723524335912774,
        "rmse_improve": 0.5398698016322587,
        "r2_improve": 0.45024286905499233
      },
      "vs_mean": {
        "mae_improve": 0.4980989103350393,
        "rmse_improve": 0.2598931019169619,
        "r2_improve": 0.20421202344051237
      }
    }
  },
  "all_methods": {
    "soft": {
      "mae": 1.06295706433318,
      "rmse": 2.1507049153552305,
      "r2": 0.20318170854051265,
      "improve_vs_zero_mae": 0.14723524335912774,
      "improve_vs_mean_mae": 0.4980989103350393
    },
    "hard": {
      "mae": 1.1587820478363862,
      "rmse": 2.3057343294207895,
      "r2": 0.08416724717783375,
      "improve_vs_zero_mae": 0.051410259855921625,
      "improve_vs_mean_mae": 0.40227392683183316
    }
  },
  "best_method": "soft"
}