{
  "stratified": {
    "mae_overall": 1.016286437179414,
    "rmse_overall": 2.0934194658757277,
    "mae_played": 1.9019425025579046,
    "mae_not_played": 0.4313167713124862,
    "n_played": 10342,
    "n_not_played": 15658,
    "pct_played": 39.776923076923076,
    "mae_gk": 0.7560065429955739,
    "mae_def": 0.9833097418707027,
    "mae_mid": 0.9749907397903386,
    "mae_fwd": 1.1202835011216332,
    "mae_high_return": 5.715702682747732,
    "n_high_return": 2359
  },
  "calibration": {
    "mean_predicted": 0.9556768504242543,
    "mean_actual": 1.197576923076923,
    "std_predicted": 1.0097182297723768,
    "std_actual": 2.4093571385342436,
    "correlation": 0.5139494144251664,
    "spearman_rho": 0.6844547238068,
    "decile_mae": [
      0.018524642052720277,
      0.06997274585653655,
      0.11508844538272908,
      0.32268598790577735,
      0.6683454420948906,
      1.1476817237356591,
      1.50828743502851,
      1.787998724173158,
      1.9424131582193247,
      2.581885855077065
    ]
  },
  "business": {
    "top1_accuracy": 0.08333333333333333,
    "top3_accuracy": 0.1388888888888889,
    "top5_accuracy": 0.19444444444444445,
    "optimal_captain_points": 654.0,
    "predicted_captain_points": 278.0,
    "captain_efficiency": 0.42507645259938837
  },
  "baselines": {
    "zero_mae": 1.2101923076923078,
    "mean_mae": 1.5198711568047334,
    "position_mean_mae": 1.4763101600280455,
    "played_cond_mean_mae": 0.8908602710381863
  }
}