{
  "model_name": "ablation_B",
  "config": "B",
  "config_name": "+ Injury (FPL API)",
  "data_path": "data/features/extended_with_injury.csv",
  "holdout_season": "2024-25",
  "train_seasons": [
    "2016-17",
    "2017-18",
    "2018-19",
    "2019-20",
    "2020-21",
    "2021-22",
    "2022-23",
    "2023-24"
  ],
  "rows_train": 185149,
  "rows_test": 26000,
  "n_features": 138,
  "n_base_models": 6,
  "base_models": [
    "lgbm",
    "lgbm_v2",
    "rf",
    "ridge",
    "played_prob",
    "xgb"
  ],
  "meta_learner": {
    "method": "inv_mae",
    "oof_mae": 1.1153465696601903,
    "detail": "1/MAE weights",
    "coefficients": {
      "lgbm": 0.1653680365352109,
      "lgbm_v2": 0.16751887546818411,
      "rf": 0.1670687251970727,
      "ridge": 0.16408477371543395,
      "played_prob": 0.17291411018954386,
      "xgb": 0.1630454788945544
    },
    "all_candidates": {
      "ridge_cv": {
        "oof_mae": 1.1646354161557682,
        "detail": "alpha=100.0",
        "coefficients": {
          "lgbm": 0.030149815264104873,
          "lgbm_v2": 0.20890802500574424,
          "rf": 0.278667319486118,
          "ridge": 0.34417408709970765,
          "played_prob": 0.3760080548604816,
          "xgb": 0.04283329328454233
        }
      },
      "ridge_1.0": {
        "oof_mae": 1.1646799492183806,
        "detail": "alpha=1.0 (old default)",
        "coefficients": {
          "lgbm": 0.029235078658594853,
          "lgbm_v2": 0.20866575593316947,
          "rf": 0.27823815406219315,
          "ridge": 0.3436958599893909,
          "played_prob": 0.3859407520335693,
          "xgb": 0.042504889653193746
        }
      },
      "nnls": {
        "oof_mae": 1.1724776151981922,
        "detail": "non-negative",
        "coefficients": {
          "lgbm": 0.029418942502621982,
          "lgbm_v2": 0.21383434952128555,
          "rf": 0.2796412986288286,
          "ridge": 0.346272791393392,
          "played_prob": 0.2914562624928888,
          "xgb": 0.04262486529938952
        }
      },
      "inv_mae": {
        "oof_mae": 1.1153465696601903,
        "detail": "1/MAE weights",
        "coefficients": {
          "lgbm": 0.1653680365352109,
          "lgbm_v2": 0.16751887546818411,
          "rf": 0.1670687251970727,
          "ridge": 0.16408477371543395,
          "played_prob": 0.17291411018954386,
          "xgb": 0.1630454788945544
        }
      }
    }
  },
  "meta_coefficients": {
    "lgbm": 0.1653680365352109,
    "lgbm_v2": 0.16751887546818411,
    "rf": 0.1670687251970727,
    "ridge": 0.16408477371543395,
    "played_prob": 0.17291411018954386,
    "xgb": 0.1630454788945544
  },
  "feature_groups": {
    "baseline": 105,
    "injury_structured": 14,
    "injury_nlp": 18,
    "news": 0
  },
  "holdout": {
    "model": {
      "mae": 1.016286437179414,
      "rmse": 2.0934194658757277,
      "r2": 0.24506396462283742
    },
    "baselines": {
      "zero_baseline": {
        "mae": 1.2101923076923078,
        "rmse": 2.690574716987489,
        "r2": -0.24706116051447968
      },
      "mean_baseline": {
        "mean_value": 1.2749137181405246,
        "mae": 1.5610559746682193,
        "rmse": 2.4105980172721924,
        "r2": -0.001030314899999718
      }
    },
    "improvements": {
      "vs_zero": {
        "mae_improve": 0.19390587051289376,
        "rmse_improve": 0.5971552511117615,
        "r2_improve": 0.4921251251373171
      },
      "vs_mean": {
        "mae_improve": 0.5447695374888053,
        "rmse_improve": 0.31717855139646467,
        "r2_improve": 0.24609427952283713
      }
    }
  },
  "all_methods": {
    "lgbm": {
      "mae": 1.0570920296128121,
      "rmse": 2.1163035862283497,
      "r2": 0.22846865389839321,
      "improve_vs_zero_mae": 0.15310027807949567,
      "improve_vs_mean_mae": 0.5039639450554072
    },
    "lgbm_v2": {
      "mae": 1.0450541573149086,
      "rmse": 2.093585339934928,
      "r2": 0.24494432375028552,
      "improve_vs_zero_mae": 0.1651381503773992,
      "improve_vs_mean_mae": 0.5160018173533107
    },
    "rf": {
      "mae": 1.0673702201845214,
      "rmse": 2.069210296761003,
      "r2": 0.26242378827026513,
      "improve_vs_zero_mae": 0.14282208750778635,
      "improve_vs_mean_mae": 0.4936857544836979
    },
    "ridge": {
      "mae": 1.0864148627048167,
      "rmse": 2.1042308562437197,
      "r2": 0.2372461485979498,
      "improve_vs_zero_mae": 0.1237774449874911,
      "improve_vs_mean_mae": 0.47464111196340264
    },
    "played_prob": {
      "mae": 1.0668610002677024,
      "rmse": 2.434930317801053,
      "r2": -0.02134087729180978,
      "improve_vs_zero_mae": 0.14333130742460543,
      "improve_vs_mean_mae": 0.49419497440051696
    },
    "xgb": {
      "mae": 1.091894507408142,
      "rmse": 2.083173885601629,
      "r2": 0.25243544578552246,
      "improve_vs_zero_mae": 0.1182978002841657,
      "improve_vs_mean_mae": 0.46916146726007724
    },
    "mean": {
      "mae": 1.054798640346509,
      "rmse": 2.0711243647360815,
      "r2": 0.2610586066172631,
      "improve_vs_zero_mae": 0.15539366734579874,
      "improve_vs_mean_mae": 0.5062573343217103
    },
    "median": {
      "mae": 1.0482363009030027,
      "rmse": 2.0751861773871636,
      "r2": 0.2581573953627949,
      "improve_vs_zero_mae": 0.1619560067893051,
      "improve_vs_mean_mae": 0.5128196737652166
    },
    "stacked": {
      "mae": 1.016286437179414,
      "rmse": 2.0934194658757277,
      "r2": 0.24506396462283742,
      "improve_vs_zero_mae": 0.19390587051289376,
      "improve_vs_mean_mae": 0.5447695374888053
    }
  },
  "best_method": "stacked"
}