{
  "stratified": {
    "mae_overall": 1.015707314883282,
    "rmse_overall": 2.0942664058802154,
    "mae_played": 1.902134986963558,
    "mae_not_played": 0.4302280081612095,
    "n_played": 10342,
    "n_not_played": 15658,
    "pct_played": 39.776923076923076,
    "mae_gk": 0.7576894541501902,
    "mae_def": 0.984045367111378,
    "mae_mid": 0.9726432099836094,
    "mae_fwd": 1.1227771362858194,
    "mae_high_return": 5.723563448392077,
    "n_high_return": 2359
  },
  "calibration": {
    "mean_predicted": 0.952865089654707,
    "mean_actual": 1.197576923076923,
    "std_predicted": 1.0081689491054122,
    "std_actual": 2.4093571385342436,
    "correlation": 0.5136472690855939,
    "spearman_rho": 0.6838387042701362,
    "decile_mae": [
      0.018488736029692886,
      0.056062470937704736,
      0.12941130418039778,
      0.32528796583193703,
      0.6859096415836955,
      1.1319963592683902,
      1.494316810332484,
      1.8009555669008384,
      1.9513087894923378,
      2.563425292889405
    ]
  },
  "business": {
    "top1_accuracy": 0.08333333333333333,
    "top3_accuracy": 0.1388888888888889,
    "top5_accuracy": 0.19444444444444445,
    "optimal_captain_points": 654.0,
    "predicted_captain_points": 291.0,
    "captain_efficiency": 0.44495412844036697
  },
  "baselines": {
    "zero_mae": 1.2101923076923078,
    "mean_mae": 1.5198711568047334,
    "position_mean_mae": 1.4763101600280455,
    "played_cond_mean_mae": 0.8908602710381863
  }
}