{
  "model_name": "ablation_D",
  "config": "D",
  "config_name": "+ Injury + News (both)",
  "data_path": "data/features/extended_with_injury_and_news.csv",
  "holdout_season": "2024-25",
  "train_seasons": [
    "2016-17",
    "2017-18",
    "2018-19",
    "2019-20",
    "2020-21",
    "2021-22",
    "2022-23",
    "2023-24"
  ],
  "rows_train": 185149,
  "rows_test": 26000,
  "n_features": 145,
  "n_base_models": 6,
  "base_models": [
    "lgbm",
    "lgbm_v2",
    "rf",
    "ridge",
    "played_prob",
    "xgb"
  ],
  "meta_learner": {
    "method": "inv_mae",
    "oof_mae": 1.1164147101830624,
    "detail": "1/MAE weights",
    "coefficients": {
      "lgbm": 0.16510611289471275,
      "lgbm_v2": 0.16767140194447575,
      "rf": 0.1673602192246657,
      "ridge": 0.16421639947853536,
      "played_prob": 0.17309553895922428,
      "xgb": 0.162550327498386
    },
    "all_candidates": {
      "ridge_cv": {
        "oof_mae": 1.164540053005134,
        "detail": "alpha=100.0",
        "coefficients": {
          "lgbm": 0.03616762194678991,
          "lgbm_v2": 0.21014547610609924,
          "rf": 0.2986719320238187,
          "ridge": 0.3427423259883362,
          "played_prob": 0.3585930580453307,
          "xgb": 0.02217897277911618
        }
      },
      "ridge_1.0": {
        "oof_mae": 1.16457997545967,
        "detail": "alpha=1.0 (old default)",
        "coefficients": {
          "lgbm": 0.0353738991391901,
          "lgbm_v2": 0.20982403943517283,
          "rf": 0.29846063660514616,
          "ridge": 0.3422832527855189,
          "played_prob": 0.3677859581157826,
          "xgb": 0.021771578253251395
        }
      },
      "nnls": {
        "oof_mae": 1.1723362114002538,
        "detail": "non-negative",
        "coefficients": {
          "lgbm": 0.035771132053916015,
          "lgbm_v2": 0.21445740951127845,
          "rf": 0.3000375272352538,
          "ridge": 0.3445513217241936,
          "played_prob": 0.27442305430048886,
          "xgb": 0.02220982337301067
        }
      },
      "inv_mae": {
        "oof_mae": 1.1164147101830624,
        "detail": "1/MAE weights",
        "coefficients": {
          "lgbm": 0.16510611289471275,
          "lgbm_v2": 0.16767140194447575,
          "rf": 0.1673602192246657,
          "ridge": 0.16421639947853536,
          "played_prob": 0.17309553895922428,
          "xgb": 0.162550327498386
        }
      }
    }
  },
  "meta_coefficients": {
    "lgbm": 0.16510611289471275,
    "lgbm_v2": 0.16767140194447575,
    "rf": 0.1673602192246657,
    "ridge": 0.16421639947853536,
    "played_prob": 0.17309553895922428,
    "xgb": 0.162550327498386
  },
  "feature_groups": {
    "baseline": 105,
    "injury_structured": 14,
    "injury_nlp": 18,
    "news": 7
  },
  "holdout": {
    "model": {
      "mae": 1.015707314883282,
      "rmse": 2.0942664058802154,
      "r2": 0.24445298829580409
    },
    "baselines": {
      "zero_baseline": {
        "mae": 1.2101923076923078,
        "rmse": 2.690574716987489,
        "r2": -0.24706116051447968
      },
      "mean_baseline": {
        "mean_value": 1.2749137181405246,
        "mae": 1.5610559746682193,
        "rmse": 2.4105980172721924,
        "r2": -0.001030314899999718
      }
    },
    "improvements": {
      "vs_zero": {
        "mae_improve": 0.19448499280902576,
        "rmse_improve": 0.5963083111072738,
        "r2_improve": 0.49151414881028377
      },
      "vs_mean": {
        "mae_improve": 0.5453486597849373,
        "rmse_improve": 0.31633161139197696,
        "r2_improve": 0.2454833031958038
      }
    }
  },
  "all_methods": {
    "lgbm": {
      "mae": 1.0521323784969503,
      "rmse": 2.106810357564422,
      "r2": 0.23537493706219426,
      "improve_vs_zero_mae": 0.1580599291953575,
      "improve_vs_mean_mae": 0.508923596171269
    },
    "lgbm_v2": {
      "mae": 1.0424825632983628,
      "rmse": 2.0941003359330126,
      "r2": 0.24457280941991855,
      "improve_vs_zero_mae": 0.16770974439394504,
      "improve_vs_mean_mae": 0.5185734113698566
    },
    "rf": {
      "mae": 1.065235848926365,
      "rmse": 2.0665054893466244,
      "r2": 0.2643508013991064,
      "improve_vs_zero_mae": 0.14495645876594287,
      "improve_vs_mean_mae": 0.4958201257418544
    },
    "ridge": {
      "mae": 1.0860841600767541,
      "rmse": 2.1011281791872376,
      "r2": 0.2394938431544419,
      "improve_vs_zero_mae": 0.12410814761555367,
      "improve_vs_mean_mae": 0.4749718145914652
    },
    "played_prob": {
      "mae": 1.0670534422737399,
      "rmse": 2.4355858847349077,
      "r2": -0.02189091146434552,
      "improve_vs_zero_mae": 0.1431388654185679,
      "improve_vs_mean_mae": 0.49400253239447944
    },
    "xgb": {
      "mae": 1.0959887504577637,
      "rmse": 2.0928044247880875,
      "r2": 0.24550747871398926,
      "improve_vs_zero_mae": 0.11420355723454412,
      "improve_vs_mean_mae": 0.46506722421045565
    },
    "mean": {
      "mae": 1.0540983892455655,
      "rmse": 2.0716373739691067,
      "r2": 0.2606924956171788,
      "improve_vs_zero_mae": 0.15609391844674225,
      "improve_vs_mean_mae": 0.5069575854226538
    },
    "median": {
      "mae": 1.047248623571562,
      "rmse": 2.075651941192062,
      "r2": 0.25782435323546415,
      "improve_vs_zero_mae": 0.1629436841207459,
      "improve_vs_mean_mae": 0.5138073510966574
    },
    "stacked": {
      "mae": 1.015707314883282,
      "rmse": 2.0942664058802154,
      "r2": 0.24445298829580409,
      "improve_vs_zero_mae": 0.19448499280902576,
      "improve_vs_mean_mae": 0.5453486597849373
    }
  },
  "best_method": "stacked"
}