{
  "experiment": "loss_asymmetric_a2.0",
  "horizon": 1,
  "target_col": "points_next_gw",
  "holdout_season": "2024-25",
  "train_seasons": [
    "2016-17",
    "2017-18",
    "2018-19",
    "2019-20",
    "2020-21",
    "2021-22",
    "2022-23",
    "2023-24"
  ],
  "n_train": 185149,
  "n_test": 26000,
  "n_features": 116,
  "loss_function": "asymmetric_a2.0",
  "holdout": {
    "model": {
      "mae": 1.1944056402451897,
      "rmse": 2.131490164461999,
      "r2": 0.21735591800194065,
      "spearman_rho": 0.6512268761346887,
      "spearman_p": 0.0,
      "haul_mae": 6.726086645909659,
      "haul_count": 1317
    },
    "baselines": {
      "zero_baseline": {
        "mae": 1.2101923076923078,
        "rmse": 2.690574716987489,
        "r2": -0.24706116051447968
      },
      "mean_baseline": {
        "mean_value": 1.2749137181405246,
        "mae": 1.5610559746682193,
        "rmse": 2.4105980172721924,
        "r2": -0.001030314899999718
      }
    },
    "improvements": {
      "vs_zero": {
        "mae_improve": 0.015786667447118097,
        "rmse_improve": 0.5590845525254902,
        "r2_improve": 0.46441707851642033
      },
      "vs_mean": {
        "mae_improve": 0.36665033442302963,
        "rmse_improve": 0.27910785281019335,
        "r2_improve": 0.21838623290194037
      }
    }
  }
}