{
  "experiment": "hurdle_hard",
  "horizon": 2,
  "target_col": "points_gw_plus_2",
  "holdout_season": "2024-25",
  "train_seasons": [
    "2016-17",
    "2017-18",
    "2018-19",
    "2019-20",
    "2020-21",
    "2021-22",
    "2022-23",
    "2023-24"
  ],
  "n_train": 179486,
  "n_test": 25199,
  "n_features": 116,
  "n_played_train": 73339,
  "classifier_auc": 0.8709249777655265,
  "holdout": {
    "model": {
      "mae": 1.182520720856883,
      "rmse": 2.301842409954384,
      "r2": 0.08542753658259294,
      "spearman_rho": 0.5155975255979147,
      "spearman_p": 0.0,
      "haul_mae": 6.951459055215762,
      "haul_count": 1283
    },
    "baselines": {
      "zero_baseline": {
        "mae": 1.2115560141275448,
        "rmse": 2.6890225907845684,
        "r2": -0.24811857908342705
      },
      "mean_baseline": {
        "mean_value": 1.2761663862362524,
        "mae": 1.5631263041623418,
        "rmse": 2.4081856875056267,
        "r2": -0.0010295279037937366
      }
    },
    "improvements": {
      "vs_zero": {
        "mae_improve": 0.029035293270661677,
        "rmse_improve": 0.38718018083018446,
        "r2_improve": 0.33354611566602
      },
      "vs_mean": {
        "mae_improve": 0.3806055833054587,
        "rmse_improve": 0.10634327755124273,
        "r2_improve": 0.08645706448638668
      }
    }
  }
}