{
  "experiment": "loss_haul_weighted_b2.0",
  "horizon": 1,
  "target_col": "points_next_gw",
  "holdout_season": "2024-25",
  "train_seasons": [
    "2016-17",
    "2017-18",
    "2018-19",
    "2019-20",
    "2020-21",
    "2021-22",
    "2022-23",
    "2023-24"
  ],
  "n_train": 185149,
  "n_test": 26000,
  "n_features": 116,
  "loss_function": "haul_weighted_b2.0",
  "holdout": {
    "model": {
      "mae": 1.2175215201086511,
      "rmse": 2.145439315643488,
      "r2": 0.20707865405782333,
      "spearman_rho": 0.6546011369777582,
      "spearman_p": 0.0,
      "haul_mae": 6.422504985856676,
      "haul_count": 1317
    },
    "baselines": {
      "zero_baseline": {
        "mae": 1.2101923076923078,
        "rmse": 2.690574716987489,
        "r2": -0.24706116051447968
      },
      "mean_baseline": {
        "mean_value": 1.2749137181405246,
        "mae": 1.5610559746682193,
        "rmse": 2.4105980172721924,
        "r2": -0.001030314899999718
      }
    },
    "improvements": {
      "vs_zero": {
        "mae_improve": -0.0073292124163433225,
        "rmse_improve": 0.5451354013440013,
        "r2_improve": 0.454139814572303
      },
      "vs_mean": {
        "mae_improve": 0.3435344545595682,
        "rmse_improve": 0.2651587016287045,
        "r2_improve": 0.20810896895782305
      }
    }
  }
}