{
  "experiment": "loss_linex_a0.5",
  "horizon": 3,
  "target_col": "points_gw_plus_3",
  "holdout_season": "2024-25",
  "train_seasons": [
    "2016-17",
    "2017-18",
    "2018-19",
    "2019-20",
    "2020-21",
    "2021-22",
    "2022-23",
    "2023-24"
  ],
  "n_train": 173847,
  "n_test": 24398,
  "n_features": 116,
  "loss_function": "linex_a0.5",
  "holdout": {
    "model": {
      "mae": 1.0213940260400685,
      "rmse": 2.231448978315114,
      "r2": 0.13574856686344572,
      "spearman_rho": 0.6369049928702691,
      "spearman_p": 0.0,
      "haul_mae": 8.020381901323132,
      "haul_count": 1240
    },
    "baselines": {
      "zero_baseline": {
        "mae": 1.2099352405934913,
        "rmse": 2.6822457321041204,
        "r2": -0.24871495153871592
      },
      "mean_baseline": {
        "mean_value": 1.2765017515401473,
        "mae": 1.5627324263666775,
        "rmse": 2.401621722907022,
        "r2": -0.0010952304110218858
      }
    },
    "improvements": {
      "vs_zero": {
        "mae_improve": 0.18854121455342288,
        "rmse_improve": 0.4507967537890063,
        "r2_improve": 0.38446351840216164
      },
      "vs_mean": {
        "mae_improve": 0.5413384003266091,
        "rmse_improve": 0.17017274459190768,
        "r2_improve": 0.1368437972744676
      }
    }
  }
}