{
  "experiment": "loss_haul_weighted_b0.5",
  "horizon": 1,
  "target_col": "points_next_gw",
  "holdout_season": "2024-25",
  "train_seasons": [
    "2016-17",
    "2017-18",
    "2018-19",
    "2019-20",
    "2020-21",
    "2021-22",
    "2022-23",
    "2023-24"
  ],
  "n_train": 185149,
  "n_test": 26000,
  "n_features": 116,
  "loss_function": "haul_weighted_b0.5",
  "holdout": {
    "model": {
      "mae": 1.0965801238802635,
      "rmse": 2.1097587908788706,
      "r2": 0.23323328864703607,
      "spearman_rho": 0.6596597937693391,
      "spearman_p": 0.0,
      "haul_mae": 7.006530966914846,
      "haul_count": 1317
    },
    "baselines": {
      "zero_baseline": {
        "mae": 1.2101923076923078,
        "rmse": 2.690574716987489,
        "r2": -0.24706116051447968
      },
      "mean_baseline": {
        "mean_value": 1.2749137181405246,
        "mae": 1.5610559746682193,
        "rmse": 2.4105980172721924,
        "r2": -0.001030314899999718
      }
    },
    "improvements": {
      "vs_zero": {
        "mae_improve": 0.1136121838120443,
        "rmse_improve": 0.5808159261086185,
        "r2_improve": 0.48029444916151576
      },
      "vs_mean": {
        "mae_improve": 0.46447585078795584,
        "rmse_improve": 0.3008392263933217,
        "r2_improve": 0.2342636035470358
      }
    }
  }
}