{
  "experiment": "loss_haul_weighted_b0.5",
  "horizon": 2,
  "target_col": "points_gw_plus_2",
  "holdout_season": "2024-25",
  "train_seasons": [
    "2016-17",
    "2017-18",
    "2018-19",
    "2019-20",
    "2020-21",
    "2021-22",
    "2022-23",
    "2023-24"
  ],
  "n_train": 179486,
  "n_test": 25199,
  "n_features": 116,
  "loss_function": "haul_weighted_b0.5",
  "holdout": {
    "model": {
      "mae": 1.1265745739189494,
      "rmse": 2.100481367478995,
      "r2": 0.23843914409149436,
      "spearman_rho": 0.6430187951867268,
      "spearman_p": 0.0,
      "haul_mae": 6.836084283497603,
      "haul_count": 1283
    },
    "baselines": {
      "zero_baseline": {
        "mae": 1.2115560141275448,
        "rmse": 2.6890225907845684,
        "r2": -0.24811857908342705
      },
      "mean_baseline": {
        "mean_value": 1.2761663862362524,
        "mae": 1.5631263041623418,
        "rmse": 2.4081856875056267,
        "r2": -0.0010295279037937366
      }
    },
    "improvements": {
      "vs_zero": {
        "mae_improve": 0.08498144020859533,
        "rmse_improve": 0.5885412233055733,
        "r2_improve": 0.4865577231749214
      },
      "vs_mean": {
        "mae_improve": 0.43655173024339233,
        "rmse_improve": 0.3077043200266316,
        "r2_improve": 0.2394686719952881
      }
    }
  }
}