{
  "experiment": "loss_asymmetric_a3.0",
  "horizon": 3,
  "target_col": "points_gw_plus_3",
  "holdout_season": "2024-25",
  "train_seasons": [
    "2016-17",
    "2017-18",
    "2018-19",
    "2019-20",
    "2020-21",
    "2021-22",
    "2022-23",
    "2023-24"
  ],
  "n_train": 173847,
  "n_test": 24398,
  "n_features": 116,
  "loss_function": "asymmetric_a3.0",
  "holdout": {
    "model": {
      "mae": 1.443788494780804,
      "rmse": 2.2319656656813343,
      "r2": 0.1353482892862431,
      "spearman_rho": 0.6213351743292276,
      "spearman_p": 0.0,
      "haul_mae": 5.930754839126947,
      "haul_count": 1240
    },
    "baselines": {
      "zero_baseline": {
        "mae": 1.2099352405934913,
        "rmse": 2.6822457321041204,
        "r2": -0.24871495153871592
      },
      "mean_baseline": {
        "mean_value": 1.2765017515401473,
        "mae": 1.5627324263666775,
        "rmse": 2.401621722907022,
        "r2": -0.0010952304110218858
      }
    },
    "improvements": {
      "vs_zero": {
        "mae_improve": -0.23385325418731262,
        "rmse_improve": 0.4502800664227862,
        "r2_improve": 0.384063240824959
      },
      "vs_mean": {
        "mae_improve": 0.11894393158587357,
        "rmse_improve": 0.16965605722568755,
        "r2_improve": 0.13644351969726498
      }
    }
  }
}