{
  "experiment": "loss_haul_weighted_b1.0",
  "horizon": 1,
  "target_col": "points_next_gw",
  "holdout_season": "2024-25",
  "train_seasons": [
    "2016-17",
    "2017-18",
    "2018-19",
    "2019-20",
    "2020-21",
    "2021-22",
    "2022-23",
    "2023-24"
  ],
  "n_train": 185149,
  "n_test": 26000,
  "n_features": 116,
  "loss_function": "haul_weighted_b1.0",
  "holdout": {
    "model": {
      "mae": 1.1373376602411962,
      "rmse": 2.114595897389996,
      "r2": 0.22971328052335438,
      "spearman_rho": 0.6581127557835644,
      "spearman_p": 0.0,
      "haul_mae": 6.772906511447511,
      "haul_count": 1317
    },
    "baselines": {
      "zero_baseline": {
        "mae": 1.2101923076923078,
        "rmse": 2.690574716987489,
        "r2": -0.24706116051447968
      },
      "mean_baseline": {
        "mean_value": 1.2749137181405246,
        "mae": 1.5610559746682193,
        "rmse": 2.4105980172721924,
        "r2": -0.001030314899999718
      }
    },
    "improvements": {
      "vs_zero": {
        "mae_improve": 0.07285464745111159,
        "rmse_improve": 0.5759788195974931,
        "r2_improve": 0.47677444103783406
      },
      "vs_mean": {
        "mae_improve": 0.4237183144270231,
        "rmse_improve": 0.29600211988219627,
        "r2_improve": 0.2307435954233541
      }
    }
  }
}