{
  "stratified": {
    "mae_overall": 1.0232362828223585,
    "rmse_overall": 2.110062246948,
    "mae_played": 1.9164463307229607,
    "mae_not_played": 0.43327726408509754,
    "n_played": 10342,
    "n_not_played": 15658,
    "pct_played": 39.776923076923076,
    "mae_gk": 0.741437106032607,
    "mae_def": 0.9885837880597732,
    "mae_mid": 0.9843226728731017,
    "mae_fwd": 1.1377974705615435,
    "mae_high_return": 5.783514257001264,
    "n_high_return": 2359
  },
  "calibration": {
    "mean_predicted": 0.9380335932977536,
    "mean_actual": 1.197576923076923,
    "std_predicted": 0.9891276518294495,
    "std_actual": 2.4093571385342436,
    "correlation": 0.5031918978390584,
    "spearman_rho": 0.6702507264294693,
    "decile_mae": [
      0.038755397082712764,
      0.07775035399128986,
      0.1276805828369787,
      0.3155535001974711,
      0.7455623660621884,
      1.2002406937880659,
      1.4808530404090234,
      1.7775508181469961,
      1.9081256862279001,
      2.5603095934151296
    ]
  },
  "business": {
    "top1_accuracy": 0.08333333333333333,
    "top3_accuracy": 0.1388888888888889,
    "top5_accuracy": 0.16666666666666666,
    "optimal_captain_points": 654.0,
    "predicted_captain_points": 270.0,
    "captain_efficiency": 0.41284403669724773
  },
  "baselines": {
    "zero_mae": 1.2101923076923078,
    "mean_mae": 1.5198711568047334,
    "position_mean_mae": 1.4763101600280455,
    "played_cond_mean_mae": 0.8908602710381863
  }
}