{
  "model_name": "ablation_C",
  "config": "C",
  "config_name": "+ News (Guardian)",
  "data_path": "data/features/extended_with_news.csv",
  "holdout_season": "2024-25",
  "train_seasons": [
    "2016-17",
    "2017-18",
    "2018-19",
    "2019-20",
    "2020-21",
    "2021-22",
    "2022-23",
    "2023-24"
  ],
  "rows_train": 185149,
  "rows_test": 26000,
  "n_features": 113,
  "n_base_models": 6,
  "base_models": [
    "lgbm",
    "lgbm_v2",
    "rf",
    "ridge",
    "played_prob",
    "xgb"
  ],
  "meta_learner": {
    "method": "inv_mae",
    "oof_mae": 1.123451272042847,
    "detail": "1/MAE weights",
    "coefficients": {
      "lgbm": 0.16447786844202517,
      "lgbm_v2": 0.16739996561897297,
      "rf": 0.16677373716313454,
      "ridge": 0.1662009889926315,
      "played_prob": 0.17285974120145853,
      "xgb": 0.1622876985817772
    },
    "all_candidates": {
      "ridge_cv": {
        "oof_mae": 1.1653571050785863,
        "detail": "alpha=100.0",
        "coefficients": {
          "lgbm": -0.06251362112181091,
          "lgbm_v2": 0.2939554500347743,
          "rf": 0.2851308227016318,
          "ridge": 0.3416688542635935,
          "played_prob": 0.33286269344560937,
          "xgb": 0.054516554121862626
        }
      },
      "ridge_1.0": {
        "oof_mae": 1.1653234813218754,
        "detail": "alpha=1.0 (old default)",
        "coefficients": {
          "lgbm": -0.06436862072510363,
          "lgbm_v2": 0.29521749057219077,
          "rf": 0.28452314140973034,
          "ridge": 0.34096212244086377,
          "played_prob": 0.34177826300566466,
          "xgb": 0.05429941774113122
        }
      },
      "nnls": {
        "oof_mae": 1.175678708413721,
        "detail": "non-negative",
        "coefficients": {
          "lgbm": 0.0,
          "lgbm_v2": 0.24123115716412075,
          "rf": 0.28549066450245936,
          "ridge": 0.3506878861889677,
          "played_prob": 0.2508919410564614,
          "xgb": 0.04481538668498583
        }
      },
      "inv_mae": {
        "oof_mae": 1.123451272042847,
        "detail": "1/MAE weights",
        "coefficients": {
          "lgbm": 0.16447786844202517,
          "lgbm_v2": 0.16739996561897297,
          "rf": 0.16677373716313454,
          "ridge": 0.1662009889926315,
          "played_prob": 0.17285974120145853,
          "xgb": 0.1622876985817772
        }
      }
    }
  },
  "meta_coefficients": {
    "lgbm": 0.16447786844202517,
    "lgbm_v2": 0.16739996561897297,
    "rf": 0.16677373716313454,
    "ridge": 0.1662009889926315,
    "played_prob": 0.17285974120145853,
    "xgb": 0.1622876985817772
  },
  "feature_groups": {
    "baseline": 105,
    "injury_structured": 0,
    "injury_nlp": 0,
    "news": 7
  },
  "holdout": {
    "model": {
      "mae": 1.0232362828223585,
      "rmse": 2.110062246948,
      "r2": 0.23301269779382838
    },
    "baselines": {
      "zero_baseline": {
        "mae": 1.2101923076923078,
        "rmse": 2.690574716987489,
        "r2": -0.24706116051447968
      },
      "mean_baseline": {
        "mean_value": 1.2749137181405246,
        "mae": 1.5610559746682193,
        "rmse": 2.4105980172721924,
        "r2": -0.001030314899999718
      }
    },
    "improvements": {
      "vs_zero": {
        "mae_improve": 0.18695602486994933,
        "rmse_improve": 0.5805124700394892,
        "r2_improve": 0.48007385830830807
      },
      "vs_mean": {
        "mae_improve": 0.5378196918458609,
        "rmse_improve": 0.30053577032419243,
        "r2_improve": 0.2340430126938281
      }
    }
  },
  "all_methods": {
    "lgbm": {
      "mae": 1.061251427079145,
      "rmse": 2.127078429336403,
      "r2": 0.22059238152586846,
      "improve_vs_zero_mae": 0.14894088061316269,
      "improve_vs_mean_mae": 0.4998045475890742
    },
    "lgbm_v2": {
      "mae": 1.0547397901950981,
      "rmse": 2.1121379912635043,
      "r2": 0.23150292942275297,
      "improve_vs_zero_mae": 0.15545251749720967,
      "improve_vs_mean_mae": 0.5063161844731212
    },
    "rf": {
      "mae": 1.0869766265195135,
      "rmse": 2.082018541373534,
      "r2": 0.2532644536066616,
      "improve_vs_zero_mae": 0.12321568117279424,
      "improve_vs_mean_mae": 0.4740793481487058
    },
    "ridge": {
      "mae": 1.0652381195972116,
      "rmse": 2.1151568691205225,
      "r2": 0.2293045344450081,
      "improve_vs_zero_mae": 0.1449541880950962,
      "improve_vs_mean_mae": 0.49581785507100773
    },
    "played_prob": {
      "mae": 1.0895569569217296,
      "rmse": 2.4604395004507187,
      "r2": -0.04285282279707503,
      "improve_vs_zero_mae": 0.12063535077057819,
      "improve_vs_mean_mae": 0.4714990177464897
    },
    "xgb": {
      "mae": 1.1047378778457642,
      "rmse": 2.1018082145359784,
      "r2": 0.23900145292282104,
      "improve_vs_zero_mae": 0.10545442984654363,
      "improve_vs_mean_mae": 0.45631809682245517
    },
    "mean": {
      "mae": 1.0601500971128677,
      "rmse": 2.0858833589707495,
      "r2": 0.25048957409678285,
      "improve_vs_zero_mae": 0.15004221057944012,
      "improve_vs_mean_mae": 0.5009058775553517
    },
    "median": {
      "mae": 1.0553768533055643,
      "rmse": 2.0895512923022017,
      "r2": 0.24785129483297874,
      "improve_vs_zero_mae": 0.1548154543867435,
      "improve_vs_mean_mae": 0.505679121362655
    },
    "stacked": {
      "mae": 1.0232362828223585,
      "rmse": 2.110062246948,
      "r2": 0.23301269779382838,
      "improve_vs_zero_mae": 0.18695602486994933,
      "improve_vs_mean_mae": 0.5378196918458609
    }
  },
  "best_method": "stacked"
}