{
  "model_name": "lgbm_baseline_v1",
  "holdout_season": "2024-25",
  "cv_seasons": [
    "2016-17",
    "2017-18",
    "2018-19",
    "2019-20",
    "2020-21",
    "2021-22",
    "2022-23",
    "2023-24"
  ],
  "rows_train": 185149,
  "rows_test": 26000,
  "holdout": {
    "model": {
      "mae": 1.0596828234868847,
      "rmse": 2.126209958282633,
      "r2": 0.2212287048142808
    },
    "baselines": {
      "zero_baseline": {
        "mae": 1.2101923076923078,
        "rmse": 2.690574716987489,
        "r2": -0.24706116051447968
      },
      "mean_baseline": {
        "mean_value": 1.2749137181405246,
        "mae": 1.5610559746682193,
        "rmse": 2.4105980172721924,
        "r2": -0.001030314899999718
      }
    },
    "improvements": {
      "vs_zero": {
        "mae_improve": 0.1505094842054231,
        "rmse_improve": 0.5643647587048561,
        "r2_improve": 0.4682898653287605
      },
      "vs_mean": {
        "mae_improve": 0.5013731511813346,
        "rmse_improve": 0.2843880589895593,
        "r2_improve": 0.22225901971428053
      }
    }
  },
  "cv_summary": {
    "n_folds": 5,
    "mae_mean": 1.156292797459226,
    "mae_std": 0.10726338613059741,
    "rmse_mean": 2.1117385254469907,
    "r2_mean": 0.23501127846359368
  }
}