{
  "stratified": {
    "mae_overall": 1.0255076606173577,
    "rmse_overall": 2.102896581770982,
    "mae_played": 1.910815294983801,
    "mae_not_played": 0.4407681310083556,
    "n_played": 10342,
    "n_not_played": 15658,
    "pct_played": 39.776923076923076,
    "mae_gk": 0.7439068403140054,
    "mae_def": 0.9917610854992227,
    "mae_mid": 0.9872388161146737,
    "mae_fwd": 1.1438866324673589,
    "mae_high_return": 5.749365238301925,
    "n_high_return": 2359
  },
  "calibration": {
    "mean_predicted": 0.9496767388975347,
    "mean_actual": 1.197576923076923,
    "std_predicted": 0.996858546482368,
    "std_actual": 2.4093571385342436,
    "correlation": 0.5075404222749935,
    "spearman_rho": 0.6707047104326151,
    "decile_mae": [
      0.05318203590011524,
      0.07092774455017385,
      0.12463491516546914,
      0.32308802687104904,
      0.7201036209639915,
      1.1054370527757498,
      1.5686785873400377,
      1.7882785334061393,
      1.9202220812112836,
      2.580780474225869
    ]
  },
  "business": {
    "top1_accuracy": 0.05555555555555555,
    "top3_accuracy": 0.1388888888888889,
    "top5_accuracy": 0.2222222222222222,
    "optimal_captain_points": 654.0,
    "predicted_captain_points": 232.0,
    "captain_efficiency": 0.3547400611620795
  },
  "baselines": {
    "zero_mae": 1.2101923076923078,
    "mean_mae": 1.5198711568047334,
    "position_mean_mae": 1.4763101600280455,
    "played_cond_mean_mae": 0.8908602710381863
  }
}