{
  "model_name": "ablation_A",
  "config": "A",
  "config_name": "Baseline (FPL stats only)",
  "data_path": "data/features/extended_features.csv",
  "holdout_season": "2024-25",
  "train_seasons": [
    "2016-17",
    "2017-18",
    "2018-19",
    "2019-20",
    "2020-21",
    "2021-22",
    "2022-23",
    "2023-24"
  ],
  "rows_train": 185149,
  "rows_test": 26000,
  "n_features": 106,
  "n_base_models": 6,
  "base_models": [
    "lgbm",
    "lgbm_v2",
    "rf",
    "ridge",
    "played_prob",
    "xgb"
  ],
  "meta_learner": {
    "method": "inv_mae",
    "oof_mae": 1.1243248553342056,
    "detail": "1/MAE weights",
    "coefficients": {
      "lgbm": 0.1647963986054324,
      "lgbm_v2": 0.16742146865747337,
      "rf": 0.16677664982585627,
      "ridge": 0.16640708345979496,
      "played_prob": 0.17300862178512985,
      "xgb": 0.16158977766631324
    },
    "all_candidates": {
      "ridge_cv": {
        "oof_mae": 1.1662716279721619,
        "detail": "alpha=100.0",
        "coefficients": {
          "lgbm": 0.0417756481949727,
          "lgbm_v2": 0.1748655870497906,
          "rf": 0.31853207470286904,
          "ridge": 0.3672293638760209,
          "played_prob": 0.3093269121121267,
          "xgb": 0.017940499883579264
        }
      },
      "ridge_1.0": {
        "oof_mae": 1.1662502657804228,
        "detail": "alpha=1.0 (old default)",
        "coefficients": {
          "lgbm": 0.04121303970922239,
          "lgbm_v2": 0.17405018847912268,
          "rf": 0.3186070304535053,
          "ridge": 0.36710416001527096,
          "played_prob": 0.3173484973398093,
          "xgb": 0.017478047729598253
        }
      },
      "nnls": {
        "oof_mae": 1.1761450857656892,
        "detail": "non-negative",
        "coefficients": {
          "lgbm": 0.03857233835490551,
          "lgbm_v2": 0.18091451007796475,
          "rf": 0.3214712411655589,
          "ridge": 0.36806410744066115,
          "played_prob": 0.23572541336260386,
          "xgb": 0.01818653605133825
        }
      },
      "inv_mae": {
        "oof_mae": 1.1243248553342056,
        "detail": "1/MAE weights",
        "coefficients": {
          "lgbm": 0.1647963986054324,
          "lgbm_v2": 0.16742146865747337,
          "rf": 0.16677664982585627,
          "ridge": 0.16640708345979496,
          "played_prob": 0.17300862178512985,
          "xgb": 0.16158977766631324
        }
      }
    }
  },
  "meta_coefficients": {
    "lgbm": 0.1647963986054324,
    "lgbm_v2": 0.16742146865747337,
    "rf": 0.16677664982585627,
    "ridge": 0.16640708345979496,
    "played_prob": 0.17300862178512985,
    "xgb": 0.16158977766631324
  },
  "feature_groups": {
    "baseline": 105,
    "injury_structured": 0,
    "injury_nlp": 0,
    "news": 0
  },
  "holdout": {
    "model": {
      "mae": 1.0255076606173577,
      "rmse": 2.102896581770982,
      "r2": 0.2382131530739493
    },
    "baselines": {
      "zero_baseline": {
        "mae": 1.2101923076923078,
        "rmse": 2.690574716987489,
        "r2": -0.24706116051447968
      },
      "mean_baseline": {
        "mean_value": 1.2749137181405246,
        "mae": 1.5610559746682193,
        "rmse": 2.4105980172721924,
        "r2": -0.001030314899999718
      }
    },
    "improvements": {
      "vs_zero": {
        "mae_improve": 0.18468464707495014,
        "rmse_improve": 0.5876781352165072,
        "r2_improve": 0.485274313588429
      },
      "vs_mean": {
        "mae_improve": 0.5355483140508617,
        "rmse_improve": 0.30770143550121043,
        "r2_improve": 0.23924346797394902
      }
    }
  },
  "all_methods": {
    "lgbm": {
      "mae": 1.0596828234868847,
      "rmse": 2.126209958282633,
      "r2": 0.2212287048142808,
      "improve_vs_zero_mae": 0.1505094842054231,
      "improve_vs_mean_mae": 0.5013731511813346
    },
    "lgbm_v2": {
      "mae": 1.0537494273826016,
      "rmse": 2.1171856549599233,
      "r2": 0.2278253761527096,
      "improve_vs_zero_mae": 0.1564428803097062,
      "improve_vs_mean_mae": 0.5073065472856177
    },
    "rf": {
      "mae": 1.0896175283319012,
      "rmse": 2.0858801509399103,
      "r2": 0.2504918795475657,
      "improve_vs_zero_mae": 0.12057477936040661,
      "improve_vs_mean_mae": 0.47143844633631815
    },
    "ridge": {
      "mae": 1.0701134930501564,
      "rmse": 2.117471908404018,
      "r2": 0.22761655876566123,
      "improve_vs_zero_mae": 0.14007881464215144,
      "improve_vs_mean_mae": 0.490942481618063
    },
    "played_prob": {
      "mae": 1.087618708979814,
      "rmse": 2.456971461854279,
      "r2": -0.039915050934520524,
      "improve_vs_zero_mae": 0.12257359871249385,
      "improve_vs_mean_mae": 0.4734372656884054
    },
    "xgb": {
      "mae": 1.136313796043396,
      "rmse": 2.112942539789626,
      "r2": 0.2309173345565796,
      "improve_vs_zero_mae": 0.0738785116489118,
      "improve_vs_mean_mae": 0.42474217862482333
    },
    "mean": {
      "mae": 1.064181924019356,
      "rmse": 2.0790519199232342,
      "r2": 0.25539095093901776,
      "improve_vs_zero_mae": 0.14601038367295183,
      "improve_vs_mean_mae": 0.49687405064886336
    },
    "median": {
      "mae": 1.0575259640362447,
      "rmse": 2.0885766853655006,
      "r2": 0.24855276446813468,
      "improve_vs_zero_mae": 0.15266634365606313,
      "improve_vs_mean_mae": 0.5035300106319747
    },
    "stacked": {
      "mae": 1.0255076606173577,
      "rmse": 2.102896581770982,
      "r2": 0.2382131530739493,
      "improve_vs_zero_mae": 0.18468464707495014,
      "improve_vs_mean_mae": 0.5355483140508617
    }
  },
  "best_method": "stacked"
}