{
  "experiment": "loss_linex_a1.0",
  "horizon": 2,
  "target_col": "points_gw_plus_2",
  "holdout_season": "2024-25",
  "train_seasons": [
    "2016-17",
    "2017-18",
    "2018-19",
    "2019-20",
    "2020-21",
    "2021-22",
    "2022-23",
    "2023-24"
  ],
  "n_train": 179486,
  "n_test": 25199,
  "n_features": 116,
  "loss_function": "linex_a1.0",
  "holdout": {
    "model": {
      "mae": 5.1049784201156285,
      "rmse": 5.571792536356294,
      "r2": -4.358667630649706,
      "spearman_rho": 0.6497135367496667,
      "spearman_p": 0.0,
      "haul_mae": 12.807288356711888,
      "haul_count": 1283
    },
    "baselines": {
      "zero_baseline": {
        "mae": 1.2115560141275448,
        "rmse": 2.6890225907845684,
        "r2": -0.24811857908342705
      },
      "mean_baseline": {
        "mean_value": 1.2761663862362524,
        "mae": 1.5631263041623418,
        "rmse": 2.4081856875056267,
        "r2": -0.0010295279037937366
      }
    },
    "improvements": {
      "vs_zero": {
        "mae_improve": -3.8934224059880838,
        "rmse_improve": -2.8827699455717255,
        "r2_improve": -4.110549051566279
      },
      "vs_mean": {
        "mae_improve": -3.5418521159532865,
        "rmse_improve": -3.1636068488506672,
        "r2_improve": -4.357638102745913
      }
    }
  },
  "status": "unstable",
  "note": "Configuration loss_linex_a1.0 is unstable on GW+2 (horizon 2): MAE > 3 (5.10) and R^2 < 0 (-4.36), far worse than both baselines. This artifact is kept for diagnostic purposes and should be treated as clearly broken and excluded from --summary aggregations."
}