gameweek,model,element,predicted_points
4,config_d,426,3.8
4,config_d,399,3.58
4,config_d,411,3.3
4,config_d,567,3.22
4,config_d,106,3.17
4,config_d,12,3.16
4,config_d,572,3.14
4,config_d,154,3.13
4,config_d,15,3.1
4,config_d,165,3.09
4,config_d,264,3.04
4,config_d,26,3.03
4,config_d,1,2.99
4,config_d,198,2.99
4,config_d,226,2.98
4,config_d,384,2.97
4,config_d,40,2.93
4,config_d,109,2.92
4,config_d,68,2.91
4,config_d,204,2.89
4,config_d,28,2.88
4,config_d,127,2.86
4,config_d,385,2.85
4,config_d,250,2.85
4,config_d,124,2.83
4,config_d,427,2.8
4,config_d,115,2.79
4,config_d,249,2.79
4,config_d,569,2.78
4,config_d,564,2.75
4,config_d,397,2.72
4,config_d,4,2.7
4,config_d,533,2.7
4,config_d,544,2.69
4,config_d,230,2.69
4,config_d,82,2.68
4,config_d,379,2.68
4,config_d,649,2.66
4,config_d,258,2.63
4,config_d,86,2.63
4,config_d,597,2.63
4,config_d,305,2.63
4,config_d,557,2.63
4,config_d,529,2.62
4,config_d,350,2.62
4,config_d,532,2.61
4,config_d,346,2.6
4,config_d,277,2.59
4,config_d,504,2.59
4,config_d,412,2.59
4,config_d,449,2.58
4,config_d,261,2.58
4,config_d,591,2.57
4,config_d,57,2.56
4,config_d,116,2.54
4,config_d,237,2.54
4,config_d,447,2.53
4,config_d,398,2.52
4,config_d,643,2.51
4,config_d,279,2.51
4,config_d,13,2.5
4,config_d,60,2.5
4,config_d,110,2.49
4,config_d,586,2.49
4,config_d,268,2.49
4,config_d,536,2.48
4,config_d,295,2.47
4,config_d,605,2.46
4,config_d,390,2.46
4,config_d,8,2.46
4,config_d,467,2.46
4,config_d,334,2.45
4,config_d,202,2.45
4,config_d,156,2.45
4,config_d,464,2.45
4,config_d,545,2.45
4,config_d,233,2.45
4,config_d,338,2.43
4,config_d,214,2.43
4,config_d,242,2.42
4,config_d,393,2.42
4,config_d,236,2.41
4,config_d,454,2.41
4,config_d,166,2.4
4,config_d,368,2.39
4,config_d,367,2.36
4,config_d,593,2.36
4,config_d,553,2.35
4,config_d,290,2.35
4,config_d,96,2.34
4,config_d,98,2.33
4,config_d,114,2.32
4,config_d,391,2.31
4,config_d,423,2.31
4,config_d,210,2.31
4,config_d,474,2.31
4,config_d,542,2.31
4,config_d,282,2.3
4,config_d,481,2.3
4,config_d,229,2.29
4,config_d,366,2.28
4,config_d,598,2.28
4,config_d,200,2.27
4,config_d,244,2.27
4,config_d,211,2.27
4,config_d,480,2.25
4,config_d,471,2.25
4,config_d,67,2.25
4,config_d,304,2.23
4,config_d,429,2.23
4,config_d,94,2.23
4,config_d,280,2.23
4,config_d,10,2.21
4,config_d,552,2.19
4,config_d,445,2.18
4,config_d,570,2.18
4,config_d,79,2.18
4,config_d,259,2.17
4,config_d,401,2.17
4,config_d,472,2.17
4,config_d,486,2.17
4,config_d,388,2.16
4,config_d,496,2.16
4,config_d,332,2.15
4,config_d,453,2.15
4,config_d,87,2.14
4,config_d,182,2.13
4,config_d,145,2.11
4,config_d,112,2.1
4,config_d,469,2.1
4,config_d,503,2.1
4,config_d,551,2.1
4,config_d,455,2.1
4,config_d,315,2.09
4,config_d,183,2.09
4,config_d,428,2.08
4,config_d,148,2.08
4,config_d,335,2.08
4,config_d,70,2.08
4,config_d,203,2.07
4,config_d,514,2.07
4,config_d,257,2.06
4,config_d,432,2.06
4,config_d,69,2.06
4,config_d,566,2.06
4,config_d,418,2.05
4,config_d,47,2.04
4,config_d,36,2.03
4,config_d,565,2.03
4,config_d,362,2.03
4,config_d,316,2.03
4,config_d,173,2.02
4,config_d,61,2.02
4,config_d,483,2.02
4,config_d,286,2.02
4,config_d,541,2.02
4,config_d,417,2.01
4,config_d,155,2.01
4,config_d,175,1.99
4,config_d,41,1.99
4,config_d,330,1.99
4,config_d,7,1.97
4,config_d,579,1.97
4,config_d,460,1.96
4,config_d,356,1.94
4,config_d,45,1.92
4,config_d,267,1.9
4,config_d,246,1.9
4,config_d,31,1.89
4,config_d,492,1.89
4,config_d,377,1.89
4,config_d,138,1.88
4,config_d,184,1.88
4,config_d,247,1.88
4,config_d,176,1.88
4,config_d,499,1.88
4,config_d,534,1.87
4,config_d,254,1.86
4,config_d,153,1.85
4,config_d,306,1.84
4,config_d,129,1.82
4,config_d,43,1.82
4,config_d,224,1.81
4,config_d,46,1.81
4,config_d,419,1.8
4,config_d,588,1.79
4,config_d,161,1.78
4,config_d,37,1.76
4,config_d,358,1.76
4,config_d,64,1.76
4,config_d,51,1.75
4,config_d,313,1.75
4,config_d,473,1.75
4,config_d,619,1.73
4,config_d,253,1.72
4,config_d,562,1.71
4,config_d,113,1.71
4,config_d,327,1.69
4,config_d,142,1.67
4,config_d,88,1.65
4,config_d,501,1.64
4,config_d,589,1.64
4,config_d,580,1.63
4,config_d,459,1.62
4,config_d,32,1.62
4,config_d,123,1.61
4,config_d,627,1.59
4,config_d,33,1.58
4,config_d,269,1.57
4,config_d,91,1.57
4,config_d,345,1.57
4,config_d,372,1.56
4,config_d,644,1.55
4,config_d,491,1.53
4,config_d,456,1.53
4,config_d,73,1.53
4,config_d,347,1.52
4,config_d,195,1.52
4,config_d,405,1.49
4,config_d,239,1.49
4,config_d,519,1.48
4,config_d,403,1.47
4,config_d,558,1.46
4,config_d,506,1.45
4,config_d,502,1.45
4,config_d,95,1.44
4,config_d,576,1.44
4,config_d,415,1.44
4,config_d,265,1.44
4,config_d,105,1.43
4,config_d,336,1.42
4,config_d,516,1.42
4,config_d,190,1.38
4,config_d,151,1.38
4,config_d,439,1.37
4,config_d,11,1.35
4,config_d,93,1.33
4,config_d,167,1.31
4,config_d,642,1.3
4,config_d,371,1.29
4,config_d,260,1.25
4,config_d,575,1.24
4,config_d,71,1.24
4,config_d,512,1.23
4,config_d,337,1.21
4,config_d,387,1.21
4,config_d,525,1.18
4,config_d,209,1.17
4,config_d,186,1.16
4,config_d,640,1.15
4,config_d,104,1.15
4,config_d,238,1.15
4,config_d,84,1.13
4,config_d,331,1.1
4,config_d,144,1.09
4,config_d,119,1.08
4,config_d,222,1.07
4,config_d,594,1.06
4,config_d,162,1.06
4,config_d,635,1.05
4,config_d,309,1.04
4,config_d,19,1.04
4,config_d,585,1.04
4,config_d,201,1.03
4,config_d,616,1.02
4,config_d,395,1.02
4,config_d,255,1.0
4,config_d,320,1.0
4,config_d,498,0.99
4,config_d,592,0.99
4,config_d,90,0.97
4,config_d,634,0.97
4,config_d,194,0.96
4,config_d,16,0.94
4,config_d,34,0.93
4,config_d,422,0.92
4,config_d,357,0.91
4,config_d,271,0.91
4,config_d,522,0.91
4,config_d,9,0.89
4,config_d,583,0.87
4,config_d,102,0.85
4,config_d,125,0.82
4,config_d,490,0.82
4,config_d,638,0.81
4,config_d,262,0.8
4,config_d,289,0.79
4,config_d,578,0.79
4,config_d,149,0.77
4,config_d,29,0.76
4,config_d,596,0.75
4,config_d,323,0.74
4,config_d,241,0.74
4,config_d,188,0.74
4,config_d,369,0.73
4,config_d,646,0.73
4,config_d,17,0.73
4,config_d,462,0.73
4,config_d,488,0.72
4,config_d,457,0.72
4,config_d,14,0.7
4,config_d,160,0.7
4,config_d,577,0.69
4,config_d,212,0.69
4,config_d,52,0.66
4,config_d,611,0.64
4,config_d,617,0.63
4,config_d,600,0.62
4,config_d,130,0.6
4,config_d,25,0.6
4,config_d,157,0.59
4,config_d,539,0.59
4,config_d,406,0.59
4,config_d,420,0.59
4,config_d,74,0.58
4,config_d,621,0.58
4,config_d,523,0.57
4,config_d,563,0.57
4,config_d,42,0.57
4,config_d,526,0.57
4,config_d,421,0.57
4,config_d,56,0.54
4,config_d,108,0.52
4,config_d,263,0.52
4,config_d,450,0.51
4,config_d,452,0.51
4,config_d,520,0.5
4,config_d,97,0.49
4,config_d,375,0.49
4,config_d,547,0.49
4,config_d,243,0.48
4,config_d,72,0.48
4,config_d,389,0.46
4,config_d,329,0.46
4,config_d,608,0.46
4,config_d,381,0.46
4,config_d,584,0.45
4,config_d,207,0.45
4,config_d,81,0.45
4,config_d,159,0.44
4,config_d,647,0.44
4,config_d,308,0.43
4,config_d,285,0.43
4,config_d,185,0.42
4,config_d,548,0.42
4,config_d,559,0.42
4,config_d,75,0.41
4,config_d,478,0.41
4,config_d,135,0.41
4,config_d,622,0.4
4,config_d,287,0.4
4,config_d,54,0.4
4,config_d,136,0.39
4,config_d,549,0.38
4,config_d,595,0.38
4,config_d,321,0.38
4,config_d,89,0.37
4,config_d,568,0.37
4,config_d,364,0.37
4,config_d,328,0.37
4,config_d,535,0.37
4,config_d,343,0.37
4,config_d,556,0.36
4,config_d,76,0.36
4,config_d,574,0.36
4,config_d,396,0.35
4,config_d,581,0.35
4,config_d,446,0.35
4,config_d,463,0.35
4,config_d,294,0.34
4,config_d,461,0.34
4,config_d,339,0.34
4,config_d,35,0.34
4,config_d,435,0.34
4,config_d,515,0.33
4,config_d,543,0.33
4,config_d,140,0.33
4,config_d,465,0.32
4,config_d,639,0.32
4,config_d,164,0.32
4,config_d,493,0.31
4,config_d,240,0.31
4,config_d,487,0.31
4,config_d,228,0.29
4,config_d,482,0.28
4,config_d,527,0.27
4,config_d,573,0.24
4,config_d,631,0.24
4,config_d,38,0.23
4,config_d,223,0.22
4,config_d,620,0.21
4,config_d,628,0.21
4,config_d,615,0.21
4,config_d,636,0.2
4,config_d,626,0.2
4,config_d,654,0.2
4,config_d,430,0.2
4,config_d,281,0.2
4,config_d,120,0.19
4,config_d,2,0.19
4,config_d,614,0.19
4,config_d,630,0.19
4,config_d,126,0.19
4,config_d,20,0.19
4,config_d,117,0.19
4,config_d,613,0.19
4,config_d,3,0.19
4,config_d,648,0.19
4,config_d,653,0.19
4,config_d,645,0.19
4,config_d,629,0.18
4,config_d,100,0.18
4,config_d,625,0.18
4,config_d,623,0.18
4,config_d,652,0.18
4,config_d,92,0.18
4,config_d,303,0.18
4,config_d,134,0.18
4,config_d,232,0.18
4,config_d,231,0.18
4,config_d,101,0.18
4,config_d,612,0.17
4,config_d,340,0.17
4,config_d,245,0.17
4,config_d,62,0.17
4,config_d,288,0.17
4,config_d,324,0.17
4,config_d,284,0.17
4,config_d,609,0.17
4,config_d,571,0.17
4,config_d,256,0.17
4,config_d,111,0.17
4,config_d,107,0.17
4,config_d,392,0.17
4,config_d,650,0.17
4,config_d,386,0.16
4,config_d,587,0.16
4,config_d,637,0.16
4,config_d,476,0.16
4,config_d,179,0.16
4,config_d,178,0.16
4,config_d,444,0.16
4,config_d,83,0.16
4,config_d,66,0.16
4,config_d,606,0.16
4,config_d,221,0.16
4,config_d,651,0.16
4,config_d,270,0.16
4,config_d,296,0.16
4,config_d,272,0.16
4,config_d,292,0.16
4,config_d,641,0.16
4,config_d,633,0.16
4,config_d,227,0.16
4,config_d,302,0.16
4,config_d,301,0.16
4,config_d,300,0.16
4,config_d,603,0.16
4,config_d,361,0.15
4,config_d,170,0.15
4,config_d,424,0.15
4,config_d,158,0.15
4,config_d,442,0.15
4,config_d,443,0.15
4,config_d,374,0.15
4,config_d,604,0.15
4,config_d,251,0.15
4,config_d,189,0.15
4,config_d,273,0.15
4,config_d,489,0.15
4,config_d,601,0.15
4,config_d,50,0.15
4,config_d,550,0.15
4,config_d,5,0.15
4,config_d,187,0.15
4,config_d,561,0.15
4,config_d,218,0.15
4,config_d,213,0.15
4,config_d,217,0.15
4,config_d,599,0.15
4,config_d,219,0.15
4,config_d,169,0.14
4,config_d,434,0.14
4,config_d,560,0.14
4,config_d,610,0.14
4,config_d,468,0.14
4,config_d,382,0.14
4,config_d,355,0.14
4,config_d,510,0.14
4,config_d,437,0.14
4,config_d,438,0.14
4,config_d,440,0.14
4,config_d,441,0.14
4,config_d,531,0.14
4,config_d,555,0.14
4,config_d,352,0.14
4,config_d,199,0.14
4,config_d,58,0.14
4,config_d,351,0.14
4,config_d,172,0.14
4,config_d,147,0.14
4,config_d,378,0.14
4,config_d,509,0.14
4,config_d,508,0.14
4,config_d,325,0.14
4,config_d,590,0.14
4,config_d,524,0.13
4,config_d,248,0.13
4,config_d,206,0.12
4,config_d,495,0.12
4,config_d,497,0.12
4,config_d,6,0.11
4,config_d,152,0.11
4,config_d,21,0.1
4,config_d,78,0.08
4,config_d,122,0.08
4,config_d,632,0.07
4,config_d,416,0.06
4,config_d,208,0.06
4,config_d,380,0.06
4,config_d,131,0.05
4,config_d,370,0.05
4,config_d,618,0.05
4,config_d,139,0.05
4,config_d,121,0.05
4,config_d,85,0.04
4,config_d,310,0.04
4,config_d,63,0.04
4,config_d,458,0.04
4,config_d,318,0.04
4,config_d,65,0.03
4,config_d,278,0.03
4,config_d,274,0.03
4,config_d,103,0.03
4,config_d,448,0.03
4,config_d,77,0.03
4,config_d,582,0.02
4,config_d,297,0.02
4,config_d,150,0.02
4,config_d,400,0.02
4,config_d,359,0.02
4,config_d,317,0.02
4,config_d,193,0.02
4,config_d,177,0.01
4,config_d,624,0.01
4,config_d,383,0.01
4,config_d,431,0.01
4,config_d,22,0.01
4,config_d,53,0.0
4,config_d,505,0.0
4,config_d,59,0.0
4,config_d,23,0.0
4,config_d,24,0.0
4,config_d,507,0.0
4,config_d,500,0.0
4,config_d,546,0.0
4,config_d,511,0.0
4,config_d,298,0.0
4,config_d,299,0.0
4,config_d,18,0.0
4,config_d,319,0.0
4,config_d,220,0.0
4,config_d,373,0.0
4,config_d,494,0.0
4,config_d,27,0.0
4,config_d,513,0.0
4,config_d,30,0.0
4,config_d,540,0.0
4,config_d,528,0.0
4,config_d,49,0.0
4,config_d,530,0.0
4,config_d,48,0.0
4,config_d,311,0.0
4,config_d,312,0.0
4,config_d,55,0.0
4,config_d,44,0.0
4,config_d,39,0.0
4,config_d,293,0.0
4,config_d,521,0.0
4,config_d,607,0.0
4,config_d,518,0.0
4,config_d,517,0.0
4,config_d,537,0.0
4,config_d,314,0.0
4,config_d,538,0.0
4,config_d,291,0.0
4,config_d,307,0.0
4,config_d,402,0.0
4,config_d,333,0.0
4,config_d,80,0.0
4,config_d,451,0.0
4,config_d,353,0.0
4,config_d,141,0.0
4,config_d,354,0.0
4,config_d,143,0.0
4,config_d,146,0.0
4,config_d,436,0.0
4,config_d,433,0.0
4,config_d,234,0.0
4,config_d,163,0.0
4,config_d,425,0.0
4,config_d,394,0.0
4,config_d,168,0.0
4,config_d,197,0.0
4,config_d,360,0.0
4,config_d,171,0.0
4,config_d,414,0.0
4,config_d,413,0.0
4,config_d,174,0.0
4,config_d,196,0.0
4,config_d,363,0.0
4,config_d,365,0.0
4,config_d,180,0.0
4,config_d,181,0.0
4,config_d,192,0.0
4,config_d,410,0.0
4,config_d,409,0.0
4,config_d,408,0.0
4,config_d,407,0.0
4,config_d,191,0.0
4,config_d,235,0.0
4,config_d,205,0.0
4,config_d,322,0.0
4,config_d,349,0.0
4,config_d,554,0.0
4,config_d,283,0.0
4,config_d,602,0.0
4,config_d,216,0.0
4,config_d,276,0.0
4,config_d,275,0.0
4,config_d,485,0.0
4,config_d,484,0.0
4,config_d,99,0.0
4,config_d,326,0.0
4,config_d,215,0.0
4,config_d,479,0.0
4,config_d,477,0.0
4,config_d,404,0.0
4,config_d,475,0.0
4,config_d,225,0.0
4,config_d,266,0.0
4,config_d,470,0.0
4,config_d,118,0.0
4,config_d,341,0.0
4,config_d,342,0.0
4,config_d,344,0.0
4,config_d,128,0.0
4,config_d,376,0.0
4,config_d,133,0.0
4,config_d,466,0.0
4,config_d,252,0.0
4,config_d,348,0.0
4,config_d,137,0.0
4,config_d,132,0.0
4,baseline_tweedie,9,1.09
4,baseline_tweedie,160,0.95
4,baseline_tweedie,52,0.88
4,baseline_tweedie,233,0.85
4,baseline_tweedie,34,0.84
4,baseline_tweedie,578,0.82
4,baseline_tweedie,611,0.81
4,baseline_tweedie,596,0.79
4,baseline_tweedie,226,0.76
4,baseline_tweedie,567,0.74
4,baseline_tweedie,646,0.74
4,baseline_tweedie,263,0.72
4,baseline_tweedie,462,0.71
4,baseline_tweedie,384,0.71
4,baseline_tweedie,207,0.7
4,baseline_tweedie,116,0.7
4,baseline_tweedie,304,0.7
4,baseline_tweedie,262,0.69
4,baseline_tweedie,597,0.68
4,baseline_tweedie,548,0.68
4,baseline_tweedie,321,0.67
4,baseline_tweedie,389,0.66
4,baseline_tweedie,393,0.66
4,baseline_tweedie,230,0.65
4,baseline_tweedie,549,0.65
4,baseline_tweedie,457,0.64
4,baseline_tweedie,452,0.63
4,baseline_tweedie,381,0.63
4,baseline_tweedie,212,0.62
4,baseline_tweedie,447,0.61
4,baseline_tweedie,35,0.61
4,baseline_tweedie,306,0.61
4,baseline_tweedie,93,0.6
4,baseline_tweedie,14,0.6
4,baseline_tweedie,56,0.6
4,baseline_tweedie,159,0.6
4,baseline_tweedie,1,0.6
4,baseline_tweedie,11,0.59
4,baseline_tweedie,375,0.58
4,baseline_tweedie,535,0.58
4,baseline_tweedie,478,0.58
4,baseline_tweedie,574,0.57
4,baseline_tweedie,435,0.57
4,baseline_tweedie,445,0.57
4,baseline_tweedie,36,0.56
4,baseline_tweedie,635,0.56
4,baseline_tweedie,564,0.55
4,baseline_tweedie,82,0.55
4,baseline_tweedie,238,0.54
4,baseline_tweedie,25,0.54
4,baseline_tweedie,592,0.54
4,baseline_tweedie,135,0.54
4,baseline_tweedie,259,0.54
4,baseline_tweedie,8,0.53
4,baseline_tweedie,406,0.53
4,baseline_tweedie,621,0.53
4,baseline_tweedie,240,0.53
4,baseline_tweedie,74,0.53
4,baseline_tweedie,593,0.52
4,baseline_tweedie,385,0.52
4,baseline_tweedie,109,0.52
4,baseline_tweedie,496,0.52
4,baseline_tweedie,328,0.51
4,baseline_tweedie,638,0.51
4,baseline_tweedie,420,0.51
4,baseline_tweedie,54,0.51
4,baseline_tweedie,450,0.5
4,baseline_tweedie,267,0.5
4,baseline_tweedie,87,0.5
4,baseline_tweedie,490,0.5
4,baseline_tweedie,16,0.5
4,baseline_tweedie,229,0.5
4,baseline_tweedie,94,0.5
4,baseline_tweedie,4,0.49
4,baseline_tweedie,42,0.49
4,baseline_tweedie,418,0.49
4,baseline_tweedie,419,0.49
4,baseline_tweedie,90,0.49
4,baseline_tweedie,255,0.49
4,baseline_tweedie,616,0.48
4,baseline_tweedie,323,0.48
4,baseline_tweedie,579,0.48
4,baseline_tweedie,556,0.47
4,baseline_tweedie,583,0.47
4,baseline_tweedie,247,0.47
4,baseline_tweedie,482,0.47
4,baseline_tweedie,581,0.47
4,baseline_tweedie,151,0.47
4,baseline_tweedie,388,0.47
4,baseline_tweedie,572,0.46
4,baseline_tweedie,19,0.46
4,baseline_tweedie,334,0.46
4,baseline_tweedie,595,0.46
4,baseline_tweedie,627,0.46
4,baseline_tweedie,257,0.46
4,baseline_tweedie,338,0.46
4,baseline_tweedie,182,0.46
4,baseline_tweedie,584,0.46
4,baseline_tweedie,471,0.45
4,baseline_tweedie,536,0.45
4,baseline_tweedie,194,0.45
4,baseline_tweedie,474,0.45
4,baseline_tweedie,527,0.45
4,baseline_tweedie,268,0.45
4,baseline_tweedie,136,0.45
4,baseline_tweedie,585,0.45
4,baseline_tweedie,248,0.45
4,baseline_tweedie,529,0.45
4,baseline_tweedie,37,0.45
4,baseline_tweedie,520,0.45
4,baseline_tweedie,250,0.45
4,baseline_tweedie,76,0.45
4,baseline_tweedie,371,0.45
4,baseline_tweedie,432,0.45
4,baseline_tweedie,244,0.44
4,baseline_tweedie,350,0.44
4,baseline_tweedie,339,0.44
4,baseline_tweedie,487,0.44
4,baseline_tweedie,647,0.44
4,baseline_tweedie,390,0.44
4,baseline_tweedie,422,0.44
4,baseline_tweedie,396,0.44
4,baseline_tweedie,516,0.44
4,baseline_tweedie,456,0.44
4,baseline_tweedie,277,0.43
4,baseline_tweedie,198,0.43
4,baseline_tweedie,285,0.43
4,baseline_tweedie,469,0.43
4,baseline_tweedie,488,0.42
4,baseline_tweedie,305,0.42
4,baseline_tweedie,446,0.42
4,baseline_tweedie,453,0.42
4,baseline_tweedie,281,0.42
4,baseline_tweedie,522,0.42
4,baseline_tweedie,28,0.41
4,baseline_tweedie,642,0.41
4,baseline_tweedie,467,0.41
4,baseline_tweedie,622,0.41
4,baseline_tweedie,362,0.41
4,baseline_tweedie,164,0.41
4,baseline_tweedie,31,0.41
4,baseline_tweedie,253,0.41
4,baseline_tweedie,206,0.41
4,baseline_tweedie,75,0.41
4,baseline_tweedie,412,0.4
4,baseline_tweedie,533,0.4
4,baseline_tweedie,459,0.4
4,baseline_tweedie,332,0.4
4,baseline_tweedie,337,0.4
4,baseline_tweedie,600,0.4
4,baseline_tweedie,454,0.4
4,baseline_tweedie,539,0.39
4,baseline_tweedie,29,0.39
4,baseline_tweedie,265,0.39
4,baseline_tweedie,364,0.39
4,baseline_tweedie,559,0.39
4,baseline_tweedie,188,0.39
4,baseline_tweedie,175,0.38
4,baseline_tweedie,47,0.38
4,baseline_tweedie,455,0.38
4,baseline_tweedie,377,0.38
4,baseline_tweedie,541,0.38
4,baseline_tweedie,17,0.38
4,baseline_tweedie,580,0.38
4,baseline_tweedie,89,0.38
4,baseline_tweedie,78,0.37
4,baseline_tweedie,185,0.37
4,baseline_tweedie,634,0.37
4,baseline_tweedie,308,0.37
4,baseline_tweedie,200,0.37
4,baseline_tweedie,532,0.37
4,baseline_tweedie,77,0.37
4,baseline_tweedie,449,0.37
4,baseline_tweedie,493,0.37
4,baseline_tweedie,269,0.37
4,baseline_tweedie,594,0.37
4,baseline_tweedie,153,0.37
4,baseline_tweedie,356,0.36
4,baseline_tweedie,279,0.36
4,baseline_tweedie,613,0.36
4,baseline_tweedie,461,0.36
4,baseline_tweedie,640,0.36
4,baseline_tweedie,472,0.36
4,baseline_tweedie,577,0.36
4,baseline_tweedie,113,0.36
4,baseline_tweedie,102,0.36
4,baseline_tweedie,546,0.36
4,baseline_tweedie,144,0.36
4,baseline_tweedie,550,0.36
4,baseline_tweedie,57,0.36
4,baseline_tweedie,551,0.35
4,baseline_tweedie,246,0.35
4,baseline_tweedie,398,0.35
4,baseline_tweedie,498,0.35
4,baseline_tweedie,162,0.35
4,baseline_tweedie,258,0.35
4,baseline_tweedie,649,0.35
4,baseline_tweedie,271,0.35
4,baseline_tweedie,61,0.34
4,baseline_tweedie,65,0.34
4,baseline_tweedie,331,0.34
4,baseline_tweedie,501,0.34
4,baseline_tweedie,62,0.34
4,baseline_tweedie,32,0.34
4,baseline_tweedie,591,0.34
4,baseline_tweedie,568,0.34
4,baseline_tweedie,66,0.34
4,baseline_tweedie,358,0.34
4,baseline_tweedie,515,0.34
4,baseline_tweedie,309,0.34
4,baseline_tweedie,605,0.34
4,baseline_tweedie,586,0.34
4,baseline_tweedie,573,0.34
4,baseline_tweedie,63,0.34
4,baseline_tweedie,483,0.34
4,baseline_tweedie,460,0.33
4,baseline_tweedie,547,0.33
4,baseline_tweedie,280,0.33
4,baseline_tweedie,415,0.33
4,baseline_tweedie,411,0.33
4,baseline_tweedie,598,0.33
4,baseline_tweedie,96,0.33
4,baseline_tweedie,289,0.32
4,baseline_tweedie,286,0.32
4,baseline_tweedie,464,0.32
4,baseline_tweedie,458,0.32
4,baseline_tweedie,335,0.32
4,baseline_tweedie,209,0.32
4,baseline_tweedie,72,0.32
4,baseline_tweedie,451,0.32
4,baseline_tweedie,421,0.32
4,baseline_tweedie,609,0.32
4,baseline_tweedie,264,0.32
4,baseline_tweedie,558,0.32
4,baseline_tweedie,448,0.32
4,baseline_tweedie,119,0.32
4,baseline_tweedie,575,0.32
4,baseline_tweedie,503,0.32
4,baseline_tweedie,73,0.31
4,baseline_tweedie,589,0.31
4,baseline_tweedie,110,0.31
4,baseline_tweedie,296,0.31
4,baseline_tweedie,340,0.31
4,baseline_tweedie,343,0.31
4,baseline_tweedie,291,0.31
4,baseline_tweedie,243,0.31
4,baseline_tweedie,292,0.31
4,baseline_tweedie,315,0.31
4,baseline_tweedie,290,0.31
4,baseline_tweedie,645,0.31
4,baseline_tweedie,297,0.31
4,baseline_tweedie,502,0.31
4,baseline_tweedie,566,0.31
4,baseline_tweedie,288,0.31
4,baseline_tweedie,293,0.31
4,baseline_tweedie,15,0.31
4,baseline_tweedie,294,0.31
4,baseline_tweedie,563,0.31
4,baseline_tweedie,391,0.3
4,baseline_tweedie,173,0.3
4,baseline_tweedie,283,0.3
4,baseline_tweedie,184,0.3
4,baseline_tweedie,512,0.3
4,baseline_tweedie,284,0.3
4,baseline_tweedie,387,0.3
4,baseline_tweedie,138,0.3
4,baseline_tweedie,12,0.3
4,baseline_tweedie,369,0.3
4,baseline_tweedie,347,0.3
4,baseline_tweedie,278,0.3
4,baseline_tweedie,67,0.29
4,baseline_tweedie,466,0.29
4,baseline_tweedie,612,0.29
4,baseline_tweedie,86,0.29
4,baseline_tweedie,540,0.29
4,baseline_tweedie,313,0.29
4,baseline_tweedie,538,0.29
4,baseline_tweedie,71,0.29
4,baseline_tweedie,108,0.29
4,baseline_tweedie,203,0.29
4,baseline_tweedie,537,0.29
4,baseline_tweedie,130,0.29
4,baseline_tweedie,79,0.29
4,baseline_tweedie,426,0.28
4,baseline_tweedie,104,0.28
4,baseline_tweedie,261,0.28
4,baseline_tweedie,91,0.28
4,baseline_tweedie,97,0.28
4,baseline_tweedie,543,0.28
4,baseline_tweedie,33,0.28
4,baseline_tweedie,158,0.28
4,baseline_tweedie,163,0.28
4,baseline_tweedie,101,0.28
4,baseline_tweedie,222,0.28
4,baseline_tweedie,112,0.28
4,baseline_tweedie,145,0.28
4,baseline_tweedie,10,0.28
4,baseline_tweedie,570,0.27
4,baseline_tweedie,210,0.27
4,baseline_tweedie,557,0.27
4,baseline_tweedie,152,0.27
4,baseline_tweedie,146,0.27
4,baseline_tweedie,21,0.27
4,baseline_tweedie,157,0.27
4,baseline_tweedie,143,0.27
4,baseline_tweedie,561,0.27
4,baseline_tweedie,504,0.27
4,baseline_tweedie,176,0.27
4,baseline_tweedie,127,0.27
4,baseline_tweedie,239,0.27
4,baseline_tweedie,98,0.27
4,baseline_tweedie,245,0.27
4,baseline_tweedie,397,0.27
4,baseline_tweedie,654,0.27
4,baseline_tweedie,150,0.27
4,baseline_tweedie,124,0.26
4,baseline_tweedie,125,0.26
4,baseline_tweedie,232,0.26
4,baseline_tweedie,26,0.26
4,baseline_tweedie,235,0.26
4,baseline_tweedie,49,0.26
4,baseline_tweedie,50,0.26
4,baseline_tweedie,48,0.26
4,baseline_tweedie,395,0.26
4,baseline_tweedie,607,0.26
4,baseline_tweedie,631,0.26
4,baseline_tweedie,231,0.26
4,baseline_tweedie,88,0.26
4,baseline_tweedie,234,0.26
4,baseline_tweedie,44,0.26
4,baseline_tweedie,618,0.26
4,baseline_tweedie,168,0.26
4,baseline_tweedie,201,0.26
4,baseline_tweedie,53,0.26
4,baseline_tweedie,169,0.26
4,baseline_tweedie,170,0.26
4,baseline_tweedie,442,0.25
4,baseline_tweedie,64,0.25
4,baseline_tweedie,428,0.25
4,baseline_tweedie,7,0.25
4,baseline_tweedie,13,0.25
4,baseline_tweedie,531,0.25
4,baseline_tweedie,443,0.25
4,baseline_tweedie,444,0.25
4,baseline_tweedie,608,0.25
4,baseline_tweedie,463,0.25
4,baseline_tweedie,336,0.25
4,baseline_tweedie,105,0.25
4,baseline_tweedie,565,0.25
4,baseline_tweedie,530,0.25
4,baseline_tweedie,560,0.25
4,baseline_tweedie,256,0.25
4,baseline_tweedie,295,0.25
4,baseline_tweedie,643,0.25
4,baseline_tweedie,266,0.25
4,baseline_tweedie,51,0.25
4,baseline_tweedie,195,0.25
4,baseline_tweedie,650,0.25
4,baseline_tweedie,636,0.25
4,baseline_tweedie,149,0.25
4,baseline_tweedie,626,0.25
4,baseline_tweedie,617,0.25
4,baseline_tweedie,610,0.25
4,baseline_tweedie,270,0.25
4,baseline_tweedie,141,0.25
4,baseline_tweedie,569,0.25
4,baseline_tweedie,161,0.24
4,baseline_tweedie,241,0.24
4,baseline_tweedie,619,0.24
4,baseline_tweedie,237,0.24
4,baseline_tweedie,316,0.24
4,baseline_tweedie,327,0.24
4,baseline_tweedie,399,0.24
4,baseline_tweedie,282,0.24
4,baseline_tweedie,115,0.24
4,baseline_tweedie,544,0.24
4,baseline_tweedie,166,0.24
4,baseline_tweedie,632,0.23
4,baseline_tweedie,59,0.23
4,baseline_tweedie,221,0.23
4,baseline_tweedie,84,0.23
4,baseline_tweedie,615,0.23
4,baseline_tweedie,236,0.23
4,baseline_tweedie,637,0.23
4,baseline_tweedie,81,0.23
4,baseline_tweedie,219,0.23
4,baseline_tweedie,653,0.23
4,baseline_tweedie,628,0.23
4,baseline_tweedie,68,0.23
4,baseline_tweedie,439,0.23
4,baseline_tweedie,481,0.23
4,baseline_tweedie,410,0.23
4,baseline_tweedie,409,0.23
4,baseline_tweedie,408,0.23
4,baseline_tweedie,407,0.23
4,baseline_tweedie,404,0.23
4,baseline_tweedie,402,0.23
4,baseline_tweedie,400,0.23
4,baseline_tweedie,208,0.23
4,baseline_tweedie,215,0.23
4,baseline_tweedie,216,0.23
4,baseline_tweedie,217,0.23
4,baseline_tweedie,218,0.23
4,baseline_tweedie,213,0.23
4,baseline_tweedie,58,0.23
4,baseline_tweedie,129,0.23
4,baseline_tweedie,311,0.23
4,baseline_tweedie,318,0.23
4,baseline_tweedie,319,0.23
4,baseline_tweedie,114,0.23
4,baseline_tweedie,310,0.23
4,baseline_tweedie,322,0.23
4,baseline_tweedie,324,0.23
4,baseline_tweedie,298,0.23
4,baseline_tweedie,299,0.23
4,baseline_tweedie,314,0.23
4,baseline_tweedie,312,0.23
4,baseline_tweedie,562,0.23
4,baseline_tweedie,571,0.23
4,baseline_tweedie,602,0.23
4,baseline_tweedie,317,0.23
4,baseline_tweedie,274,0.22
4,baseline_tweedie,140,0.22
4,baseline_tweedie,394,0.22
4,baseline_tweedie,510,0.22
4,baseline_tweedie,601,0.22
4,baseline_tweedie,60,0.22
4,baseline_tweedie,509,0.22
4,baseline_tweedie,508,0.22
4,baseline_tweedie,254,0.22
4,baseline_tweedie,518,0.22
4,baseline_tweedie,524,0.22
4,baseline_tweedie,507,0.22
4,baseline_tweedie,41,0.22
4,baseline_tweedie,517,0.22
4,baseline_tweedie,521,0.22
4,baseline_tweedie,275,0.22
4,baseline_tweedie,186,0.22
4,baseline_tweedie,392,0.22
4,baseline_tweedie,588,0.22
4,baseline_tweedie,513,0.22
4,baseline_tweedie,147,0.22
4,baseline_tweedie,273,0.22
4,baseline_tweedie,511,0.22
4,baseline_tweedie,227,0.22
4,baseline_tweedie,500,0.22
4,baseline_tweedie,228,0.22
4,baseline_tweedie,505,0.22
4,baseline_tweedie,276,0.22
4,baseline_tweedie,205,0.21
4,baseline_tweedie,606,0.21
4,baseline_tweedie,214,0.21
4,baseline_tweedie,39,0.21
4,baseline_tweedie,38,0.21
4,baseline_tweedie,379,0.21
4,baseline_tweedie,69,0.21
4,baseline_tweedie,372,0.21
4,baseline_tweedie,330,0.21
4,baseline_tweedie,220,0.21
4,baseline_tweedie,30,0.21
4,baseline_tweedie,576,0.21
4,baseline_tweedie,630,0.21
4,baseline_tweedie,633,0.21
4,baseline_tweedie,427,0.21
4,baseline_tweedie,80,0.21
4,baseline_tweedie,192,0.2
4,baseline_tweedie,27,0.2
4,baseline_tweedie,307,0.2
4,baseline_tweedie,303,0.2
4,baseline_tweedie,534,0.2
4,baseline_tweedie,191,0.2
4,baseline_tweedie,480,0.2
4,baseline_tweedie,189,0.2
4,baseline_tweedie,506,0.2
4,baseline_tweedie,187,0.2
4,baseline_tweedie,644,0.2
4,baseline_tweedie,555,0.2
4,baseline_tweedie,370,0.2
4,baseline_tweedie,45,0.2
4,baseline_tweedie,20,0.2
4,baseline_tweedie,18,0.2
4,baseline_tweedie,260,0.2
4,baseline_tweedie,24,0.2
4,baseline_tweedie,367,0.2
4,baseline_tweedie,368,0.2
4,baseline_tweedie,373,0.2
4,baseline_tweedie,374,0.2
4,baseline_tweedie,22,0.2
4,baseline_tweedie,376,0.2
4,baseline_tweedie,378,0.2
4,baseline_tweedie,383,0.2
4,baseline_tweedie,202,0.2
4,baseline_tweedie,199,0.2
4,baseline_tweedie,23,0.2
4,baseline_tweedie,525,0.19
4,baseline_tweedie,485,0.19
4,baseline_tweedie,484,0.19
4,baseline_tweedie,497,0.19
4,baseline_tweedie,489,0.19
4,baseline_tweedie,429,0.19
4,baseline_tweedie,495,0.19
4,baseline_tweedie,473,0.19
4,baseline_tweedie,494,0.19
4,baseline_tweedie,542,0.19
4,baseline_tweedie,651,0.19
4,baseline_tweedie,100,0.19
4,baseline_tweedie,148,0.19
4,baseline_tweedie,249,0.19
4,baseline_tweedie,46,0.19
4,baseline_tweedie,211,0.19
4,baseline_tweedie,99,0.19
4,baseline_tweedie,43,0.19
4,baseline_tweedie,103,0.19
4,baseline_tweedie,132,0.18
4,baseline_tweedie,363,0.18
4,baseline_tweedie,361,0.18
4,baseline_tweedie,360,0.18
4,baseline_tweedie,359,0.18
4,baseline_tweedie,126,0.18
4,baseline_tweedie,128,0.18
4,baseline_tweedie,242,0.18
4,baseline_tweedie,133,0.18
4,baseline_tweedie,121,0.18
4,baseline_tweedie,134,0.18
4,baseline_tweedie,624,0.18
4,baseline_tweedie,639,0.18
4,baseline_tweedie,519,0.18
4,baseline_tweedie,652,0.18
4,baseline_tweedie,122,0.18
4,baseline_tweedie,365,0.18
4,baseline_tweedie,499,0.18
4,baseline_tweedie,587,0.18
4,baseline_tweedie,5,0.18
4,baseline_tweedie,6,0.18
4,baseline_tweedie,70,0.18
4,baseline_tweedie,85,0.18
4,baseline_tweedie,251,0.18
4,baseline_tweedie,92,0.18
4,baseline_tweedie,106,0.18
4,baseline_tweedie,620,0.18
4,baseline_tweedie,252,0.18
4,baseline_tweedie,155,0.18
4,baseline_tweedie,386,0.18
4,baseline_tweedie,190,0.18
4,baseline_tweedie,204,0.18
4,baseline_tweedie,476,0.17
4,baseline_tweedie,470,0.17
4,baseline_tweedie,329,0.17
4,baseline_tweedie,178,0.17
4,baseline_tweedie,475,0.17
4,baseline_tweedie,179,0.17
4,baseline_tweedie,180,0.17
4,baseline_tweedie,479,0.17
4,baseline_tweedie,181,0.17
4,baseline_tweedie,174,0.17
4,baseline_tweedie,477,0.17
4,baseline_tweedie,177,0.17
4,baseline_tweedie,491,0.17
4,baseline_tweedie,156,0.17
4,baseline_tweedie,353,0.17
4,baseline_tweedie,545,0.17
4,baseline_tweedie,117,0.17
4,baseline_tweedie,118,0.17
4,baseline_tweedie,120,0.17
4,baseline_tweedie,354,0.17
4,baseline_tweedie,355,0.17
4,baseline_tweedie,352,0.17
4,baseline_tweedie,423,0.17
4,baseline_tweedie,523,0.17
4,baseline_tweedie,614,0.17
4,baseline_tweedie,346,0.17
4,baseline_tweedie,351,0.17
4,baseline_tweedie,40,0.16
4,baseline_tweedie,526,0.16
4,baseline_tweedie,403,0.16
4,baseline_tweedie,111,0.16
4,baseline_tweedie,95,0.16
4,baseline_tweedie,552,0.16
4,baseline_tweedie,287,0.16
4,baseline_tweedie,225,0.16
4,baseline_tweedie,300,0.16
4,baseline_tweedie,405,0.16
4,baseline_tweedie,366,0.16
4,baseline_tweedie,345,0.16
4,baseline_tweedie,554,0.16
4,baseline_tweedie,302,0.16
4,baseline_tweedie,301,0.16
4,baseline_tweedie,465,0.16
4,baseline_tweedie,272,0.16
4,baseline_tweedie,131,0.15
4,baseline_tweedie,431,0.15
4,baseline_tweedie,357,0.15
4,baseline_tweedie,438,0.15
4,baseline_tweedie,142,0.15
4,baseline_tweedie,437,0.15
4,baseline_tweedie,514,0.15
4,baseline_tweedie,154,0.15
4,baseline_tweedie,436,0.15
4,baseline_tweedie,434,0.15
4,baseline_tweedie,433,0.15
4,baseline_tweedie,139,0.15
4,baseline_tweedie,137,0.15
4,baseline_tweedie,430,0.15
4,baseline_tweedie,83,0.15
4,baseline_tweedie,582,0.15
4,baseline_tweedie,55,0.15
4,baseline_tweedie,401,0.15
4,baseline_tweedie,2,0.15
4,baseline_tweedie,3,0.15
4,baseline_tweedie,416,0.14
4,baseline_tweedie,425,0.14
4,baseline_tweedie,424,0.14
4,baseline_tweedie,382,0.14
4,baseline_tweedie,380,0.14
4,baseline_tweedie,486,0.14
4,baseline_tweedie,599,0.14
4,baseline_tweedie,528,0.14
4,baseline_tweedie,590,0.14
4,baseline_tweedie,197,0.14
4,baseline_tweedie,196,0.14
4,baseline_tweedie,193,0.14
4,baseline_tweedie,468,0.14
4,baseline_tweedie,342,0.13
4,baseline_tweedie,107,0.13
4,baseline_tweedie,165,0.13
4,baseline_tweedie,333,0.13
4,baseline_tweedie,223,0.13
4,baseline_tweedie,344,0.13
4,baseline_tweedie,603,0.13
4,baseline_tweedie,320,0.13
4,baseline_tweedie,341,0.13
4,baseline_tweedie,553,0.13
4,baseline_tweedie,648,0.13
4,baseline_tweedie,641,0.13
4,baseline_tweedie,604,0.13
4,baseline_tweedie,183,0.12
4,baseline_tweedie,224,0.12
4,baseline_tweedie,123,0.12
4,baseline_tweedie,167,0.11
4,baseline_tweedie,171,0.11
4,baseline_tweedie,623,0.11
4,baseline_tweedie,417,0.11
4,baseline_tweedie,172,0.11
4,baseline_tweedie,441,0.1
4,baseline_tweedie,440,0.1
4,baseline_tweedie,325,0.09
4,baseline_tweedie,326,0.09
4,baseline_tweedie,413,0.09
4,baseline_tweedie,414,0.09
4,baseline_tweedie,629,0.09
4,baseline_tweedie,492,0.09
4,baseline_tweedie,625,0.09
4,baseline_tweedie,349,0.08
4,baseline_tweedie,348,0.08
4,baseline,12,4.69
4,baseline,15,4.65
4,baseline,26,4.23
4,baseline,399,4.22
4,baseline,264,4.14
4,baseline,411,4.03
4,baseline,165,3.71
4,baseline,68,3.52
4,baseline,249,3.51
4,baseline,427,3.4
4,baseline,398,3.22
4,baseline,397,3.2
4,baseline,569,3.12
4,baseline,426,3.09
4,baseline,557,3.09
4,baseline,115,3.08
4,baseline,1,3.08
4,baseline,154,3.05
4,baseline,40,3.04
4,baseline,10,2.98
4,baseline,379,2.96
4,baseline,13,2.86
4,baseline,258,2.84
4,baseline,305,2.82
4,baseline,454,2.82
4,baseline,412,2.76
4,baseline,464,2.71
4,baseline,384,2.7
4,baseline,391,2.63
4,baseline,367,2.62
4,baseline,57,2.61
4,baseline,8,2.6
4,baseline,226,2.59
4,baseline,4,2.53
4,baseline,173,2.52
4,baseline,106,2.51
4,baseline,532,2.5
4,baseline,230,2.48
4,baseline,567,2.44
4,baseline,233,2.43
4,baseline,471,2.42
4,baseline,60,2.4
4,baseline,449,2.39
4,baseline,204,2.36
4,baseline,86,2.36
4,baseline,467,2.35
4,baseline,94,2.34
4,baseline,496,2.34
4,baseline,268,2.34
4,baseline,112,2.33
4,baseline,390,2.32
4,baseline,593,2.32
4,baseline,109,2.29
4,baseline,261,2.28
4,baseline,350,2.25
4,baseline,242,2.25
4,baseline,514,2.24
4,baseline,110,2.23
4,baseline,564,2.22
4,baseline,388,2.22
4,baseline,265,2.19
4,baseline,346,2.17
4,baseline,236,2.17
4,baseline,124,2.16
4,baseline,552,2.16
4,baseline,418,2.14
4,baseline,82,2.13
4,baseline,469,2.11
4,baseline,200,2.11
4,baseline,453,2.1
4,baseline,447,2.09
4,baseline,7,2.05
4,baseline,127,2.04
4,baseline,486,1.97
4,baseline,533,1.95
4,baseline,182,1.93
4,baseline,335,1.92
4,baseline,377,1.92
4,baseline,145,1.91
4,baseline,229,1.91
4,baseline,529,1.9
4,baseline,541,1.89
4,baseline,542,1.89
4,baseline,432,1.87
4,baseline,534,1.86
4,baseline,544,1.86
4,baseline,156,1.86
4,baseline,166,1.85
4,baseline,474,1.85
4,baseline,96,1.85
4,baseline,572,1.85
4,baseline,244,1.85
4,baseline,175,1.84
4,baseline,545,1.8
4,baseline,536,1.78
4,baseline,605,1.78
4,baseline,393,1.77
4,baseline,591,1.77
4,baseline,551,1.76
4,baseline,481,1.76
4,baseline,472,1.74
4,baseline,362,1.73
4,baseline,368,1.7
4,baseline,480,1.7
4,baseline,211,1.69
4,baseline,570,1.67
4,baseline,176,1.67
4,baseline,566,1.65
4,baseline,366,1.65
4,baseline,423,1.64
4,baseline,334,1.64
4,baseline,445,1.64
4,baseline,499,1.63
4,baseline,64,1.63
4,baseline,356,1.6
4,baseline,304,1.6
4,baseline,428,1.59
4,baseline,43,1.59
4,baseline,385,1.58
4,baseline,61,1.57
4,baseline,588,1.57
4,baseline,250,1.56
4,baseline,247,1.56
4,baseline,198,1.56
4,baseline,161,1.56
4,baseline,649,1.55
4,baseline,246,1.54
4,baseline,295,1.54
4,baseline,316,1.53
4,baseline,565,1.53
4,baseline,635,1.53
4,baseline,280,1.52
4,baseline,98,1.52
4,baseline,417,1.48
4,baseline,279,1.48
4,baseline,11,1.47
4,baseline,28,1.46
4,baseline,501,1.46
4,baseline,286,1.45
4,baseline,183,1.44
4,baseline,619,1.43
4,baseline,306,1.43
4,baseline,504,1.42
4,baseline,580,1.42
4,baseline,455,1.42
4,baseline,597,1.41
4,baseline,598,1.41
4,baseline,332,1.41
4,baseline,190,1.41
4,baseline,36,1.41
4,baseline,643,1.41
4,baseline,330,1.39
4,baseline,259,1.38
4,baseline,31,1.38
4,baseline,116,1.37
4,baseline,51,1.36
4,baseline,184,1.36
4,baseline,237,1.35
4,baseline,358,1.34
4,baseline,151,1.34
4,baseline,142,1.34
4,baseline,315,1.31
4,baseline,123,1.31
4,baseline,642,1.3
4,baseline,419,1.28
4,baseline,119,1.27
4,baseline,429,1.26
4,baseline,290,1.26
4,baseline,16,1.26
4,baseline,347,1.26
4,baseline,269,1.26
4,baseline,167,1.25
4,baseline,627,1.25
4,baseline,113,1.25
4,baseline,562,1.24
4,baseline,148,1.24
4,baseline,576,1.24
4,baseline,338,1.24
4,baseline,502,1.24
4,baseline,88,1.23
4,baseline,483,1.23
4,baseline,473,1.23
4,baseline,439,1.22
4,baseline,553,1.22
4,baseline,32,1.2
4,baseline,155,1.19
4,baseline,214,1.18
4,baseline,253,1.16
4,baseline,282,1.16
4,baseline,422,1.15
4,baseline,415,1.15
4,baseline,34,1.14
4,baseline,144,1.13
4,baseline,401,1.12
4,baseline,558,1.12
4,baseline,457,1.11
4,baseline,239,1.11
4,baseline,87,1.1
4,baseline,516,1.1
4,baseline,37,1.1
4,baseline,248,1.09
4,baseline,212,1.09
4,baseline,503,1.08
4,baseline,74,1.07
4,baseline,586,1.07
4,baseline,46,1.07
4,baseline,371,1.05
4,baseline,646,1.05
4,baseline,490,1.05
4,baseline,70,1.04
4,baseline,203,1.04
4,baseline,262,1.03
4,baseline,616,1.03
4,baseline,25,1.03
4,baseline,69,1.03
4,baseline,52,1.03
4,baseline,102,1.02
4,baseline,579,1.02
4,baseline,634,1.01
4,baseline,460,1.01
4,baseline,578,1.01
4,baseline,114,1.0
4,baseline,9,0.99
4,baseline,267,0.99
4,baseline,596,0.97
4,baseline,162,0.97
4,baseline,254,0.96
4,baseline,405,0.96
4,baseline,644,0.96
4,baseline,160,0.96
4,baseline,19,0.95
4,baseline,153,0.95
4,baseline,263,0.95
4,baseline,420,0.93
4,baseline,129,0.93
4,baseline,357,0.93
4,baseline,281,0.92
4,baseline,84,0.91
4,baseline,71,0.91
4,baseline,592,0.91
4,baseline,459,0.9
4,baseline,589,0.9
4,baseline,67,0.9
4,baseline,257,0.9
4,baseline,585,0.9
4,baseline,525,0.89
4,baseline,79,0.88
4,baseline,456,0.88
4,baseline,260,0.87
4,baseline,14,0.87
4,baseline,75,0.87
4,baseline,209,0.87
4,baseline,327,0.87
4,baseline,548,0.86
4,baseline,308,0.86
4,baseline,135,0.86
4,baseline,17,0.85
4,baseline,130,0.85
4,baseline,202,0.85
4,baseline,41,0.84
4,baseline,381,0.84
4,baseline,375,0.84
4,baseline,313,0.84
4,baseline,506,0.83
4,baseline,76,0.83
4,baseline,403,0.83
4,baseline,462,0.83
4,baseline,638,0.83
4,baseline,238,0.83
4,baseline,535,0.82
4,baseline,452,0.82
4,baseline,512,0.82
4,baseline,549,0.81
4,baseline,207,0.81
4,baseline,277,0.81
4,baseline,583,0.81
4,baseline,584,0.81
4,baseline,435,0.81
4,baseline,47,0.8
4,baseline,93,0.8
4,baseline,559,0.8
4,baseline,595,0.8
4,baseline,285,0.79
4,baseline,574,0.79
4,baseline,138,0.79
4,baseline,90,0.79
4,baseline,81,0.79
4,baseline,321,0.78
4,baseline,478,0.77
4,baseline,73,0.77
4,baseline,446,0.77
4,baseline,336,0.77
4,baseline,611,0.77
4,baseline,406,0.77
4,baseline,35,0.76
4,baseline,498,0.76
4,baseline,210,0.76
4,baseline,108,0.76
4,baseline,194,0.75
4,baseline,125,0.75
4,baseline,640,0.75
4,baseline,577,0.75
4,baseline,608,0.74
4,baseline,56,0.74
4,baseline,222,0.74
4,baseline,488,0.74
4,baseline,450,0.74
4,baseline,364,0.74
4,baseline,159,0.74
4,baseline,323,0.74
4,baseline,54,0.73
4,baseline,600,0.73
4,baseline,42,0.73
4,baseline,621,0.73
4,baseline,185,0.73
4,baseline,647,0.73
4,baseline,461,0.73
4,baseline,543,0.73
4,baseline,339,0.72
4,baseline,164,0.72
4,baseline,556,0.72
4,baseline,389,0.72
4,baseline,492,0.72
4,baseline,328,0.71
4,baseline,45,0.71
4,baseline,72,0.71
4,baseline,240,0.71
4,baseline,186,0.7
4,baseline,24,0.7
4,baseline,613,0.7
4,baseline,300,0.7
4,baseline,302,0.7
4,baseline,303,0.7
4,baseline,307,0.7
4,baseline,515,0.7
4,baseline,59,0.7
4,baseline,58,0.7
4,baseline,301,0.7
4,baseline,568,0.7
4,baseline,546,0.7
4,baseline,23,0.7
4,baseline,550,0.7
4,baseline,615,0.7
4,baseline,22,0.7
4,baseline,20,0.7
4,baseline,530,0.7
4,baseline,531,0.7
4,baseline,554,0.7
4,baseline,18,0.7
4,baseline,201,0.69
4,baseline,63,0.69
4,baseline,65,0.69
4,baseline,413,0.69
4,baseline,414,0.69
4,baseline,594,0.69
4,baseline,540,0.69
4,baseline,62,0.69
4,baseline,78,0.69
4,baseline,538,0.69
4,baseline,537,0.69
4,baseline,66,0.69
4,baseline,325,0.69
4,baseline,188,0.69
4,baseline,612,0.69
4,baseline,77,0.69
4,baseline,573,0.69
4,baseline,343,0.69
4,baseline,491,0.69
4,baseline,623,0.68
4,baseline,416,0.68
4,baseline,171,0.68
4,baseline,571,0.68
4,baseline,425,0.68
4,baseline,424,0.68
4,baseline,91,0.68
4,baseline,602,0.68
4,baseline,131,0.68
4,baseline,133,0.68
4,baseline,134,0.68
4,baseline,199,0.68
4,baseline,205,0.68
4,baseline,235,0.68
4,baseline,324,0.68
4,baseline,430,0.68
4,baseline,221,0.68
4,baseline,3,0.68
4,baseline,80,0.68
4,baseline,128,0.68
4,baseline,636,0.68
4,baseline,626,0.68
4,baseline,555,0.68
4,baseline,126,0.68
4,baseline,270,0.68
4,baseline,633,0.68
4,baseline,266,0.68
4,baseline,21,0.68
4,baseline,122,0.68
4,baseline,227,0.68
4,baseline,228,0.68
4,baseline,121,0.68
4,baseline,6,0.68
4,baseline,5,0.68
4,baseline,231,0.68
4,baseline,654,0.68
4,baseline,232,0.68
4,baseline,624,0.68
4,baseline,245,0.68
4,baseline,2,0.68
4,baseline,220,0.68
4,baseline,219,0.68
4,baseline,639,0.68
4,baseline,319,0.68
4,baseline,318,0.68
4,baseline,431,0.68
4,baseline,314,0.68
4,baseline,132,0.68
4,baseline,312,0.68
4,baseline,311,0.68
4,baseline,310,0.68
4,baseline,208,0.68
4,baseline,213,0.68
4,baseline,433,0.68
4,baseline,234,0.68
4,baseline,434,0.68
4,baseline,617,0.68
4,baseline,215,0.68
4,baseline,216,0.68
4,baseline,217,0.68
4,baseline,436,0.68
4,baseline,437,0.68
4,baseline,438,0.68
4,baseline,652,0.68
4,baseline,218,0.68
4,baseline,172,0.68
4,baseline,487,0.67
4,baseline,191,0.67
4,baseline,581,0.67
4,baseline,482,0.67
4,baseline,189,0.67
4,baseline,187,0.67
4,baseline,251,0.67
4,baseline,252,0.67
4,baseline,181,0.67
4,baseline,180,0.67
4,baseline,179,0.67
4,baseline,458,0.67
4,baseline,178,0.67
4,baseline,177,0.67
4,baseline,192,0.67
4,baseline,443,0.67
4,baseline,442,0.67
4,baseline,174,0.67
4,baseline,444,0.67
4,baseline,451,0.66
4,baseline,448,0.66
4,baseline,609,0.66
4,baseline,651,0.66
4,baseline,120,0.66
4,baseline,614,0.66
4,baseline,149,0.66
4,baseline,29,0.66
4,baseline,118,0.66
4,baseline,117,0.66
4,baseline,111,0.66
4,baseline,256,0.66
4,baseline,610,0.66
4,baseline,650,0.66
4,baseline,273,0.65
4,baseline,575,0.65
4,baseline,463,0.65
4,baseline,645,0.65
4,baseline,340,0.65
4,baseline,89,0.65
4,baseline,274,0.65
4,baseline,276,0.65
4,baseline,297,0.65
4,baseline,296,0.65
4,baseline,294,0.65
4,baseline,293,0.65
4,baseline,27,0.65
4,baseline,292,0.65
4,baseline,291,0.65
4,baseline,275,0.65
4,baseline,288,0.65
4,baseline,494,0.64
4,baseline,500,0.64
4,baseline,497,0.64
4,baseline,495,0.64
4,baseline,289,0.64
4,baseline,147,0.64
4,baseline,284,0.64
4,baseline,493,0.64
4,baseline,225,0.64
4,baseline,278,0.64
4,baseline,505,0.64
4,baseline,383,0.64
4,baseline,507,0.64
4,baseline,513,0.64
4,baseline,378,0.64
4,baseline,376,0.64
4,baseline,374,0.64
4,baseline,373,0.64
4,baseline,372,0.64
4,baseline,370,0.64
4,baseline,601,0.64
4,baseline,524,0.64
4,baseline,508,0.64
4,baseline,518,0.64
4,baseline,517,0.64
4,baseline,521,0.64
4,baseline,283,0.64
4,baseline,355,0.64
4,baseline,354,0.64
4,baseline,511,0.64
4,baseline,510,0.64
4,baseline,351,0.64
4,baseline,352,0.64
4,baseline,353,0.64
4,baseline,509,0.64
4,baseline,48,0.63
4,baseline,137,0.63
4,baseline,33,0.63
4,baseline,139,0.63
4,baseline,44,0.63
4,baseline,197,0.63
4,baseline,49,0.63
4,baseline,50,0.63
4,baseline,196,0.63
4,baseline,607,0.63
4,baseline,618,0.63
4,baseline,631,0.63
4,baseline,272,0.63
4,baseline,243,0.63
4,baseline,193,0.63
4,baseline,53,0.63
4,baseline,599,0.63
4,baseline,441,0.63
4,baseline,365,0.63
4,baseline,440,0.63
4,baseline,363,0.63
4,baseline,337,0.63
4,baseline,317,0.63
4,baseline,359,0.63
4,baseline,361,0.63
4,baseline,360,0.63
4,baseline,322,0.63
4,baseline,341,0.62
4,baseline,484,0.62
4,baseline,485,0.62
4,baseline,489,0.62
4,baseline,342,0.62
4,baseline,590,0.62
4,baseline,539,0.62
4,baseline,630,0.62
4,baseline,344,0.62
4,baseline,604,0.62
4,baseline,625,0.62
4,baseline,629,0.62
4,baseline,606,0.62
4,baseline,648,0.62
4,baseline,39,0.62
4,baseline,105,0.62
4,baseline,466,0.62
4,baseline,38,0.62
4,baseline,30,0.62
4,baseline,326,0.62
4,baseline,468,0.62
4,baseline,141,0.61
4,baseline,380,0.61
4,baseline,637,0.61
4,baseline,470,0.61
4,baseline,622,0.61
4,baseline,101,0.61
4,baseline,632,0.61
4,baseline,603,0.61
4,baseline,563,0.61
4,baseline,299,0.61
4,baseline,298,0.61
4,baseline,641,0.61
4,baseline,136,0.61
4,baseline,560,0.61
4,baseline,333,0.61
4,baseline,97,0.61
4,baseline,158,0.61
4,baseline,163,0.61
4,baseline,475,0.61
4,baseline,206,0.61
4,baseline,382,0.61
4,baseline,476,0.61
4,baseline,477,0.61
4,baseline,479,0.61
4,baseline,522,0.6
4,baseline,519,0.6
4,baseline,407,0.6
4,baseline,402,0.6
4,baseline,628,0.6
4,baseline,653,0.6
4,baseline,528,0.6
4,baseline,404,0.6
4,baseline,408,0.6
4,baseline,409,0.6
4,baseline,410,0.6
4,baseline,150,0.6
4,baseline,104,0.6
4,baseline,55,0.6
4,baseline,143,0.6
4,baseline,146,0.6
4,baseline,152,0.6
4,baseline,157,0.6
4,baseline,561,0.6
4,baseline,400,0.6
4,baseline,582,0.6
4,baseline,396,0.6
4,baseline,103,0.59
4,baseline,386,0.59
4,baseline,241,0.59
4,baseline,92,0.59
4,baseline,83,0.59
4,baseline,85,0.59
4,baseline,520,0.59
4,baseline,620,0.59
4,baseline,99,0.59
4,baseline,587,0.59
4,baseline,100,0.59
4,baseline,394,0.58
4,baseline,392,0.58
4,baseline,349,0.57
4,baseline,107,0.57
4,baseline,348,0.57
4,baseline,168,0.56
4,baseline,421,0.56
4,baseline,169,0.56
4,baseline,170,0.56
4,baseline,140,0.55
4,baseline,369,0.53
4,baseline,547,0.53
4,baseline,271,0.52
4,baseline,523,0.52
4,baseline,309,0.51
4,baseline,387,0.51
4,baseline,527,0.5
4,baseline,223,0.47
4,baseline,95,0.45
4,baseline,255,0.45
4,baseline,465,0.44
4,baseline,224,0.4
4,baseline,287,0.39
4,baseline,395,0.34
4,baseline,195,0.34
4,baseline,329,0.33
4,baseline,345,0.32
4,baseline,526,0.31
4,baseline,320,0.24
4,baseline,331,0.23
4,twohead,249,4.07
4,twohead,1,3.96
4,twohead,26,3.9
4,twohead,109,3.79
4,twohead,96,3.77
4,twohead,428,3.44
4,twohead,464,3.39
4,twohead,597,3.38
4,twohead,350,3.37
4,twohead,567,3.34
4,twohead,295,3.32
4,twohead,552,3.3
4,twohead,362,3.28
4,twohead,110,3.26
4,twohead,427,3.24
4,twohead,57,3.24
4,twohead,533,3.21
4,twohead,514,3.11
4,twohead,250,3.1
4,twohead,13,3.09
4,twohead,226,3.08
4,twohead,496,3.08
4,twohead,557,3.02
4,twohead,384,3.01
4,twohead,564,3.01
4,twohead,332,3.01
4,twohead,569,3.01
4,twohead,45,3.0
4,twohead,242,3.0
4,twohead,492,2.99
4,twohead,40,2.97
4,twohead,230,2.97
4,twohead,579,2.95
4,twohead,412,2.92
4,twohead,156,2.91
4,twohead,529,2.86
4,twohead,4,2.82
4,twohead,79,2.8
4,twohead,366,2.76
4,twohead,82,2.74
4,twohead,10,2.74
4,twohead,467,2.72
4,twohead,12,2.66
4,twohead,233,2.63
4,twohead,356,2.61
4,twohead,377,2.6
4,twohead,28,2.59
4,twohead,236,2.58
4,twohead,429,2.58
4,twohead,68,2.57
4,twohead,46,2.56
4,twohead,385,2.56
4,twohead,553,2.56
4,twohead,316,2.55
4,twohead,358,2.54
4,twohead,649,2.53
4,twohead,544,2.52
4,twohead,41,2.48
4,twohead,286,2.48
4,twohead,183,2.48
4,twohead,198,2.47
4,twohead,453,2.47
4,twohead,397,2.46
4,twohead,335,2.46
4,twohead,112,2.43
4,twohead,67,2.42
4,twohead,334,2.42
4,twohead,551,2.41
4,twohead,591,2.41
4,twohead,346,2.41
4,twohead,261,2.4
4,twohead,247,2.4
4,twohead,368,2.4
4,twohead,460,2.38
4,twohead,372,2.38
4,twohead,516,2.36
4,twohead,173,2.35
4,twohead,367,2.32
4,twohead,239,2.32
4,twohead,432,2.31
4,twohead,47,2.31
4,twohead,8,2.31
4,twohead,534,2.3
4,twohead,195,2.29
4,twohead,290,2.27
4,twohead,545,2.26
4,twohead,69,2.25
4,twohead,244,2.24
4,twohead,619,2.24
4,twohead,267,2.23
4,twohead,542,2.22
4,twohead,43,2.22
4,twohead,398,2.22
4,twohead,246,2.21
4,twohead,138,2.21
4,twohead,338,2.2
4,twohead,190,2.19
4,twohead,315,2.19
4,twohead,503,2.18
4,twohead,229,2.16
4,twohead,70,2.15
4,twohead,7,2.14
4,twohead,480,2.14
4,twohead,37,2.14
4,twohead,481,2.14
4,twohead,161,2.13
4,twohead,61,2.13
4,twohead,390,2.13
4,twohead,184,2.13
4,twohead,277,2.12
4,twohead,454,2.09
4,twohead,36,2.08
4,twohead,280,2.08
4,twohead,165,2.06
4,twohead,532,2.06
4,twohead,116,2.04
4,twohead,94,2.04
4,twohead,541,2.03
4,twohead,449,2.02
4,twohead,154,2.02
4,twohead,499,2.01
4,twohead,106,2.0
4,twohead,593,1.99
4,twohead,417,1.99
4,twohead,214,1.98
4,twohead,224,1.98
4,twohead,439,1.98
4,twohead,33,1.97
4,twohead,447,1.97
4,twohead,166,1.96
4,twohead,259,1.96
4,twohead,455,1.94
4,twohead,391,1.94
4,twohead,562,1.94
4,twohead,426,1.94
4,twohead,175,1.93
4,twohead,51,1.93
4,twohead,282,1.93
4,twohead,327,1.92
4,twohead,304,1.92
4,twohead,114,1.89
4,twohead,87,1.88
4,twohead,176,1.86
4,twohead,570,1.86
4,twohead,572,1.86
4,twohead,237,1.82
4,twohead,86,1.81
4,twohead,211,1.81
4,twohead,445,1.79
4,twohead,644,1.79
4,twohead,200,1.78
4,twohead,73,1.78
4,twohead,536,1.78
4,twohead,486,1.77
4,twohead,474,1.77
4,twohead,558,1.76
4,twohead,254,1.76
4,twohead,91,1.76
4,twohead,98,1.75
4,twohead,95,1.74
4,twohead,265,1.74
4,twohead,399,1.73
4,twohead,566,1.73
4,twohead,31,1.71
4,twohead,469,1.71
4,twohead,279,1.7
4,twohead,491,1.69
4,twohead,330,1.68
4,twohead,336,1.68
4,twohead,153,1.67
4,twohead,576,1.67
4,twohead,471,1.67
4,twohead,371,1.65
4,twohead,264,1.65
4,twohead,337,1.65
4,twohead,411,1.64
4,twohead,483,1.64
4,twohead,32,1.63
4,twohead,459,1.63
4,twohead,182,1.62
4,twohead,148,1.61
4,twohead,456,1.61
4,twohead,194,1.61
4,twohead,586,1.61
4,twohead,271,1.6
4,twohead,268,1.59
4,twohead,269,1.59
4,twohead,401,1.58
4,twohead,419,1.57
4,twohead,525,1.56
4,twohead,565,1.56
4,twohead,379,1.54
4,twohead,393,1.54
4,twohead,405,1.54
4,twohead,588,1.53
4,twohead,504,1.53
4,twohead,627,1.52
4,twohead,127,1.51
4,twohead,105,1.5
4,twohead,580,1.5
4,twohead,186,1.5
4,twohead,331,1.5
4,twohead,643,1.48
4,twohead,345,1.47
4,twohead,104,1.47
4,twohead,598,1.46
4,twohead,589,1.45
4,twohead,260,1.45
4,twohead,119,1.45
4,twohead,257,1.43
4,twohead,357,1.42
4,twohead,130,1.42
4,twohead,472,1.4
4,twohead,605,1.38
4,twohead,11,1.38
4,twohead,124,1.37
4,twohead,473,1.36
4,twohead,210,1.36
4,twohead,222,1.35
4,twohead,258,1.35
4,twohead,305,1.35
4,twohead,313,1.35
4,twohead,347,1.34
4,twohead,203,1.34
4,twohead,423,1.33
4,twohead,418,1.32
4,twohead,575,1.31
4,twohead,64,1.3
4,twohead,71,1.29
4,twohead,253,1.29
4,twohead,9,1.28
4,twohead,519,1.27
4,twohead,306,1.25
4,twohead,142,1.24
4,twohead,592,1.24
4,twohead,97,1.23
4,twohead,506,1.23
4,twohead,60,1.23
4,twohead,640,1.22
4,twohead,15,1.21
4,twohead,415,1.19
4,twohead,209,1.19
4,twohead,202,1.17
4,twohead,155,1.16
4,twohead,502,1.12
4,twohead,145,1.09
4,twohead,388,1.09
4,twohead,596,1.08
4,twohead,387,1.08
4,twohead,539,1.06
4,twohead,167,1.06
4,twohead,634,1.05
4,twohead,638,1.05
4,twohead,238,1.04
4,twohead,512,1.03
4,twohead,329,1.02
4,twohead,151,1.01
4,twohead,93,1.01
4,twohead,129,0.99
4,twohead,125,0.99
4,twohead,113,0.99
4,twohead,262,0.98
4,twohead,52,0.98
4,twohead,642,0.97
4,twohead,19,0.95
4,twohead,465,0.94
4,twohead,115,0.94
4,twohead,16,0.94
4,twohead,403,0.93
4,twohead,90,0.91
4,twohead,501,0.9
4,twohead,369,0.89
4,twohead,144,0.89
4,twohead,17,0.89
4,twohead,646,0.88
4,twohead,583,0.87
4,twohead,201,0.86
4,twohead,364,0.86
4,twohead,56,0.86
4,twohead,255,0.86
4,twohead,102,0.85
4,twohead,84,0.85
4,twohead,123,0.84
4,twohead,188,0.84
4,twohead,395,0.83
4,twohead,185,0.83
4,twohead,88,0.82
4,twohead,309,0.81
4,twohead,608,0.81
4,twohead,616,0.8
4,twohead,140,0.8
4,twohead,323,0.8
4,twohead,523,0.78
4,twohead,389,0.76
4,twohead,204,0.76
4,twohead,320,0.76
4,twohead,584,0.76
4,twohead,72,0.75
4,twohead,14,0.75
4,twohead,420,0.74
4,twohead,422,0.73
4,twohead,381,0.73
4,twohead,543,0.72
4,twohead,535,0.71
4,twohead,577,0.71
4,twohead,526,0.71
4,twohead,490,0.7
4,twohead,223,0.7
4,twohead,149,0.69
4,twohead,594,0.69
4,twohead,34,0.69
4,twohead,375,0.69
4,twohead,74,0.69
4,twohead,611,0.68
4,twohead,241,0.66
4,twohead,29,0.66
4,twohead,248,0.64
4,twohead,343,0.64
4,twohead,135,0.63
4,twohead,162,0.63
4,twohead,578,0.62
4,twohead,635,0.61
4,twohead,206,0.61
4,twohead,160,0.6
4,twohead,522,0.59
4,twohead,308,0.59
4,twohead,585,0.58
4,twohead,478,0.58
4,twohead,600,0.58
4,twohead,498,0.57
4,twohead,328,0.57
4,twohead,488,0.56
4,twohead,515,0.56
4,twohead,421,0.56
4,twohead,520,0.55
4,twohead,42,0.54
4,twohead,406,0.53
4,twohead,243,0.53
4,twohead,25,0.53
4,twohead,108,0.52
4,twohead,207,0.52
4,twohead,527,0.52
4,twohead,281,0.52
4,twohead,81,0.52
4,twohead,339,0.51
4,twohead,287,0.51
4,twohead,75,0.51
4,twohead,321,0.5
4,twohead,263,0.5
4,twohead,157,0.5
4,twohead,457,0.49
4,twohead,452,0.49
4,twohead,212,0.48
4,twohead,396,0.48
4,twohead,54,0.48
4,twohead,463,0.47
4,twohead,622,0.46
4,twohead,581,0.44
4,twohead,563,0.44
4,twohead,568,0.42
4,twohead,617,0.42
4,twohead,462,0.42
4,twohead,289,0.41
4,twohead,621,0.41
4,twohead,76,0.4
4,twohead,547,0.4
4,twohead,549,0.4
4,twohead,595,0.37
4,twohead,446,0.37
4,twohead,136,0.36
4,twohead,285,0.36
4,twohead,574,0.36
4,twohead,450,0.35
4,twohead,89,0.34
4,twohead,556,0.33
4,twohead,548,0.31
4,twohead,493,0.31
4,twohead,482,0.31
4,twohead,164,0.3
4,twohead,647,0.28
4,twohead,487,0.27
4,twohead,435,0.27
4,twohead,172,0.25
4,twohead,171,0.25
4,twohead,159,0.25
4,twohead,240,0.25
4,twohead,623,0.25
4,twohead,196,0.24
4,twohead,197,0.24
4,twohead,178,0.24
4,twohead,177,0.24
4,twohead,174,0.24
4,twohead,181,0.24
4,twohead,193,0.24
4,twohead,179,0.24
4,twohead,599,0.24
4,twohead,180,0.24
4,twohead,559,0.23
4,twohead,612,0.23
4,twohead,353,0.22
4,twohead,354,0.22
4,twohead,352,0.22
4,twohead,355,0.22
4,twohead,351,0.22
4,twohead,530,0.22
4,twohead,531,0.22
4,twohead,540,0.21
4,twohead,537,0.21
4,twohead,538,0.21
4,twohead,629,0.2
4,twohead,300,0.2
4,twohead,301,0.2
4,twohead,302,0.2
4,twohead,348,0.2
4,twohead,349,0.2
4,twohead,625,0.2
4,twohead,554,0.2
4,twohead,62,0.19
4,twohead,361,0.19
4,twohead,363,0.19
4,twohead,615,0.19
4,twohead,65,0.19
4,twohead,63,0.19
4,twohead,66,0.19
4,twohead,461,0.19
4,twohead,365,0.19
4,twohead,555,0.19
4,twohead,360,0.19
4,twohead,199,0.19
4,twohead,35,0.19
4,twohead,573,0.19
4,twohead,651,0.19
4,twohead,359,0.19
4,twohead,641,0.19
4,twohead,326,0.19
4,twohead,252,0.19
4,twohead,251,0.19
4,twohead,650,0.19
4,twohead,228,0.18
4,twohead,610,0.18
4,twohead,333,0.18
4,twohead,256,0.18
4,twohead,58,0.18
4,twohead,59,0.18
4,twohead,587,0.18
4,twohead,227,0.18
4,twohead,603,0.18
4,twohead,386,0.18
4,twohead,192,0.17
4,twohead,232,0.17
4,twohead,234,0.17
4,twohead,3,0.17
4,twohead,191,0.17
4,twohead,189,0.17
4,twohead,2,0.17
4,twohead,187,0.17
4,twohead,231,0.17
4,twohead,235,0.17
4,twohead,494,0.17
4,twohead,495,0.17
4,twohead,382,0.17
4,twohead,497,0.17
4,twohead,380,0.17
4,twohead,307,0.17
4,twohead,303,0.17
4,twohead,317,0.16
4,twohead,468,0.16
4,twohead,590,0.16
4,twohead,272,0.16
4,twohead,322,0.16
4,twohead,83,0.16
4,twohead,111,0.15
4,twohead,444,0.15
4,twohead,273,0.15
4,twohead,443,0.15
4,twohead,442,0.15
4,twohead,275,0.15
4,twohead,633,0.15
4,twohead,6,0.15
4,twohead,274,0.15
4,twohead,392,0.15
4,twohead,276,0.15
4,twohead,80,0.15
4,twohead,394,0.15
4,twohead,5,0.15
4,twohead,614,0.14
4,twohead,509,0.14
4,twohead,510,0.14
4,twohead,511,0.14
4,twohead,620,0.14
4,twohead,508,0.14
4,twohead,507,0.14
4,twohead,141,0.14
4,twohead,505,0.14
4,twohead,500,0.14
4,twohead,414,0.14
4,twohead,147,0.14
4,twohead,560,0.14
4,twohead,205,0.14
4,twohead,648,0.14
4,twohead,220,0.14
4,twohead,413,0.14
4,twohead,325,0.14
4,twohead,344,0.13
4,twohead,604,0.13
4,twohead,342,0.13
4,twohead,448,0.13
4,twohead,479,0.13
4,twohead,451,0.13
4,twohead,630,0.13
4,twohead,477,0.13
4,twohead,609,0.13
4,twohead,475,0.13
4,twohead,107,0.13
4,twohead,117,0.13
4,twohead,470,0.13
4,twohead,118,0.13
4,twohead,341,0.13
4,twohead,120,0.13
4,twohead,613,0.13
4,twohead,476,0.13
4,twohead,284,0.12
4,twohead,92,0.12
4,twohead,416,0.12
4,twohead,85,0.12
4,twohead,318,0.12
4,twohead,561,0.12
4,twohead,383,0.12
4,twohead,370,0.12
4,twohead,632,0.12
4,twohead,225,0.12
4,twohead,637,0.12
4,twohead,30,0.12
4,twohead,38,0.12
4,twohead,39,0.12
4,twohead,528,0.12
4,twohead,606,0.12
4,twohead,324,0.12
4,twohead,373,0.12
4,twohead,374,0.12
4,twohead,376,0.12
4,twohead,378,0.12
4,twohead,310,0.12
4,twohead,311,0.12
4,twohead,312,0.12
4,twohead,314,0.12
4,twohead,319,0.12
4,twohead,571,0.12
4,twohead,278,0.12
4,twohead,602,0.12
4,twohead,150,0.12
4,twohead,152,0.12
4,twohead,425,0.12
4,twohead,424,0.12
4,twohead,139,0.12
4,twohead,137,0.12
4,twohead,143,0.12
4,twohead,146,0.12
4,twohead,283,0.12
4,twohead,298,0.11
4,twohead,299,0.11
4,twohead,550,0.11
4,twohead,466,0.11
4,twohead,654,0.11
4,twohead,546,0.11
4,twohead,27,0.11
4,twohead,78,0.11
4,twohead,77,0.11
4,twohead,636,0.11
4,twohead,626,0.11
4,twohead,653,0.1
4,twohead,410,0.1
4,twohead,245,0.1
4,twohead,628,0.1
4,twohead,582,0.1
4,twohead,270,0.1
4,twohead,266,0.1
4,twohead,21,0.1
4,twohead,55,0.1
4,twohead,400,0.1
4,twohead,169,0.1
4,twohead,168,0.1
4,twohead,409,0.1
4,twohead,408,0.1
4,twohead,407,0.1
4,twohead,402,0.1
4,twohead,404,0.1
4,twohead,170,0.1
4,twohead,517,0.09
4,twohead,218,0.09
4,twohead,513,0.09
4,twohead,219,0.09
4,twohead,601,0.09
4,twohead,518,0.09
4,twohead,521,0.09
4,twohead,524,0.09
4,twohead,221,0.09
4,twohead,217,0.09
4,twohead,216,0.09
4,twohead,441,0.09
4,twohead,652,0.09
4,twohead,639,0.09
4,twohead,624,0.09
4,twohead,215,0.09
4,twohead,440,0.09
4,twohead,208,0.09
4,twohead,213,0.09
4,twohead,23,0.08
4,twohead,489,0.08
4,twohead,485,0.08
4,twohead,24,0.08
4,twohead,103,0.08
4,twohead,484,0.08
4,twohead,645,0.08
4,twohead,100,0.08
4,twohead,22,0.08
4,twohead,133,0.08
4,twohead,20,0.08
4,twohead,99,0.08
4,twohead,121,0.08
4,twohead,18,0.08
4,twohead,122,0.08
4,twohead,126,0.08
4,twohead,128,0.08
4,twohead,132,0.08
4,twohead,134,0.08
4,twohead,340,0.07
4,twohead,297,0.07
4,twohead,296,0.07
4,twohead,292,0.07
4,twohead,293,0.07
4,twohead,294,0.07
4,twohead,291,0.07
4,twohead,288,0.07
4,twohead,618,0.06
4,twohead,434,0.06
4,twohead,433,0.06
4,twohead,436,0.06
4,twohead,437,0.06
4,twohead,438,0.06
4,twohead,631,0.06
4,twohead,458,0.06
4,twohead,431,0.06
4,twohead,158,0.06
4,twohead,430,0.06
4,twohead,101,0.06
4,twohead,131,0.06
4,twohead,163,0.06
4,twohead,44,0.05
4,twohead,53,0.05
4,twohead,50,0.05
4,twohead,49,0.05
4,twohead,48,0.05
4,twohead,607,0.05
4,position_specific,115,5.24
4,position_specific,198,5.09
4,position_specific,165,5.07
4,position_specific,4,4.97
4,position_specific,1,4.92
4,position_specific,28,4.89
4,position_specific,109,4.81
4,position_specific,250,4.8
4,position_specific,249,4.76
4,position_specific,226,4.64
4,position_specific,114,4.51
4,position_specific,379,4.43
4,position_specific,384,4.39
4,position_specific,567,4.39
4,position_specific,564,4.36
4,position_specific,26,4.35
4,position_specific,597,4.32
4,position_specific,350,4.3
4,position_specific,346,4.26
4,position_specific,496,4.22
4,position_specific,82,4.21
4,position_specific,110,4.18
4,position_specific,10,4.14
4,position_specific,412,4.14
4,position_specific,467,4.1
4,position_specific,464,4.09
4,position_specific,572,4.01
4,position_specific,258,3.94
4,position_specific,68,3.92
4,position_specific,569,3.91
4,position_specific,277,3.81
4,position_specific,504,3.79
4,position_specific,305,3.79
4,position_specific,391,3.73
4,position_specific,411,3.73
4,position_specific,8,3.72
4,position_specific,529,3.71
4,position_specific,388,3.69
4,position_specific,390,3.69
4,position_specific,393,3.68
4,position_specific,204,3.67
4,position_specific,588,3.66
4,position_specific,259,3.65
4,position_specific,57,3.62
4,position_specific,79,3.62
4,position_specific,472,3.56
4,position_specific,330,3.5
4,position_specific,385,3.49
4,position_specific,306,3.45
4,position_specific,362,3.43
4,position_specific,295,3.42
4,position_specific,282,3.4
4,position_specific,106,3.37
4,position_specific,60,3.37
4,position_specific,643,3.36
4,position_specific,473,3.36
4,position_specific,423,3.36
4,position_specific,358,3.34
4,position_specific,224,3.33
4,position_specific,37,3.24
4,position_specific,116,3.23
4,position_specific,173,3.23
4,position_specific,449,3.23
4,position_specific,12,3.21
4,position_specific,264,3.2
4,position_specific,586,3.2
4,position_specific,397,3.18
4,position_specific,202,3.18
4,position_specific,257,3.18
4,position_specific,552,3.18
4,position_specific,254,3.18
4,position_specific,233,3.16
4,position_specific,236,3.1
4,position_specific,229,3.1
4,position_specific,474,3.1
4,position_specific,36,3.1
4,position_specific,316,3.08
4,position_specific,203,3.08
4,position_specific,279,3.07
4,position_specific,175,3.07
4,position_specific,15,3.06
4,position_specific,64,3.06
4,position_specific,304,3.03
4,position_specific,200,3.03
4,position_specific,426,3.02
4,position_specific,445,2.99
4,position_specific,242,2.99
4,position_specific,332,2.97
4,position_specific,127,2.97
4,position_specific,492,2.97
4,position_specific,176,2.93
4,position_specific,138,2.92
4,position_specific,356,2.92
4,position_specific,61,2.92
4,position_specific,566,2.91
4,position_specific,142,2.89
4,position_specific,145,2.89
4,position_specific,237,2.89
4,position_specific,553,2.87
4,position_specific,347,2.86
4,position_specific,112,2.85
4,position_specific,469,2.85
4,position_specific,269,2.83
4,position_specific,418,2.83
4,position_specific,334,2.82
4,position_specific,544,2.82
4,position_specific,40,2.8
4,position_specific,167,2.8
4,position_specific,439,2.76
4,position_specific,67,2.72
4,position_specific,253,2.71
4,position_specific,366,2.7
4,position_specific,399,2.68
4,position_specific,166,2.67
4,position_specific,230,2.66
4,position_specific,182,2.65
4,position_specific,536,2.65
4,position_specific,398,2.65
4,position_specific,367,2.64
4,position_specific,268,2.64
4,position_specific,401,2.64
4,position_specific,427,2.62
4,position_specific,593,2.62
4,position_specific,534,2.6
4,position_specific,591,2.57
4,position_specific,148,2.57
4,position_specific,545,2.54
4,position_specific,86,2.53
4,position_specific,153,2.53
4,position_specific,419,2.53
4,position_specific,501,2.52
4,position_specific,261,2.52
4,position_specific,579,2.52
4,position_specific,124,2.51
4,position_specific,31,2.5
4,position_specific,87,2.5
4,position_specific,471,2.49
4,position_specific,481,2.46
4,position_specific,88,2.46
4,position_specific,454,2.46
4,position_specific,156,2.45
4,position_specific,557,2.44
4,position_specific,598,2.43
4,position_specific,649,2.43
4,position_specific,499,2.42
4,position_specific,533,2.41
4,position_specific,151,2.39
4,position_specific,429,2.37
4,position_specific,32,2.37
4,position_specific,144,2.36
4,position_specific,447,2.33
4,position_specific,503,2.31
4,position_specific,486,2.31
4,position_specific,113,2.3
4,position_specific,570,2.29
4,position_specific,244,2.28
4,position_specific,417,2.28
4,position_specific,315,2.27
4,position_specific,491,2.26
4,position_specific,532,2.25
4,position_specific,70,2.24
4,position_specific,84,2.23
4,position_specific,541,2.22
4,position_specific,96,2.19
4,position_specific,368,2.19
4,position_specific,211,2.19
4,position_specific,290,2.18
4,position_specific,154,2.17
4,position_specific,94,2.16
4,position_specific,605,2.16
4,position_specific,11,2.16
4,position_specific,13,2.16
4,position_specific,247,2.1
4,position_specific,271,2.09
4,position_specific,255,2.08
4,position_specific,119,2.08
4,position_specific,161,2.08
4,position_specific,453,2.07
4,position_specific,43,2.04
4,position_specific,387,2.04
4,position_specific,428,2.04
4,position_specific,183,2.03
4,position_specific,195,2.03
4,position_specific,514,2.0
4,position_specific,125,2.0
4,position_specific,46,2.0
4,position_specific,201,2.0
4,position_specific,585,1.98
4,position_specific,69,1.98
4,position_specific,51,1.97
4,position_specific,286,1.97
4,position_specific,480,1.97
4,position_specific,98,1.97
4,position_specific,214,1.96
4,position_specific,465,1.95
4,position_specific,357,1.95
4,position_specific,280,1.94
4,position_specific,41,1.94
4,position_specific,345,1.92
4,position_specific,210,1.9
4,position_specific,562,1.9
4,position_specific,460,1.89
4,position_specific,335,1.89
4,position_specific,184,1.89
4,position_specific,542,1.84
4,position_specific,377,1.8
4,position_specific,7,1.79
4,position_specific,246,1.79
4,position_specific,558,1.78
4,position_specific,129,1.75
4,position_specific,456,1.75
4,position_specific,498,1.73
4,position_specific,516,1.71
4,position_specific,372,1.71
4,position_specific,331,1.7
4,position_specific,551,1.7
4,position_specific,619,1.7
4,position_specific,592,1.68
4,position_specific,506,1.68
4,position_specific,329,1.64
4,position_specific,95,1.64
4,position_specific,502,1.62
4,position_specific,267,1.62
4,position_specific,222,1.6
4,position_specific,483,1.59
4,position_specific,149,1.59
4,position_specific,93,1.58
4,position_specific,459,1.55
4,position_specific,155,1.55
4,position_specific,223,1.54
4,position_specific,265,1.53
4,position_specific,239,1.5
4,position_specific,327,1.49
4,position_specific,395,1.49
4,position_specific,33,1.47
4,position_specific,320,1.47
4,position_specific,640,1.47
4,position_specific,580,1.47
4,position_specific,47,1.47
4,position_specific,371,1.46
4,position_specific,194,1.46
4,position_specific,9,1.46
4,position_specific,45,1.44
4,position_specific,313,1.44
4,position_specific,338,1.43
4,position_specific,576,1.41
4,position_specific,589,1.4
4,position_specific,432,1.4
4,position_specific,455,1.39
4,position_specific,209,1.37
4,position_specific,405,1.35
4,position_specific,644,1.33
4,position_specific,190,1.33
4,position_specific,140,1.33
4,position_specific,526,1.32
4,position_specific,594,1.3
4,position_specific,105,1.3
4,position_specific,565,1.29
4,position_specific,490,1.28
4,position_specific,415,1.27
4,position_specific,635,1.27
4,position_specific,336,1.25
4,position_specific,260,1.24
4,position_specific,91,1.24
4,position_specific,634,1.23
4,position_specific,287,1.2
4,position_specific,123,1.19
4,position_specific,108,1.19
4,position_specific,248,1.18
4,position_specific,463,1.17
4,position_specific,577,1.16
4,position_specific,596,1.16
4,position_specific,90,1.13
4,position_specific,207,1.13
4,position_specific,309,1.11
4,position_specific,575,1.11
4,position_specific,73,1.09
4,position_specific,527,1.08
4,position_specific,56,1.08
4,position_specific,337,1.07
4,position_specific,583,1.05
4,position_specific,97,1.05
4,position_specific,420,1.03
4,position_specific,29,1.03
4,position_specific,611,1.03
4,position_specific,642,1.02
4,position_specific,627,1.02
4,position_specific,71,1.01
4,position_specific,389,1.01
4,position_specific,638,1.0
4,position_specific,543,0.98
4,position_specific,523,0.95
4,position_specific,102,0.95
4,position_specific,525,0.94
4,position_specific,519,0.92
4,position_specific,19,0.92
4,position_specific,403,0.91
4,position_specific,206,0.91
4,position_specific,281,0.91
4,position_specific,16,0.89
4,position_specific,328,0.88
4,position_specific,162,0.87
4,position_specific,512,0.87
4,position_specific,308,0.87
4,position_specific,104,0.87
4,position_specific,539,0.86
4,position_specific,285,0.82
4,position_specific,478,0.82
4,position_specific,396,0.81
4,position_specific,587,0.8
4,position_specific,494,0.8
4,position_specific,495,0.8
4,position_specific,386,0.8
4,position_specific,252,0.8
4,position_specific,251,0.8
4,position_specific,497,0.8
4,position_specific,522,0.79
4,position_specific,238,0.79
4,position_specific,622,0.77
4,position_specific,422,0.76
4,position_specific,136,0.76
4,position_specific,34,0.76
4,position_specific,130,0.75
4,position_specific,442,0.74
4,position_specific,535,0.74
4,position_specific,443,0.74
4,position_specific,616,0.74
4,position_specific,444,0.74
4,position_specific,111,0.72
4,position_specific,186,0.72
4,position_specific,617,0.72
4,position_specific,488,0.72
4,position_specific,560,0.71
4,position_specific,141,0.71
4,position_specific,581,0.71
4,position_specific,364,0.71
4,position_specific,323,0.7
4,position_specific,369,0.7
4,position_specific,160,0.7
4,position_specific,262,0.7
4,position_specific,414,0.69
4,position_specific,325,0.69
4,position_specific,273,0.69
4,position_specific,42,0.69
4,position_specific,413,0.69
4,position_specific,3,0.69
4,position_specific,274,0.69
4,position_specific,275,0.69
4,position_specific,462,0.69
4,position_specific,2,0.69
4,position_specific,276,0.69
4,position_specific,321,0.68
4,position_specific,171,0.68
4,position_specific,241,0.68
4,position_specific,172,0.68
4,position_specific,556,0.68
4,position_specific,421,0.68
4,position_specific,608,0.68
4,position_specific,289,0.68
4,position_specific,623,0.68
4,position_specific,450,0.68
4,position_specific,468,0.66
4,position_specific,590,0.66
4,position_specific,25,0.66
4,position_specific,554,0.66
4,position_specific,300,0.66
4,position_specific,302,0.66
4,position_specific,301,0.66
4,position_specific,17,0.65
4,position_specific,89,0.65
4,position_specific,227,0.65
4,position_specific,228,0.65
4,position_specific,531,0.64
4,position_specific,530,0.64
4,position_specific,83,0.63
4,position_specific,199,0.63
4,position_specific,74,0.63
4,position_specific,555,0.63
4,position_specific,58,0.62
4,position_specific,169,0.62
4,position_specific,59,0.62
4,position_specific,168,0.62
4,position_specific,170,0.62
4,position_specific,584,0.62
4,position_specific,446,0.62
4,position_specific,317,0.62
4,position_specific,563,0.62
4,position_specific,615,0.62
4,position_specific,646,0.62
4,position_specific,52,0.62
4,position_specific,322,0.62
4,position_specific,493,0.62
4,position_specific,382,0.61
4,position_specific,380,0.61
4,position_specific,185,0.6
4,position_specific,354,0.6
4,position_specific,351,0.6
4,position_specific,352,0.6
4,position_specific,353,0.6
4,position_specific,355,0.6
4,position_specific,137,0.59
4,position_specific,139,0.59
4,position_specific,14,0.59
4,position_specific,582,0.57
4,position_specific,55,0.57
4,position_specific,457,0.57
4,position_specific,651,0.57
4,position_specific,157,0.57
4,position_specific,81,0.56
4,position_specific,225,0.56
4,position_specific,212,0.55
4,position_specific,549,0.55
4,position_specific,326,0.55
4,position_specific,600,0.55
4,position_specific,515,0.55
4,position_specific,625,0.55
4,position_specific,629,0.55
4,position_specific,528,0.54
4,position_specific,406,0.54
4,position_specific,375,0.53
4,position_specific,107,0.53
4,position_specific,595,0.53
4,position_specific,578,0.52
4,position_specific,27,0.52
4,position_specific,548,0.51
4,position_specific,637,0.51
4,position_specific,632,0.51
4,position_specific,348,0.51
4,position_specific,80,0.51
4,position_specific,349,0.51
4,position_specific,298,0.51
4,position_specific,299,0.51
4,position_specific,263,0.51
4,position_specific,5,0.5
4,position_specific,6,0.5
4,position_specific,54,0.5
4,position_specific,188,0.5
4,position_specific,452,0.49
4,position_specific,647,0.49
4,position_specific,196,0.48
4,position_specific,520,0.48
4,position_specific,381,0.48
4,position_specific,599,0.48
4,position_specific,197,0.48
4,position_specific,193,0.48
4,position_specific,466,0.47
4,position_specific,440,0.46
4,position_specific,441,0.46
4,position_specific,76,0.46
4,position_specific,75,0.46
4,position_specific,343,0.46
4,position_specific,231,0.45
4,position_specific,234,0.45
4,position_specific,235,0.45
4,position_specific,72,0.45
4,position_specific,232,0.45
4,position_specific,35,0.45
4,position_specific,243,0.44
4,position_specific,303,0.43
4,position_specific,307,0.43
4,position_specific,559,0.43
4,position_specific,272,0.43
4,position_specific,118,0.42
4,position_specific,394,0.42
4,position_specific,117,0.42
4,position_specific,392,0.42
4,position_specific,614,0.42
4,position_specific,120,0.42
4,position_specific,547,0.42
4,position_specific,159,0.41
4,position_specific,621,0.41
4,position_specific,135,0.4
4,position_specific,435,0.4
4,position_specific,650,0.4
4,position_specific,633,0.4
4,position_specific,610,0.4
4,position_specific,256,0.4
4,position_specific,205,0.4
4,position_specific,220,0.4
4,position_specific,361,0.36
4,position_specific,359,0.36
4,position_specific,363,0.36
4,position_specific,461,0.36
4,position_specific,360,0.36
4,position_specific,365,0.36
4,position_specific,574,0.36
4,position_specific,164,0.36
4,position_specific,482,0.36
4,position_specific,240,0.36
4,position_specific,180,0.35
4,position_specific,181,0.35
4,position_specific,179,0.35
4,position_specific,568,0.35
4,position_specific,416,0.35
4,position_specific,174,0.35
4,position_specific,339,0.35
4,position_specific,178,0.35
4,position_specific,425,0.35
4,position_specific,177,0.35
4,position_specific,424,0.35
4,position_specific,451,0.34
4,position_specific,470,0.34
4,position_specific,475,0.34
4,position_specific,448,0.34
4,position_specific,476,0.34
4,position_specific,477,0.34
4,position_specific,479,0.34
4,position_specific,487,0.34
4,position_specific,609,0.34
4,position_specific,284,0.33
4,position_specific,283,0.33
4,position_specific,278,0.33
4,position_specific,63,0.32
4,position_specific,612,0.32
4,position_specific,540,0.32
4,position_specific,573,0.32
4,position_specific,333,0.32
4,position_specific,538,0.32
4,position_specific,537,0.32
4,position_specific,603,0.32
4,position_specific,66,0.32
4,position_specific,62,0.32
4,position_specific,641,0.32
4,position_specific,65,0.32
4,position_specific,92,0.31
4,position_specific,620,0.31
4,position_specific,85,0.31
4,position_specific,146,0.29
4,position_specific,505,0.29
4,position_specific,143,0.29
4,position_specific,606,0.29
4,position_specific,147,0.29
4,position_specific,39,0.29
4,position_specific,38,0.29
4,position_specific,561,0.29
4,position_specific,500,0.29
4,position_specific,508,0.29
4,position_specific,30,0.29
4,position_specific,510,0.29
4,position_specific,507,0.29
4,position_specific,152,0.29
4,position_specific,511,0.29
4,position_specific,150,0.29
4,position_specific,509,0.29
4,position_specific,630,0.29
4,position_specific,21,0.27
4,position_specific,654,0.27
4,position_specific,245,0.27
4,position_specific,189,0.26
4,position_specific,24,0.26
4,position_specific,23,0.26
4,position_specific,22,0.26
4,position_specific,20,0.26
4,position_specific,288,0.26
4,position_specific,18,0.26
4,position_specific,293,0.26
4,position_specific,340,0.26
4,position_specific,192,0.26
4,position_specific,458,0.26
4,position_specific,292,0.26
4,position_specific,645,0.26
4,position_specific,187,0.26
4,position_specific,296,0.26
4,position_specific,291,0.26
4,position_specific,294,0.26
4,position_specific,297,0.26
4,position_specific,191,0.26
4,position_specific,78,0.25
4,position_specific,216,0.25
4,position_specific,489,0.25
4,position_specific,218,0.25
4,position_specific,219,0.25
4,position_specific,208,0.25
4,position_specific,485,0.25
4,position_specific,484,0.25
4,position_specific,221,0.25
4,position_specific,215,0.25
4,position_specific,213,0.25
4,position_specific,77,0.25
4,position_specific,217,0.25
4,position_specific,517,0.24
4,position_specific,158,0.24
4,position_specific,513,0.24
4,position_specific,518,0.24
4,position_specific,546,0.24
4,position_specific,521,0.24
4,position_specific,524,0.24
4,position_specific,324,0.24
4,position_specific,163,0.24
4,position_specific,613,0.24
4,position_specific,601,0.24
4,position_specific,101,0.24
4,position_specific,571,0.24
4,position_specific,438,0.24
4,position_specific,437,0.24
4,position_specific,436,0.24
4,position_specific,434,0.24
4,position_specific,433,0.24
4,position_specific,431,0.24
4,position_specific,430,0.24
4,position_specific,602,0.24
4,position_specific,631,0.24
4,position_specific,99,0.24
4,position_specific,409,0.24
4,position_specific,653,0.24
4,position_specific,400,0.24
4,position_specific,402,0.24
4,position_specific,404,0.24
4,position_specific,407,0.24
4,position_specific,408,0.24
4,position_specific,410,0.24
4,position_specific,550,0.24
4,position_specific,628,0.24
4,position_specific,311,0.24
4,position_specific,607,0.24
4,position_specific,103,0.24
4,position_specific,314,0.24
4,position_specific,312,0.24
4,position_specific,310,0.24
4,position_specific,636,0.24
4,position_specific,53,0.24
4,position_specific,626,0.24
4,position_specific,618,0.24
4,position_specific,131,0.24
4,position_specific,100,0.24
4,position_specific,266,0.24
4,position_specific,44,0.24
4,position_specific,48,0.24
4,position_specific,270,0.24
4,position_specific,49,0.24
4,position_specific,50,0.24
4,position_specific,319,0.24
4,position_specific,318,0.24
4,position_specific,383,0.23
4,position_specific,342,0.23
4,position_specific,378,0.23
4,position_specific,128,0.23
4,position_specific,341,0.23
4,position_specific,134,0.23
4,position_specific,604,0.23
4,position_specific,126,0.23
4,position_specific,648,0.23
4,position_specific,652,0.23
4,position_specific,122,0.23
4,position_specific,121,0.23
4,position_specific,639,0.23
4,position_specific,624,0.23
4,position_specific,133,0.23
4,position_specific,376,0.23
4,position_specific,344,0.23
4,position_specific,374,0.23
4,position_specific,373,0.23
4,position_specific,370,0.23
4,position_specific,132,0.23
4,config_d,426,3.8
4,config_d,399,3.58
4,config_d,411,3.3
4,config_d,567,3.22
4,config_d,106,3.17
4,config_d,12,3.16
4,config_d,572,3.14
4,config_d,154,3.13
4,config_d,15,3.1
4,config_d,165,3.09
4,config_d,264,3.04
4,config_d,26,3.03
4,config_d,198,2.99
4,config_d,1,2.99
4,config_d,226,2.98
4,config_d,384,2.97
4,config_d,40,2.93
4,config_d,109,2.92
4,config_d,68,2.91
4,config_d,204,2.89
4,config_d,28,2.88
4,config_d,127,2.86
4,config_d,385,2.85
4,config_d,250,2.85
4,config_d,124,2.83
4,config_d,427,2.8
4,config_d,249,2.79
4,config_d,115,2.79
4,config_d,569,2.78
4,config_d,564,2.75
4,config_d,397,2.72
4,config_d,4,2.7
4,config_d,533,2.7
4,config_d,544,2.69
4,config_d,230,2.69
4,config_d,82,2.68
4,config_d,379,2.68
4,config_d,649,2.66
4,config_d,597,2.63
4,config_d,258,2.63
4,config_d,86,2.63
4,config_d,305,2.63
4,config_d,557,2.63
4,config_d,529,2.62
4,config_d,350,2.62
4,config_d,532,2.61
4,config_d,346,2.6
4,config_d,504,2.59
4,config_d,412,2.59
4,config_d,277,2.59
4,config_d,261,2.58
4,config_d,449,2.58
4,config_d,591,2.57
4,config_d,57,2.56
4,config_d,116,2.54
4,config_d,237,2.54
4,config_d,447,2.53
4,config_d,398,2.52
4,config_d,279,2.51
4,config_d,643,2.51
4,config_d,60,2.5
4,config_d,13,2.5
4,config_d,110,2.49
4,config_d,586,2.49
4,config_d,268,2.49
4,config_d,536,2.48
4,config_d,295,2.47
4,config_d,467,2.46
4,config_d,390,2.46
4,config_d,605,2.46
4,config_d,8,2.46
4,config_d,464,2.45
4,config_d,233,2.45
4,config_d,545,2.45
4,config_d,202,2.45
4,config_d,156,2.45
4,config_d,334,2.45
4,config_d,214,2.43
4,config_d,338,2.43
4,config_d,242,2.42
4,config_d,393,2.42
4,config_d,454,2.41
4,config_d,236,2.41
4,config_d,166,2.4
4,config_d,368,2.39
4,config_d,553,2.35
4,config_d,290,2.35
4,config_d,96,2.34
4,config_d,98,2.33
4,config_d,114,2.32
4,config_d,474,2.31
4,config_d,542,2.31
4,config_d,210,2.31
4,config_d,391,2.31
4,config_d,423,2.31
4,config_d,282,2.3
4,config_d,481,2.3
4,config_d,229,2.29
4,config_d,598,2.28
4,config_d,366,2.28
4,config_d,200,2.27
4,config_d,244,2.27
4,config_d,211,2.27
4,config_d,67,2.25
4,config_d,471,2.25
4,config_d,480,2.25
4,config_d,280,2.23
4,config_d,429,2.23
4,config_d,94,2.23
4,config_d,304,2.23
4,config_d,367,2.21
4,config_d,10,2.21
4,config_d,552,2.19
4,config_d,570,2.18
4,config_d,445,2.18
4,config_d,79,2.18
4,config_d,401,2.17
4,config_d,472,2.17
4,config_d,259,2.17
4,config_d,486,2.17
4,config_d,388,2.16
4,config_d,496,2.16
4,config_d,453,2.15
4,config_d,332,2.15
4,config_d,87,2.14
4,config_d,182,2.13
4,config_d,145,2.11
4,config_d,469,2.1
4,config_d,112,2.1
4,config_d,551,2.1
4,config_d,455,2.1
4,config_d,503,2.1
4,config_d,315,2.09
4,config_d,183,2.09
4,config_d,428,2.08
4,config_d,70,2.08
4,config_d,148,2.08
4,config_d,335,2.08
4,config_d,514,2.07
4,config_d,203,2.07
4,config_d,593,2.07
4,config_d,566,2.06
4,config_d,257,2.06
4,config_d,432,2.06
4,config_d,69,2.06
4,config_d,418,2.05
4,config_d,47,2.04
4,config_d,362,2.03
4,config_d,316,2.03
4,config_d,565,2.03
4,config_d,36,2.03
4,config_d,286,2.02
4,config_d,541,2.02
4,config_d,61,2.02
4,config_d,173,2.02
4,config_d,483,2.02
4,config_d,155,2.01
4,config_d,417,2.01
4,config_d,330,1.99
4,config_d,41,1.99
4,config_d,175,1.99
4,config_d,579,1.97
4,config_d,7,1.97
4,config_d,460,1.96
4,config_d,356,1.94
4,config_d,45,1.92
4,config_d,267,1.9
4,config_d,246,1.9
4,config_d,377,1.89
4,config_d,492,1.89
4,config_d,31,1.89
4,config_d,247,1.88
4,config_d,138,1.88
4,config_d,184,1.88
4,config_d,176,1.88
4,config_d,499,1.88
4,config_d,534,1.87
4,config_d,254,1.86
4,config_d,153,1.85
4,config_d,306,1.84
4,config_d,129,1.82
4,config_d,43,1.82
4,config_d,46,1.81
4,config_d,224,1.81
4,config_d,419,1.8
4,config_d,588,1.79
4,config_d,161,1.78
4,config_d,64,1.76
4,config_d,358,1.76
4,config_d,37,1.76
4,config_d,51,1.75
4,config_d,473,1.75
4,config_d,313,1.75
4,config_d,619,1.73
4,config_d,253,1.72
4,config_d,113,1.71
4,config_d,562,1.71
4,config_d,327,1.69
4,config_d,142,1.67
4,config_d,88,1.65
4,config_d,589,1.64
4,config_d,501,1.64
4,config_d,580,1.63
4,config_d,459,1.62
4,config_d,123,1.61
4,config_d,627,1.59
4,config_d,33,1.58
4,config_d,269,1.57
4,config_d,345,1.57
4,config_d,91,1.57
4,config_d,372,1.56
4,config_d,644,1.55
4,config_d,32,1.55
4,config_d,491,1.53
4,config_d,73,1.53
4,config_d,456,1.53
4,config_d,347,1.52
4,config_d,195,1.52
4,config_d,239,1.49
4,config_d,405,1.49
4,config_d,519,1.48
4,config_d,403,1.47
4,config_d,558,1.46
4,config_d,506,1.45
4,config_d,502,1.45
4,config_d,265,1.44
4,config_d,576,1.44
4,config_d,95,1.44
4,config_d,415,1.44
4,config_d,105,1.43
4,config_d,516,1.42
4,config_d,336,1.42
4,config_d,151,1.38
4,config_d,190,1.38
4,config_d,439,1.37
4,config_d,11,1.35
4,config_d,93,1.33
4,config_d,167,1.31
4,config_d,642,1.3
4,config_d,371,1.29
4,config_d,260,1.25
4,config_d,575,1.24
4,config_d,71,1.24
4,config_d,512,1.23
4,config_d,337,1.21
4,config_d,387,1.21
4,config_d,525,1.18
4,config_d,209,1.17
4,config_d,186,1.16
4,config_d,640,1.15
4,config_d,238,1.15
4,config_d,104,1.15
4,config_d,84,1.13
4,config_d,331,1.1
4,config_d,144,1.09
4,config_d,119,1.08
4,config_d,222,1.07
4,config_d,594,1.06
4,config_d,162,1.06
4,config_d,635,1.05
4,config_d,585,1.04
4,config_d,19,1.04
4,config_d,309,1.04
4,config_d,201,1.03
4,config_d,616,1.02
4,config_d,395,1.02
4,config_d,255,1.0
4,config_d,320,1.0
4,config_d,498,0.99
4,config_d,592,0.99
4,config_d,90,0.97
4,config_d,634,0.97
4,config_d,194,0.96
4,config_d,16,0.94
4,config_d,34,0.93
4,config_d,422,0.92
4,config_d,357,0.91
4,config_d,271,0.91
4,config_d,522,0.91
4,config_d,9,0.89
4,config_d,583,0.87
4,config_d,102,0.85
4,config_d,490,0.82
4,config_d,125,0.82
4,config_d,638,0.81
4,config_d,262,0.8
4,config_d,289,0.79
4,config_d,578,0.79
4,config_d,149,0.77
4,config_d,29,0.76
4,config_d,596,0.75
4,config_d,323,0.74
4,config_d,188,0.74
4,config_d,241,0.74
4,config_d,462,0.73
4,config_d,17,0.73
4,config_d,369,0.73
4,config_d,646,0.73
4,config_d,457,0.72
4,config_d,488,0.72
4,config_d,14,0.7
4,config_d,160,0.7
4,config_d,577,0.69
4,config_d,212,0.69
4,config_d,52,0.66
4,config_d,611,0.64
4,config_d,617,0.63
4,config_d,600,0.62
4,config_d,130,0.6
4,config_d,25,0.6
4,config_d,420,0.59
4,config_d,157,0.59
4,config_d,539,0.59
4,config_d,406,0.59
4,config_d,621,0.58
4,config_d,74,0.58
4,config_d,526,0.57
4,config_d,42,0.57
4,config_d,523,0.57
4,config_d,421,0.57
4,config_d,56,0.54
4,config_d,108,0.52
4,config_d,263,0.52
4,config_d,452,0.51
4,config_d,450,0.51
4,config_d,520,0.5
4,config_d,97,0.49
4,config_d,375,0.49
4,config_d,243,0.48
4,config_d,72,0.48
4,config_d,389,0.46
4,config_d,329,0.46
4,config_d,381,0.46
4,config_d,608,0.46
4,config_d,207,0.45
4,config_d,81,0.45
4,config_d,584,0.45
4,config_d,285,0.45
4,config_d,647,0.44
4,config_d,308,0.43
4,config_d,159,0.43
4,config_d,559,0.42
4,config_d,185,0.42
4,config_d,548,0.42
4,config_d,135,0.41
4,config_d,75,0.41
4,config_d,478,0.41
4,config_d,622,0.4
4,config_d,287,0.4
4,config_d,54,0.4
4,config_d,136,0.39
4,config_d,549,0.38
4,config_d,595,0.38
4,config_d,321,0.38
4,config_d,328,0.37
4,config_d,535,0.37
4,config_d,568,0.37
4,config_d,343,0.37
4,config_d,89,0.37
4,config_d,364,0.37
4,config_d,556,0.36
4,config_d,76,0.36
4,config_d,574,0.36
4,config_d,463,0.35
4,config_d,446,0.35
4,config_d,396,0.35
4,config_d,581,0.35
4,config_d,35,0.34
4,config_d,339,0.34
4,config_d,461,0.34
4,config_d,294,0.34
4,config_d,435,0.34
4,config_d,140,0.33
4,config_d,515,0.33
4,config_d,543,0.33
4,config_d,639,0.32
4,config_d,465,0.32
4,config_d,164,0.32
4,config_d,240,0.31
4,config_d,487,0.31
4,config_d,493,0.31
4,config_d,228,0.29
4,config_d,482,0.28
4,config_d,527,0.27
4,config_d,573,0.24
4,config_d,631,0.24
4,config_d,38,0.23
4,config_d,223,0.22
4,config_d,615,0.21
4,config_d,628,0.21
4,config_d,620,0.21
4,config_d,654,0.2
4,config_d,430,0.2
4,config_d,636,0.2
4,config_d,626,0.2
4,config_d,281,0.2
4,config_d,648,0.19
4,config_d,126,0.19
4,config_d,614,0.19
4,config_d,653,0.19
4,config_d,630,0.19
4,config_d,645,0.19
4,config_d,2,0.19
4,config_d,613,0.19
4,config_d,20,0.19
4,config_d,120,0.19
4,config_d,117,0.19
4,config_d,3,0.19
4,config_d,231,0.18
4,config_d,232,0.18
4,config_d,101,0.18
4,config_d,303,0.18
4,config_d,652,0.18
4,config_d,625,0.18
4,config_d,629,0.18
4,config_d,92,0.18
4,config_d,100,0.18
4,config_d,623,0.18
4,config_d,134,0.18
4,config_d,612,0.17
4,config_d,340,0.17
4,config_d,392,0.17
4,config_d,650,0.17
4,config_d,571,0.17
4,config_d,107,0.17
4,config_d,288,0.17
4,config_d,245,0.17
4,config_d,284,0.17
4,config_d,324,0.17
4,config_d,111,0.17
4,config_d,62,0.17
4,config_d,609,0.17
4,config_d,256,0.17
4,config_d,444,0.16
4,config_d,386,0.16
4,config_d,476,0.16
4,config_d,178,0.16
4,config_d,587,0.16
4,config_d,179,0.16
4,config_d,83,0.16
4,config_d,66,0.16
4,config_d,606,0.16
4,config_d,221,0.16
4,config_d,651,0.16
4,config_d,300,0.16
4,config_d,302,0.16
4,config_d,633,0.16
4,config_d,292,0.16
4,config_d,296,0.16
4,config_d,270,0.16
4,config_d,301,0.16
4,config_d,641,0.16
4,config_d,603,0.16
4,config_d,272,0.16
4,config_d,227,0.16
4,config_d,637,0.16
4,config_d,187,0.15
4,config_d,50,0.15
4,config_d,189,0.15
4,config_d,442,0.15
4,config_d,443,0.15
4,config_d,361,0.15
4,config_d,601,0.15
4,config_d,158,0.15
4,config_d,550,0.15
4,config_d,424,0.15
4,config_d,604,0.15
4,config_d,561,0.15
4,config_d,599,0.15
4,config_d,213,0.15
4,config_d,5,0.15
4,config_d,374,0.15
4,config_d,489,0.15
4,config_d,273,0.15
4,config_d,217,0.15
4,config_d,219,0.15
4,config_d,251,0.15
4,config_d,218,0.15
4,config_d,610,0.14
4,config_d,560,0.14
4,config_d,169,0.14
4,config_d,531,0.14
4,config_d,58,0.14
4,config_d,147,0.14
4,config_d,352,0.14
4,config_d,434,0.14
4,config_d,437,0.14
4,config_d,438,0.14
4,config_d,508,0.14
4,config_d,440,0.14
4,config_d,441,0.14
4,config_d,468,0.14
4,config_d,351,0.14
4,config_d,509,0.14
4,config_d,510,0.14
4,config_d,355,0.14
4,config_d,590,0.14
4,config_d,199,0.14
4,config_d,325,0.14
4,config_d,378,0.14
4,config_d,555,0.14
4,config_d,382,0.14
4,config_d,172,0.14
4,config_d,524,0.13
4,config_d,248,0.13
4,config_d,206,0.12
4,config_d,497,0.12
4,config_d,495,0.12
4,config_d,152,0.11
4,config_d,6,0.11
4,config_d,21,0.1
4,config_d,78,0.08
4,config_d,122,0.08
4,config_d,170,0.07
4,config_d,632,0.07
4,config_d,208,0.06
4,config_d,416,0.06
4,config_d,380,0.06
4,config_d,370,0.05
4,config_d,139,0.05
4,config_d,618,0.05
4,config_d,563,0.05
4,config_d,131,0.05
4,config_d,121,0.05
4,config_d,547,0.04
4,config_d,310,0.04
4,config_d,458,0.04
4,config_d,63,0.04
4,config_d,318,0.04
4,config_d,85,0.04
4,config_d,274,0.03
4,config_d,103,0.03
4,config_d,448,0.03
4,config_d,65,0.03
4,config_d,278,0.03
4,config_d,77,0.03
4,config_d,317,0.02
4,config_d,297,0.02
4,config_d,582,0.02
4,config_d,359,0.02
4,config_d,150,0.02
4,config_d,400,0.02
4,config_d,193,0.02
4,config_d,383,0.01
4,config_d,431,0.01
4,config_d,177,0.01
4,config_d,22,0.01
4,config_d,624,0.01
4,config_d,517,0.0
4,config_d,528,0.0
4,config_d,314,0.0
4,config_d,500,0.0
4,config_d,307,0.0
4,config_d,540,0.0
4,config_d,30,0.0
4,config_d,291,0.0
4,config_d,538,0.0
4,config_d,59,0.0
4,config_d,537,0.0
4,config_d,298,0.0
4,config_d,494,0.0
4,config_d,49,0.0
4,config_d,48,0.0
4,config_d,530,0.0
4,config_d,27,0.0
4,config_d,505,0.0
4,config_d,24,0.0
4,config_d,518,0.0
4,config_d,311,0.0
4,config_d,312,0.0
4,config_d,513,0.0
4,config_d,607,0.0
4,config_d,511,0.0
4,config_d,44,0.0
4,config_d,521,0.0
4,config_d,55,0.0
4,config_d,18,0.0
4,config_d,299,0.0
4,config_d,546,0.0
4,config_d,293,0.0
4,config_d,507,0.0
4,config_d,23,0.0
4,config_d,53,0.0
4,config_d,39,0.0
4,config_d,225,0.0
4,config_d,80,0.0
4,config_d,414,0.0
4,config_d,181,0.0
4,config_d,363,0.0
4,config_d,180,0.0
4,config_d,360,0.0
4,config_d,174,0.0
4,config_d,413,0.0
4,config_d,171,0.0
4,config_d,436,0.0
4,config_d,168,0.0
4,config_d,354,0.0
4,config_d,425,0.0
4,config_d,163,0.0
4,config_d,353,0.0
4,config_d,146,0.0
4,config_d,410,0.0
4,config_d,409,0.0
4,config_d,408,0.0
4,config_d,407,0.0
4,config_d,404,0.0
4,config_d,402,0.0
4,config_d,191,0.0
4,config_d,192,0.0
4,config_d,365,0.0
4,config_d,196,0.0
4,config_d,394,0.0
4,config_d,197,0.0
4,config_d,205,0.0
4,config_d,215,0.0
4,config_d,216,0.0
4,config_d,220,0.0
4,config_d,376,0.0
4,config_d,433,0.0
4,config_d,143,0.0
4,config_d,319,0.0
4,config_d,275,0.0
4,config_d,333,0.0
4,config_d,326,0.0
4,config_d,475,0.0
4,config_d,477,0.0
4,config_d,479,0.0
4,config_d,99,0.0
4,config_d,602,0.0
4,config_d,141,0.0
4,config_d,484,0.0
4,config_d,485,0.0
4,config_d,276,0.0
4,config_d,283,0.0
4,config_d,554,0.0
4,config_d,322,0.0
4,config_d,470,0.0
4,config_d,118,0.0
4,config_d,266,0.0
4,config_d,252,0.0
4,config_d,128,0.0
4,config_d,373,0.0
4,config_d,466,0.0
4,config_d,341,0.0
4,config_d,133,0.0
4,config_d,342,0.0
4,config_d,344,0.0
4,config_d,137,0.0
4,config_d,348,0.0
4,config_d,349,0.0
4,config_d,451,0.0
4,config_d,235,0.0
4,config_d,234,0.0
4,config_d,132,0.0
4,baseline_tweedie,9,1.09
4,baseline_tweedie,160,0.95
4,baseline_tweedie,52,0.88
4,baseline_tweedie,233,0.85
4,baseline_tweedie,34,0.84
4,baseline_tweedie,578,0.82
4,baseline_tweedie,611,0.81
4,baseline_tweedie,596,0.79
4,baseline_tweedie,226,0.76
4,baseline_tweedie,567,0.74
4,baseline_tweedie,646,0.74
4,baseline_tweedie,263,0.72
4,baseline_tweedie,462,0.71
4,baseline_tweedie,384,0.71
4,baseline_tweedie,207,0.7
4,baseline_tweedie,116,0.7
4,baseline_tweedie,304,0.7
4,baseline_tweedie,262,0.69
4,baseline_tweedie,597,0.68
4,baseline_tweedie,548,0.68
4,baseline_tweedie,321,0.67
4,baseline_tweedie,389,0.66
4,baseline_tweedie,393,0.66
4,baseline_tweedie,230,0.65
4,baseline_tweedie,549,0.65
4,baseline_tweedie,457,0.64
4,baseline_tweedie,452,0.63
4,baseline_tweedie,381,0.63
4,baseline_tweedie,212,0.62
4,baseline_tweedie,447,0.61
4,baseline_tweedie,35,0.61
4,baseline_tweedie,306,0.61
4,baseline_tweedie,93,0.6
4,baseline_tweedie,14,0.6
4,baseline_tweedie,56,0.6
4,baseline_tweedie,159,0.6
4,baseline_tweedie,1,0.6
4,baseline_tweedie,11,0.59
4,baseline_tweedie,375,0.58
4,baseline_tweedie,535,0.58
4,baseline_tweedie,478,0.58
4,baseline_tweedie,574,0.57
4,baseline_tweedie,435,0.57
4,baseline_tweedie,445,0.57
4,baseline_tweedie,36,0.56
4,baseline_tweedie,635,0.56
4,baseline_tweedie,564,0.55
4,baseline_tweedie,82,0.55
4,baseline_tweedie,238,0.54
4,baseline_tweedie,25,0.54
4,baseline_tweedie,592,0.54
4,baseline_tweedie,135,0.54
4,baseline_tweedie,259,0.54
4,baseline_tweedie,8,0.53
4,baseline_tweedie,406,0.53
4,baseline_tweedie,621,0.53
4,baseline_tweedie,240,0.53
4,baseline_tweedie,74,0.53
4,baseline_tweedie,593,0.52
4,baseline_tweedie,385,0.52
4,baseline_tweedie,109,0.52
4,baseline_tweedie,496,0.52
4,baseline_tweedie,328,0.51
4,baseline_tweedie,638,0.51
4,baseline_tweedie,420,0.51
4,baseline_tweedie,54,0.51
4,baseline_tweedie,450,0.5
4,baseline_tweedie,267,0.5
4,baseline_tweedie,87,0.5
4,baseline_tweedie,490,0.5
4,baseline_tweedie,16,0.5
4,baseline_tweedie,229,0.5
4,baseline_tweedie,94,0.5
4,baseline_tweedie,4,0.49
4,baseline_tweedie,42,0.49
4,baseline_tweedie,418,0.49
4,baseline_tweedie,419,0.49
4,baseline_tweedie,90,0.49
4,baseline_tweedie,255,0.49
4,baseline_tweedie,616,0.48
4,baseline_tweedie,323,0.48
4,baseline_tweedie,579,0.48
4,baseline_tweedie,556,0.47
4,baseline_tweedie,583,0.47
4,baseline_tweedie,247,0.47
4,baseline_tweedie,482,0.47
4,baseline_tweedie,581,0.47
4,baseline_tweedie,151,0.47
4,baseline_tweedie,388,0.47
4,baseline_tweedie,572,0.46
4,baseline_tweedie,19,0.46
4,baseline_tweedie,334,0.46
4,baseline_tweedie,595,0.46
4,baseline_tweedie,627,0.46
4,baseline_tweedie,257,0.46
4,baseline_tweedie,338,0.46
4,baseline_tweedie,182,0.46
4,baseline_tweedie,584,0.46
4,baseline_tweedie,471,0.45
4,baseline_tweedie,536,0.45
4,baseline_tweedie,194,0.45
4,baseline_tweedie,474,0.45
4,baseline_tweedie,527,0.45
4,baseline_tweedie,268,0.45
4,baseline_tweedie,136,0.45
4,baseline_tweedie,585,0.45
4,baseline_tweedie,248,0.45
4,baseline_tweedie,529,0.45
4,baseline_tweedie,37,0.45
4,baseline_tweedie,520,0.45
4,baseline_tweedie,250,0.45
4,baseline_tweedie,76,0.45
4,baseline_tweedie,371,0.45
4,baseline_tweedie,432,0.45
4,baseline_tweedie,244,0.44
4,baseline_tweedie,350,0.44
4,baseline_tweedie,339,0.44
4,baseline_tweedie,487,0.44
4,baseline_tweedie,647,0.44
4,baseline_tweedie,390,0.44
4,baseline_tweedie,422,0.44
4,baseline_tweedie,396,0.44
4,baseline_tweedie,516,0.44
4,baseline_tweedie,456,0.44
4,baseline_tweedie,277,0.43
4,baseline_tweedie,198,0.43
4,baseline_tweedie,285,0.43
4,baseline_tweedie,469,0.43
4,baseline_tweedie,488,0.42
4,baseline_tweedie,305,0.42
4,baseline_tweedie,446,0.42
4,baseline_tweedie,453,0.42
4,baseline_tweedie,281,0.42
4,baseline_tweedie,522,0.42
4,baseline_tweedie,28,0.41
4,baseline_tweedie,642,0.41
4,baseline_tweedie,467,0.41
4,baseline_tweedie,622,0.41
4,baseline_tweedie,362,0.41
4,baseline_tweedie,164,0.41
4,baseline_tweedie,31,0.41
4,baseline_tweedie,253,0.41
4,baseline_tweedie,206,0.41
4,baseline_tweedie,75,0.41
4,baseline_tweedie,412,0.4
4,baseline_tweedie,533,0.4
4,baseline_tweedie,459,0.4
4,baseline_tweedie,332,0.4
4,baseline_tweedie,337,0.4
4,baseline_tweedie,600,0.4
4,baseline_tweedie,454,0.4
4,baseline_tweedie,539,0.39
4,baseline_tweedie,29,0.39
4,baseline_tweedie,265,0.39
4,baseline_tweedie,364,0.39
4,baseline_tweedie,559,0.39
4,baseline_tweedie,188,0.39
4,baseline_tweedie,175,0.38
4,baseline_tweedie,47,0.38
4,baseline_tweedie,455,0.38
4,baseline_tweedie,377,0.38
4,baseline_tweedie,541,0.38
4,baseline_tweedie,17,0.38
4,baseline_tweedie,580,0.38
4,baseline_tweedie,89,0.38
4,baseline_tweedie,78,0.37
4,baseline_tweedie,185,0.37
4,baseline_tweedie,634,0.37
4,baseline_tweedie,308,0.37
4,baseline_tweedie,200,0.37
4,baseline_tweedie,532,0.37
4,baseline_tweedie,77,0.37
4,baseline_tweedie,449,0.37
4,baseline_tweedie,493,0.37
4,baseline_tweedie,269,0.37
4,baseline_tweedie,594,0.37
4,baseline_tweedie,153,0.37
4,baseline_tweedie,356,0.36
4,baseline_tweedie,279,0.36
4,baseline_tweedie,613,0.36
4,baseline_tweedie,461,0.36
4,baseline_tweedie,640,0.36
4,baseline_tweedie,472,0.36
4,baseline_tweedie,577,0.36
4,baseline_tweedie,113,0.36
4,baseline_tweedie,102,0.36
4,baseline_tweedie,546,0.36
4,baseline_tweedie,144,0.36
4,baseline_tweedie,550,0.36
4,baseline_tweedie,57,0.36
4,baseline_tweedie,551,0.35
4,baseline_tweedie,246,0.35
4,baseline_tweedie,398,0.35
4,baseline_tweedie,498,0.35
4,baseline_tweedie,162,0.35
4,baseline_tweedie,258,0.35
4,baseline_tweedie,649,0.35
4,baseline_tweedie,271,0.35
4,baseline_tweedie,61,0.34
4,baseline_tweedie,65,0.34
4,baseline_tweedie,331,0.34
4,baseline_tweedie,501,0.34
4,baseline_tweedie,62,0.34
4,baseline_tweedie,32,0.34
4,baseline_tweedie,591,0.34
4,baseline_tweedie,568,0.34
4,baseline_tweedie,66,0.34
4,baseline_tweedie,358,0.34
4,baseline_tweedie,515,0.34
4,baseline_tweedie,309,0.34
4,baseline_tweedie,605,0.34
4,baseline_tweedie,586,0.34
4,baseline_tweedie,573,0.34
4,baseline_tweedie,63,0.34
4,baseline_tweedie,483,0.34
4,baseline_tweedie,460,0.33
4,baseline_tweedie,547,0.33
4,baseline_tweedie,280,0.33
4,baseline_tweedie,415,0.33
4,baseline_tweedie,411,0.33
4,baseline_tweedie,598,0.33
4,baseline_tweedie,96,0.33
4,baseline_tweedie,289,0.32
4,baseline_tweedie,286,0.32
4,baseline_tweedie,464,0.32
4,baseline_tweedie,458,0.32
4,baseline_tweedie,335,0.32
4,baseline_tweedie,209,0.32
4,baseline_tweedie,72,0.32
4,baseline_tweedie,451,0.32
4,baseline_tweedie,421,0.32
4,baseline_tweedie,609,0.32
4,baseline_tweedie,264,0.32
4,baseline_tweedie,558,0.32
4,baseline_tweedie,448,0.32
4,baseline_tweedie,119,0.32
4,baseline_tweedie,575,0.32
4,baseline_tweedie,503,0.32
4,baseline_tweedie,73,0.31
4,baseline_tweedie,589,0.31
4,baseline_tweedie,110,0.31
4,baseline_tweedie,296,0.31
4,baseline_tweedie,340,0.31
4,baseline_tweedie,343,0.31
4,baseline_tweedie,291,0.31
4,baseline_tweedie,243,0.31
4,baseline_tweedie,292,0.31
4,baseline_tweedie,315,0.31
4,baseline_tweedie,290,0.31
4,baseline_tweedie,645,0.31
4,baseline_tweedie,297,0.31
4,baseline_tweedie,502,0.31
4,baseline_tweedie,566,0.31
4,baseline_tweedie,288,0.31
4,baseline_tweedie,293,0.31
4,baseline_tweedie,15,0.31
4,baseline_tweedie,294,0.31
4,baseline_tweedie,563,0.31
4,baseline_tweedie,391,0.3
4,baseline_tweedie,173,0.3
4,baseline_tweedie,283,0.3
4,baseline_tweedie,184,0.3
4,baseline_tweedie,512,0.3
4,baseline_tweedie,284,0.3
4,baseline_tweedie,387,0.3
4,baseline_tweedie,138,0.3
4,baseline_tweedie,12,0.3
4,baseline_tweedie,369,0.3
4,baseline_tweedie,347,0.3
4,baseline_tweedie,278,0.3
4,baseline_tweedie,67,0.29
4,baseline_tweedie,466,0.29
4,baseline_tweedie,612,0.29
4,baseline_tweedie,86,0.29
4,baseline_tweedie,540,0.29
4,baseline_tweedie,313,0.29
4,baseline_tweedie,538,0.29
4,baseline_tweedie,71,0.29
4,baseline_tweedie,108,0.29
4,baseline_tweedie,203,0.29
4,baseline_tweedie,537,0.29
4,baseline_tweedie,130,0.29
4,baseline_tweedie,79,0.29
4,baseline_tweedie,426,0.28
4,baseline_tweedie,104,0.28
4,baseline_tweedie,261,0.28
4,baseline_tweedie,91,0.28
4,baseline_tweedie,97,0.28
4,baseline_tweedie,543,0.28
4,baseline_tweedie,33,0.28
4,baseline_tweedie,158,0.28
4,baseline_tweedie,163,0.28
4,baseline_tweedie,101,0.28
4,baseline_tweedie,222,0.28
4,baseline_tweedie,112,0.28
4,baseline_tweedie,145,0.28
4,baseline_tweedie,10,0.28
4,baseline_tweedie,570,0.27
4,baseline_tweedie,210,0.27
4,baseline_tweedie,557,0.27
4,baseline_tweedie,152,0.27
4,baseline_tweedie,146,0.27
4,baseline_tweedie,21,0.27
4,baseline_tweedie,157,0.27
4,baseline_tweedie,143,0.27
4,baseline_tweedie,561,0.27
4,baseline_tweedie,504,0.27
4,baseline_tweedie,176,0.27
4,baseline_tweedie,127,0.27
4,baseline_tweedie,239,0.27
4,baseline_tweedie,98,0.27
4,baseline_tweedie,245,0.27
4,baseline_tweedie,397,0.27
4,baseline_tweedie,654,0.27
4,baseline_tweedie,150,0.27
4,baseline_tweedie,124,0.26
4,baseline_tweedie,125,0.26
4,baseline_tweedie,232,0.26
4,baseline_tweedie,26,0.26
4,baseline_tweedie,235,0.26
4,baseline_tweedie,49,0.26
4,baseline_tweedie,50,0.26
4,baseline_tweedie,48,0.26
4,baseline_tweedie,395,0.26
4,baseline_tweedie,607,0.26
4,baseline_tweedie,631,0.26
4,baseline_tweedie,231,0.26
4,baseline_tweedie,88,0.26
4,baseline_tweedie,234,0.26
4,baseline_tweedie,44,0.26
4,baseline_tweedie,618,0.26
4,baseline_tweedie,168,0.26
4,baseline_tweedie,201,0.26
4,baseline_tweedie,53,0.26
4,baseline_tweedie,169,0.26
4,baseline_tweedie,170,0.26
4,baseline_tweedie,442,0.25
4,baseline_tweedie,64,0.25
4,baseline_tweedie,428,0.25
4,baseline_tweedie,7,0.25
4,baseline_tweedie,13,0.25
4,baseline_tweedie,531,0.25
4,baseline_tweedie,443,0.25
4,baseline_tweedie,444,0.25
4,baseline_tweedie,608,0.25
4,baseline_tweedie,463,0.25
4,baseline_tweedie,336,0.25
4,baseline_tweedie,105,0.25
4,baseline_tweedie,565,0.25
4,baseline_tweedie,530,0.25
4,baseline_tweedie,560,0.25
4,baseline_tweedie,256,0.25
4,baseline_tweedie,295,0.25
4,baseline_tweedie,643,0.25
4,baseline_tweedie,266,0.25
4,baseline_tweedie,51,0.25
4,baseline_tweedie,195,0.25
4,baseline_tweedie,650,0.25
4,baseline_tweedie,636,0.25
4,baseline_tweedie,149,0.25
4,baseline_tweedie,626,0.25
4,baseline_tweedie,617,0.25
4,baseline_tweedie,610,0.25
4,baseline_tweedie,270,0.25
4,baseline_tweedie,141,0.25
4,baseline_tweedie,569,0.25
4,baseline_tweedie,161,0.24
4,baseline_tweedie,241,0.24
4,baseline_tweedie,619,0.24
4,baseline_tweedie,237,0.24
4,baseline_tweedie,316,0.24
4,baseline_tweedie,327,0.24
4,baseline_tweedie,399,0.24
4,baseline_tweedie,282,0.24
4,baseline_tweedie,115,0.24
4,baseline_tweedie,544,0.24
4,baseline_tweedie,166,0.24
4,baseline_tweedie,632,0.23
4,baseline_tweedie,59,0.23
4,baseline_tweedie,221,0.23
4,baseline_tweedie,84,0.23
4,baseline_tweedie,615,0.23
4,baseline_tweedie,236,0.23
4,baseline_tweedie,637,0.23
4,baseline_tweedie,81,0.23
4,baseline_tweedie,219,0.23
4,baseline_tweedie,653,0.23
4,baseline_tweedie,628,0.23
4,baseline_tweedie,68,0.23
4,baseline_tweedie,439,0.23
4,baseline_tweedie,481,0.23
4,baseline_tweedie,410,0.23
4,baseline_tweedie,409,0.23
4,baseline_tweedie,408,0.23
4,baseline_tweedie,407,0.23
4,baseline_tweedie,404,0.23
4,baseline_tweedie,402,0.23
4,baseline_tweedie,400,0.23
4,baseline_tweedie,208,0.23
4,baseline_tweedie,215,0.23
4,baseline_tweedie,216,0.23
4,baseline_tweedie,217,0.23
4,baseline_tweedie,218,0.23
4,baseline_tweedie,213,0.23
4,baseline_tweedie,58,0.23
4,baseline_tweedie,129,0.23
4,baseline_tweedie,311,0.23
4,baseline_tweedie,318,0.23
4,baseline_tweedie,319,0.23
4,baseline_tweedie,114,0.23
4,baseline_tweedie,310,0.23
4,baseline_tweedie,322,0.23
4,baseline_tweedie,324,0.23
4,baseline_tweedie,298,0.23
4,baseline_tweedie,299,0.23
4,baseline_tweedie,314,0.23
4,baseline_tweedie,312,0.23
4,baseline_tweedie,562,0.23
4,baseline_tweedie,571,0.23
4,baseline_tweedie,602,0.23
4,baseline_tweedie,317,0.23
4,baseline_tweedie,274,0.22
4,baseline_tweedie,140,0.22
4,baseline_tweedie,394,0.22
4,baseline_tweedie,510,0.22
4,baseline_tweedie,601,0.22
4,baseline_tweedie,60,0.22
4,baseline_tweedie,509,0.22
4,baseline_tweedie,508,0.22
4,baseline_tweedie,254,0.22
4,baseline_tweedie,518,0.22
4,baseline_tweedie,524,0.22
4,baseline_tweedie,507,0.22
4,baseline_tweedie,41,0.22
4,baseline_tweedie,517,0.22
4,baseline_tweedie,521,0.22
4,baseline_tweedie,275,0.22
4,baseline_tweedie,186,0.22
4,baseline_tweedie,392,0.22
4,baseline_tweedie,588,0.22
4,baseline_tweedie,513,0.22
4,baseline_tweedie,147,0.22
4,baseline_tweedie,273,0.22
4,baseline_tweedie,511,0.22
4,baseline_tweedie,227,0.22
4,baseline_tweedie,500,0.22
4,baseline_tweedie,228,0.22
4,baseline_tweedie,505,0.22
4,baseline_tweedie,276,0.22
4,baseline_tweedie,205,0.21
4,baseline_tweedie,606,0.21
4,baseline_tweedie,214,0.21
4,baseline_tweedie,39,0.21
4,baseline_tweedie,38,0.21
4,baseline_tweedie,379,0.21
4,baseline_tweedie,69,0.21
4,baseline_tweedie,372,0.21
4,baseline_tweedie,330,0.21
4,baseline_tweedie,220,0.21
4,baseline_tweedie,30,0.21
4,baseline_tweedie,576,0.21
4,baseline_tweedie,630,0.21
4,baseline_tweedie,633,0.21
4,baseline_tweedie,427,0.21
4,baseline_tweedie,80,0.21
4,baseline_tweedie,192,0.2
4,baseline_tweedie,27,0.2
4,baseline_tweedie,307,0.2
4,baseline_tweedie,303,0.2
4,baseline_tweedie,534,0.2
4,baseline_tweedie,191,0.2
4,baseline_tweedie,480,0.2
4,baseline_tweedie,189,0.2
4,baseline_tweedie,506,0.2
4,baseline_tweedie,187,0.2
4,baseline_tweedie,644,0.2
4,baseline_tweedie,555,0.2
4,baseline_tweedie,370,0.2
4,baseline_tweedie,45,0.2
4,baseline_tweedie,20,0.2
4,baseline_tweedie,18,0.2
4,baseline_tweedie,260,0.2
4,baseline_tweedie,24,0.2
4,baseline_tweedie,367,0.2
4,baseline_tweedie,368,0.2
4,baseline_tweedie,373,0.2
4,baseline_tweedie,374,0.2
4,baseline_tweedie,22,0.2
4,baseline_tweedie,376,0.2
4,baseline_tweedie,378,0.2
4,baseline_tweedie,383,0.2
4,baseline_tweedie,202,0.2
4,baseline_tweedie,199,0.2
4,baseline_tweedie,23,0.2
4,baseline_tweedie,525,0.19
4,baseline_tweedie,485,0.19
4,baseline_tweedie,484,0.19
4,baseline_tweedie,497,0.19
4,baseline_tweedie,489,0.19
4,baseline_tweedie,429,0.19
4,baseline_tweedie,495,0.19
4,baseline_tweedie,473,0.19
4,baseline_tweedie,494,0.19
4,baseline_tweedie,542,0.19
4,baseline_tweedie,651,0.19
4,baseline_tweedie,100,0.19
4,baseline_tweedie,148,0.19
4,baseline_tweedie,249,0.19
4,baseline_tweedie,46,0.19
4,baseline_tweedie,211,0.19
4,baseline_tweedie,99,0.19
4,baseline_tweedie,43,0.19
4,baseline_tweedie,103,0.19
4,baseline_tweedie,132,0.18
4,baseline_tweedie,363,0.18
4,baseline_tweedie,361,0.18
4,baseline_tweedie,360,0.18
4,baseline_tweedie,359,0.18
4,baseline_tweedie,126,0.18
4,baseline_tweedie,128,0.18
4,baseline_tweedie,242,0.18
4,baseline_tweedie,133,0.18
4,baseline_tweedie,121,0.18
4,baseline_tweedie,134,0.18
4,baseline_tweedie,624,0.18
4,baseline_tweedie,639,0.18
4,baseline_tweedie,519,0.18
4,baseline_tweedie,652,0.18
4,baseline_tweedie,122,0.18
4,baseline_tweedie,365,0.18
4,baseline_tweedie,499,0.18
4,baseline_tweedie,587,0.18
4,baseline_tweedie,5,0.18
4,baseline_tweedie,6,0.18
4,baseline_tweedie,70,0.18
4,baseline_tweedie,85,0.18
4,baseline_tweedie,251,0.18
4,baseline_tweedie,92,0.18
4,baseline_tweedie,106,0.18
4,baseline_tweedie,620,0.18
4,baseline_tweedie,252,0.18
4,baseline_tweedie,155,0.18
4,baseline_tweedie,386,0.18
4,baseline_tweedie,190,0.18
4,baseline_tweedie,204,0.18
4,baseline_tweedie,476,0.17
4,baseline_tweedie,470,0.17
4,baseline_tweedie,329,0.17
4,baseline_tweedie,178,0.17
4,baseline_tweedie,475,0.17
4,baseline_tweedie,179,0.17
4,baseline_tweedie,180,0.17
4,baseline_tweedie,479,0.17
4,baseline_tweedie,181,0.17
4,baseline_tweedie,174,0.17
4,baseline_tweedie,477,0.17
4,baseline_tweedie,177,0.17
4,baseline_tweedie,491,0.17
4,baseline_tweedie,156,0.17
4,baseline_tweedie,353,0.17
4,baseline_tweedie,545,0.17
4,baseline_tweedie,117,0.17
4,baseline_tweedie,118,0.17
4,baseline_tweedie,120,0.17
4,baseline_tweedie,354,0.17
4,baseline_tweedie,355,0.17
4,baseline_tweedie,352,0.17
4,baseline_tweedie,423,0.17
4,baseline_tweedie,523,0.17
4,baseline_tweedie,614,0.17
4,baseline_tweedie,346,0.17
4,baseline_tweedie,351,0.17
4,baseline_tweedie,40,0.16
4,baseline_tweedie,526,0.16
4,baseline_tweedie,403,0.16
4,baseline_tweedie,111,0.16
4,baseline_tweedie,95,0.16
4,baseline_tweedie,552,0.16
4,baseline_tweedie,287,0.16
4,baseline_tweedie,225,0.16
4,baseline_tweedie,300,0.16
4,baseline_tweedie,405,0.16
4,baseline_tweedie,366,0.16
4,baseline_tweedie,345,0.16
4,baseline_tweedie,554,0.16
4,baseline_tweedie,302,0.16
4,baseline_tweedie,301,0.16
4,baseline_tweedie,465,0.16
4,baseline_tweedie,272,0.16
4,baseline_tweedie,131,0.15
4,baseline_tweedie,431,0.15
4,baseline_tweedie,357,0.15
4,baseline_tweedie,438,0.15
4,baseline_tweedie,142,0.15
4,baseline_tweedie,437,0.15
4,baseline_tweedie,514,0.15
4,baseline_tweedie,154,0.15
4,baseline_tweedie,436,0.15
4,baseline_tweedie,434,0.15
4,baseline_tweedie,433,0.15
4,baseline_tweedie,139,0.15
4,baseline_tweedie,137,0.15
4,baseline_tweedie,430,0.15
4,baseline_tweedie,83,0.15
4,baseline_tweedie,582,0.15
4,baseline_tweedie,55,0.15
4,baseline_tweedie,401,0.15
4,baseline_tweedie,2,0.15
4,baseline_tweedie,3,0.15
4,baseline_tweedie,416,0.14
4,baseline_tweedie,425,0.14
4,baseline_tweedie,424,0.14
4,baseline_tweedie,382,0.14
4,baseline_tweedie,380,0.14
4,baseline_tweedie,486,0.14
4,baseline_tweedie,599,0.14
4,baseline_tweedie,528,0.14
4,baseline_tweedie,590,0.14
4,baseline_tweedie,197,0.14
4,baseline_tweedie,196,0.14
4,baseline_tweedie,193,0.14
4,baseline_tweedie,468,0.14
4,baseline_tweedie,342,0.13
4,baseline_tweedie,107,0.13
4,baseline_tweedie,165,0.13
4,baseline_tweedie,333,0.13
4,baseline_tweedie,223,0.13
4,baseline_tweedie,344,0.13
4,baseline_tweedie,603,0.13
4,baseline_tweedie,320,0.13
4,baseline_tweedie,341,0.13
4,baseline_tweedie,553,0.13
4,baseline_tweedie,648,0.13
4,baseline_tweedie,641,0.13
4,baseline_tweedie,604,0.13
4,baseline_tweedie,183,0.12
4,baseline_tweedie,224,0.12
4,baseline_tweedie,123,0.12
4,baseline_tweedie,167,0.11
4,baseline_tweedie,171,0.11
4,baseline_tweedie,623,0.11
4,baseline_tweedie,417,0.11
4,baseline_tweedie,172,0.11
4,baseline_tweedie,441,0.1
4,baseline_tweedie,440,0.1
4,baseline_tweedie,325,0.09
4,baseline_tweedie,326,0.09
4,baseline_tweedie,413,0.09
4,baseline_tweedie,414,0.09
4,baseline_tweedie,629,0.09
4,baseline_tweedie,492,0.09
4,baseline_tweedie,625,0.09
4,baseline_tweedie,349,0.08
4,baseline_tweedie,348,0.08
4,baseline,12,4.69
4,baseline,15,4.65
4,baseline,26,4.23
4,baseline,399,4.22
4,baseline,264,4.14
4,baseline,411,4.03
4,baseline,165,3.71
4,baseline,68,3.52
4,baseline,249,3.51
4,baseline,427,3.4
4,baseline,398,3.22
4,baseline,397,3.2
4,baseline,569,3.12
4,baseline,426,3.09
4,baseline,557,3.09
4,baseline,115,3.08
4,baseline,1,3.08
4,baseline,154,3.05
4,baseline,40,3.04
4,baseline,10,2.98
4,baseline,379,2.96
4,baseline,13,2.86
4,baseline,258,2.84
4,baseline,305,2.82
4,baseline,454,2.82
4,baseline,412,2.76
4,baseline,464,2.71
4,baseline,384,2.7
4,baseline,391,2.63
4,baseline,367,2.62
4,baseline,57,2.61
4,baseline,8,2.6
4,baseline,226,2.59
4,baseline,4,2.53
4,baseline,173,2.52
4,baseline,106,2.51
4,baseline,532,2.5
4,baseline,230,2.48
4,baseline,567,2.44
4,baseline,233,2.43
4,baseline,471,2.42
4,baseline,60,2.4
4,baseline,449,2.39
4,baseline,204,2.36
4,baseline,86,2.36
4,baseline,467,2.35
4,baseline,94,2.34
4,baseline,496,2.34
4,baseline,268,2.34
4,baseline,112,2.33
4,baseline,390,2.32
4,baseline,593,2.32
4,baseline,109,2.29
4,baseline,261,2.28
4,baseline,350,2.25
4,baseline,242,2.25
4,baseline,514,2.24
4,baseline,110,2.23
4,baseline,564,2.22
4,baseline,388,2.22
4,baseline,265,2.19
4,baseline,346,2.17
4,baseline,236,2.17
4,baseline,124,2.16
4,baseline,552,2.16
4,baseline,418,2.14
4,baseline,82,2.13
4,baseline,469,2.11
4,baseline,200,2.11
4,baseline,453,2.1
4,baseline,447,2.09
4,baseline,7,2.05
4,baseline,127,2.04
4,baseline,486,1.97
4,baseline,533,1.95
4,baseline,182,1.93
4,baseline,335,1.92
4,baseline,377,1.92
4,baseline,145,1.91
4,baseline,229,1.91
4,baseline,529,1.9
4,baseline,541,1.89
4,baseline,542,1.89
4,baseline,432,1.87
4,baseline,534,1.86
4,baseline,544,1.86
4,baseline,156,1.86
4,baseline,166,1.85
4,baseline,474,1.85
4,baseline,96,1.85
4,baseline,572,1.85
4,baseline,244,1.85
4,baseline,175,1.84
4,baseline,545,1.8
4,baseline,536,1.78
4,baseline,605,1.78
4,baseline,393,1.77
4,baseline,591,1.77
4,baseline,551,1.76
4,baseline,481,1.76
4,baseline,472,1.74
4,baseline,362,1.73
4,baseline,368,1.7
4,baseline,480,1.7
4,baseline,211,1.69
4,baseline,570,1.67
4,baseline,176,1.67
4,baseline,566,1.65
4,baseline,366,1.65
4,baseline,423,1.64
4,baseline,334,1.64
4,baseline,445,1.64
4,baseline,499,1.63
4,baseline,64,1.63
4,baseline,356,1.6
4,baseline,304,1.6
4,baseline,428,1.59
4,baseline,43,1.59
4,baseline,385,1.58
4,baseline,61,1.57
4,baseline,588,1.57
4,baseline,250,1.56
4,baseline,247,1.56
4,baseline,198,1.56
4,baseline,161,1.56
4,baseline,649,1.55
4,baseline,246,1.54
4,baseline,295,1.54
4,baseline,316,1.53
4,baseline,565,1.53
4,baseline,635,1.53
4,baseline,280,1.52
4,baseline,98,1.52
4,baseline,417,1.48
4,baseline,279,1.48
4,baseline,11,1.47
4,baseline,28,1.46
4,baseline,501,1.46
4,baseline,286,1.45
4,baseline,183,1.44
4,baseline,619,1.43
4,baseline,306,1.43
4,baseline,504,1.42
4,baseline,580,1.42
4,baseline,455,1.42
4,baseline,597,1.41
4,baseline,598,1.41
4,baseline,332,1.41
4,baseline,190,1.41
4,baseline,36,1.41
4,baseline,643,1.41
4,baseline,330,1.39
4,baseline,259,1.38
4,baseline,31,1.38
4,baseline,116,1.37
4,baseline,51,1.36
4,baseline,184,1.36
4,baseline,237,1.35
4,baseline,358,1.34
4,baseline,151,1.34
4,baseline,142,1.34
4,baseline,315,1.31
4,baseline,123,1.31
4,baseline,642,1.3
4,baseline,419,1.28
4,baseline,119,1.27
4,baseline,429,1.26
4,baseline,290,1.26
4,baseline,16,1.26
4,baseline,347,1.26
4,baseline,269,1.26
4,baseline,167,1.25
4,baseline,627,1.25
4,baseline,113,1.25
4,baseline,562,1.24
4,baseline,148,1.24
4,baseline,576,1.24
4,baseline,338,1.24
4,baseline,502,1.24
4,baseline,88,1.23
4,baseline,483,1.23
4,baseline,473,1.23
4,baseline,439,1.22
4,baseline,553,1.22
4,baseline,32,1.2
4,baseline,155,1.19
4,baseline,214,1.18
4,baseline,253,1.16
4,baseline,282,1.16
4,baseline,422,1.15
4,baseline,415,1.15
4,baseline,34,1.14
4,baseline,144,1.13
4,baseline,401,1.12
4,baseline,558,1.12
4,baseline,457,1.11
4,baseline,239,1.11
4,baseline,87,1.1
4,baseline,516,1.1
4,baseline,37,1.1
4,baseline,248,1.09
4,baseline,212,1.09
4,baseline,503,1.08
4,baseline,74,1.07
4,baseline,586,1.07
4,baseline,46,1.07
4,baseline,371,1.05
4,baseline,646,1.05
4,baseline,490,1.05
4,baseline,70,1.04
4,baseline,203,1.04
4,baseline,262,1.03
4,baseline,616,1.03
4,baseline,25,1.03
4,baseline,69,1.03
4,baseline,52,1.03
4,baseline,102,1.02
4,baseline,579,1.02
4,baseline,634,1.01
4,baseline,460,1.01
4,baseline,578,1.01
4,baseline,114,1.0
4,baseline,9,0.99
4,baseline,267,0.99
4,baseline,596,0.97
4,baseline,162,0.97
4,baseline,254,0.96
4,baseline,405,0.96
4,baseline,644,0.96
4,baseline,160,0.96
4,baseline,19,0.95
4,baseline,153,0.95
4,baseline,263,0.95
4,baseline,420,0.93
4,baseline,129,0.93
4,baseline,357,0.93
4,baseline,281,0.92
4,baseline,84,0.91
4,baseline,71,0.91
4,baseline,592,0.91
4,baseline,459,0.9
4,baseline,589,0.9
4,baseline,67,0.9
4,baseline,257,0.9
4,baseline,585,0.9
4,baseline,525,0.89
4,baseline,79,0.88
4,baseline,456,0.88
4,baseline,260,0.87
4,baseline,14,0.87
4,baseline,75,0.87
4,baseline,209,0.87
4,baseline,327,0.87
4,baseline,548,0.86
4,baseline,308,0.86
4,baseline,135,0.86
4,baseline,17,0.85
4,baseline,130,0.85
4,baseline,202,0.85
4,baseline,41,0.84
4,baseline,381,0.84
4,baseline,375,0.84
4,baseline,313,0.84
4,baseline,506,0.83
4,baseline,76,0.83
4,baseline,403,0.83
4,baseline,462,0.83
4,baseline,638,0.83
4,baseline,238,0.83
4,baseline,535,0.82
4,baseline,452,0.82
4,baseline,512,0.82
4,baseline,549,0.81
4,baseline,207,0.81
4,baseline,277,0.81
4,baseline,583,0.81
4,baseline,584,0.81
4,baseline,435,0.81
4,baseline,47,0.8
4,baseline,93,0.8
4,baseline,559,0.8
4,baseline,595,0.8
4,baseline,285,0.79
4,baseline,574,0.79
4,baseline,138,0.79
4,baseline,90,0.79
4,baseline,81,0.79
4,baseline,321,0.78
4,baseline,478,0.77
4,baseline,73,0.77
4,baseline,446,0.77
4,baseline,336,0.77
4,baseline,611,0.77
4,baseline,406,0.77
4,baseline,35,0.76
4,baseline,498,0.76
4,baseline,210,0.76
4,baseline,108,0.76
4,baseline,194,0.75
4,baseline,125,0.75
4,baseline,640,0.75
4,baseline,577,0.75
4,baseline,608,0.74
4,baseline,56,0.74
4,baseline,222,0.74
4,baseline,488,0.74
4,baseline,450,0.74
4,baseline,364,0.74
4,baseline,159,0.74
4,baseline,323,0.74
4,baseline,54,0.73
4,baseline,600,0.73
4,baseline,42,0.73
4,baseline,621,0.73
4,baseline,185,0.73
4,baseline,647,0.73
4,baseline,461,0.73
4,baseline,543,0.73
4,baseline,339,0.72
4,baseline,164,0.72
4,baseline,556,0.72
4,baseline,389,0.72
4,baseline,492,0.72
4,baseline,328,0.71
4,baseline,45,0.71
4,baseline,72,0.71
4,baseline,240,0.71
4,baseline,186,0.7
4,baseline,24,0.7
4,baseline,613,0.7
4,baseline,300,0.7
4,baseline,302,0.7
4,baseline,303,0.7
4,baseline,307,0.7
4,baseline,515,0.7
4,baseline,59,0.7
4,baseline,58,0.7
4,baseline,301,0.7
4,baseline,568,0.7
4,baseline,546,0.7
4,baseline,23,0.7
4,baseline,550,0.7
4,baseline,615,0.7
4,baseline,22,0.7
4,baseline,20,0.7
4,baseline,530,0.7
4,baseline,531,0.7
4,baseline,554,0.7
4,baseline,18,0.7
4,baseline,201,0.69
4,baseline,63,0.69
4,baseline,65,0.69
4,baseline,413,0.69
4,baseline,414,0.69
4,baseline,594,0.69
4,baseline,540,0.69
4,baseline,62,0.69
4,baseline,78,0.69
4,baseline,538,0.69
4,baseline,537,0.69
4,baseline,66,0.69
4,baseline,325,0.69
4,baseline,188,0.69
4,baseline,612,0.69
4,baseline,77,0.69
4,baseline,573,0.69
4,baseline,343,0.69
4,baseline,491,0.69
4,baseline,623,0.68
4,baseline,416,0.68
4,baseline,171,0.68
4,baseline,571,0.68
4,baseline,425,0.68
4,baseline,424,0.68
4,baseline,91,0.68
4,baseline,602,0.68
4,baseline,131,0.68
4,baseline,133,0.68
4,baseline,134,0.68
4,baseline,199,0.68
4,baseline,205,0.68
4,baseline,235,0.68
4,baseline,324,0.68
4,baseline,430,0.68
4,baseline,221,0.68
4,baseline,3,0.68
4,baseline,80,0.68
4,baseline,128,0.68
4,baseline,636,0.68
4,baseline,626,0.68
4,baseline,555,0.68
4,baseline,126,0.68
4,baseline,270,0.68
4,baseline,633,0.68
4,baseline,266,0.68
4,baseline,21,0.68
4,baseline,122,0.68
4,baseline,227,0.68
4,baseline,228,0.68
4,baseline,121,0.68
4,baseline,6,0.68
4,baseline,5,0.68
4,baseline,231,0.68
4,baseline,654,0.68
4,baseline,232,0.68
4,baseline,624,0.68
4,baseline,245,0.68
4,baseline,2,0.68
4,baseline,220,0.68
4,baseline,219,0.68
4,baseline,639,0.68
4,baseline,319,0.68
4,baseline,318,0.68
4,baseline,431,0.68
4,baseline,314,0.68
4,baseline,132,0.68
4,baseline,312,0.68
4,baseline,311,0.68
4,baseline,310,0.68
4,baseline,208,0.68
4,baseline,213,0.68
4,baseline,433,0.68
4,baseline,234,0.68
4,baseline,434,0.68
4,baseline,617,0.68
4,baseline,215,0.68
4,baseline,216,0.68
4,baseline,217,0.68
4,baseline,436,0.68
4,baseline,437,0.68
4,baseline,438,0.68
4,baseline,652,0.68
4,baseline,218,0.68
4,baseline,172,0.68
4,baseline,487,0.67
4,baseline,191,0.67
4,baseline,581,0.67
4,baseline,482,0.67
4,baseline,189,0.67
4,baseline,187,0.67
4,baseline,251,0.67
4,baseline,252,0.67
4,baseline,181,0.67
4,baseline,180,0.67
4,baseline,179,0.67
4,baseline,458,0.67
4,baseline,178,0.67
4,baseline,177,0.67
4,baseline,192,0.67
4,baseline,443,0.67
4,baseline,442,0.67
4,baseline,174,0.67
4,baseline,444,0.67
4,baseline,451,0.66
4,baseline,448,0.66
4,baseline,609,0.66
4,baseline,651,0.66
4,baseline,120,0.66
4,baseline,614,0.66
4,baseline,149,0.66
4,baseline,29,0.66
4,baseline,118,0.66
4,baseline,117,0.66
4,baseline,111,0.66
4,baseline,256,0.66
4,baseline,610,0.66
4,baseline,650,0.66
4,baseline,273,0.65
4,baseline,575,0.65
4,baseline,463,0.65
4,baseline,645,0.65
4,baseline,340,0.65
4,baseline,89,0.65
4,baseline,274,0.65
4,baseline,276,0.65
4,baseline,297,0.65
4,baseline,296,0.65
4,baseline,294,0.65
4,baseline,293,0.65
4,baseline,27,0.65
4,baseline,292,0.65
4,baseline,291,0.65
4,baseline,275,0.65
4,baseline,288,0.65
4,baseline,494,0.64
4,baseline,500,0.64
4,baseline,497,0.64
4,baseline,495,0.64
4,baseline,289,0.64
4,baseline,147,0.64
4,baseline,284,0.64
4,baseline,493,0.64
4,baseline,225,0.64
4,baseline,278,0.64
4,baseline,505,0.64
4,baseline,383,0.64
4,baseline,507,0.64
4,baseline,513,0.64
4,baseline,378,0.64
4,baseline,376,0.64
4,baseline,374,0.64
4,baseline,373,0.64
4,baseline,372,0.64
4,baseline,370,0.64
4,baseline,601,0.64
4,baseline,524,0.64
4,baseline,508,0.64
4,baseline,518,0.64
4,baseline,517,0.64
4,baseline,521,0.64
4,baseline,283,0.64
4,baseline,355,0.64
4,baseline,354,0.64
4,baseline,511,0.64
4,baseline,510,0.64
4,baseline,351,0.64
4,baseline,352,0.64
4,baseline,353,0.64
4,baseline,509,0.64
4,baseline,48,0.63
4,baseline,137,0.63
4,baseline,33,0.63
4,baseline,139,0.63
4,baseline,44,0.63
4,baseline,197,0.63
4,baseline,49,0.63
4,baseline,50,0.63
4,baseline,196,0.63
4,baseline,607,0.63
4,baseline,618,0.63
4,baseline,631,0.63
4,baseline,272,0.63
4,baseline,243,0.63
4,baseline,193,0.63
4,baseline,53,0.63
4,baseline,599,0.63
4,baseline,441,0.63
4,baseline,365,0.63
4,baseline,440,0.63
4,baseline,363,0.63
4,baseline,337,0.63
4,baseline,317,0.63
4,baseline,359,0.63
4,baseline,361,0.63
4,baseline,360,0.63
4,baseline,322,0.63
4,baseline,341,0.62
4,baseline,484,0.62
4,baseline,485,0.62
4,baseline,489,0.62
4,baseline,342,0.62
4,baseline,590,0.62
4,baseline,539,0.62
4,baseline,630,0.62
4,baseline,344,0.62
4,baseline,604,0.62
4,baseline,625,0.62
4,baseline,629,0.62
4,baseline,606,0.62
4,baseline,648,0.62
4,baseline,39,0.62
4,baseline,105,0.62
4,baseline,466,0.62
4,baseline,38,0.62
4,baseline,30,0.62
4,baseline,326,0.62
4,baseline,468,0.62
4,baseline,141,0.61
4,baseline,380,0.61
4,baseline,637,0.61
4,baseline,470,0.61
4,baseline,622,0.61
4,baseline,101,0.61
4,baseline,632,0.61
4,baseline,603,0.61
4,baseline,563,0.61
4,baseline,299,0.61
4,baseline,298,0.61
4,baseline,641,0.61
4,baseline,136,0.61
4,baseline,560,0.61
4,baseline,333,0.61
4,baseline,97,0.61
4,baseline,158,0.61
4,baseline,163,0.61
4,baseline,475,0.61
4,baseline,206,0.61
4,baseline,382,0.61
4,baseline,476,0.61
4,baseline,477,0.61
4,baseline,479,0.61
4,baseline,522,0.6
4,baseline,519,0.6
4,baseline,407,0.6
4,baseline,402,0.6
4,baseline,628,0.6
4,baseline,653,0.6
4,baseline,528,0.6
4,baseline,404,0.6
4,baseline,408,0.6
4,baseline,409,0.6
4,baseline,410,0.6
4,baseline,150,0.6
4,baseline,104,0.6
4,baseline,55,0.6
4,baseline,143,0.6
4,baseline,146,0.6
4,baseline,152,0.6
4,baseline,157,0.6
4,baseline,561,0.6
4,baseline,400,0.6
4,baseline,582,0.6
4,baseline,396,0.6
4,baseline,103,0.59
4,baseline,386,0.59
4,baseline,241,0.59
4,baseline,92,0.59
4,baseline,83,0.59
4,baseline,85,0.59
4,baseline,520,0.59
4,baseline,620,0.59
4,baseline,99,0.59
4,baseline,587,0.59
4,baseline,100,0.59
4,baseline,394,0.58
4,baseline,392,0.58
4,baseline,349,0.57
4,baseline,107,0.57
4,baseline,348,0.57
4,baseline,168,0.56
4,baseline,421,0.56
4,baseline,169,0.56
4,baseline,170,0.56
4,baseline,140,0.55
4,baseline,369,0.53
4,baseline,547,0.53
4,baseline,271,0.52
4,baseline,523,0.52
4,baseline,309,0.51
4,baseline,387,0.51
4,baseline,527,0.5
4,baseline,223,0.47
4,baseline,95,0.45
4,baseline,255,0.45
4,baseline,465,0.44
4,baseline,224,0.4
4,baseline,287,0.39
4,baseline,395,0.34
4,baseline,195,0.34
4,baseline,329,0.33
4,baseline,345,0.32
4,baseline,526,0.31
4,baseline,320,0.24
4,baseline,331,0.23
4,twohead,249,4.07
4,twohead,1,3.96
4,twohead,26,3.9
4,twohead,109,3.79
4,twohead,96,3.77
4,twohead,428,3.44
4,twohead,464,3.39
4,twohead,597,3.38
4,twohead,350,3.37
4,twohead,567,3.34
4,twohead,295,3.32
4,twohead,552,3.3
4,twohead,362,3.28
4,twohead,110,3.26
4,twohead,427,3.24
4,twohead,57,3.24
4,twohead,533,3.21
4,twohead,514,3.11
4,twohead,250,3.1
4,twohead,13,3.09
4,twohead,226,3.08
4,twohead,496,3.08
4,twohead,557,3.02
4,twohead,384,3.01
4,twohead,564,3.01
4,twohead,332,3.01
4,twohead,569,3.01
4,twohead,45,3.0
4,twohead,242,3.0
4,twohead,492,2.99
4,twohead,40,2.97
4,twohead,230,2.97
4,twohead,579,2.95
4,twohead,412,2.92
4,twohead,156,2.91
4,twohead,529,2.86
4,twohead,4,2.82
4,twohead,79,2.8
4,twohead,366,2.76
4,twohead,82,2.74
4,twohead,10,2.74
4,twohead,467,2.72
4,twohead,12,2.66
4,twohead,233,2.63
4,twohead,356,2.61
4,twohead,377,2.6
4,twohead,28,2.59
4,twohead,236,2.58
4,twohead,429,2.58
4,twohead,68,2.57
4,twohead,46,2.56
4,twohead,385,2.56
4,twohead,553,2.56
4,twohead,316,2.55
4,twohead,358,2.54
4,twohead,649,2.53
4,twohead,544,2.52
4,twohead,41,2.48
4,twohead,286,2.48
4,twohead,183,2.48
4,twohead,198,2.47
4,twohead,453,2.47
4,twohead,397,2.46
4,twohead,335,2.46
4,twohead,112,2.43
4,twohead,67,2.42
4,twohead,334,2.42
4,twohead,551,2.41
4,twohead,591,2.41
4,twohead,346,2.41
4,twohead,261,2.4
4,twohead,247,2.4
4,twohead,368,2.4
4,twohead,460,2.38
4,twohead,372,2.38
4,twohead,516,2.36
4,twohead,173,2.35
4,twohead,367,2.32
4,twohead,239,2.32
4,twohead,432,2.31
4,twohead,47,2.31
4,twohead,8,2.31
4,twohead,534,2.3
4,twohead,195,2.29
4,twohead,290,2.27
4,twohead,545,2.26
4,twohead,69,2.25
4,twohead,244,2.24
4,twohead,619,2.24
4,twohead,267,2.23
4,twohead,542,2.22
4,twohead,43,2.22
4,twohead,398,2.22
4,twohead,246,2.21
4,twohead,138,2.21
4,twohead,338,2.2
4,twohead,190,2.19
4,twohead,315,2.19
4,twohead,503,2.18
4,twohead,229,2.16
4,twohead,70,2.15
4,twohead,7,2.14
4,twohead,480,2.14
4,twohead,37,2.14
4,twohead,481,2.14
4,twohead,161,2.13
4,twohead,61,2.13
4,twohead,390,2.13
4,twohead,184,2.13
4,twohead,277,2.12
4,twohead,454,2.09
4,twohead,36,2.08
4,twohead,280,2.08
4,twohead,165,2.06
4,twohead,532,2.06
4,twohead,116,2.04
4,twohead,94,2.04
4,twohead,541,2.03
4,twohead,449,2.02
4,twohead,154,2.02
4,twohead,499,2.01
4,twohead,106,2.0
4,twohead,593,1.99
4,twohead,417,1.99
4,twohead,214,1.98
4,twohead,224,1.98
4,twohead,439,1.98
4,twohead,33,1.97
4,twohead,447,1.97
4,twohead,166,1.96
4,twohead,259,1.96
4,twohead,455,1.94
4,twohead,391,1.94
4,twohead,562,1.94
4,twohead,426,1.94
4,twohead,175,1.93
4,twohead,51,1.93
4,twohead,282,1.93
4,twohead,327,1.92
4,twohead,304,1.92
4,twohead,114,1.89
4,twohead,87,1.88
4,twohead,176,1.86
4,twohead,570,1.86
4,twohead,572,1.86
4,twohead,237,1.82
4,twohead,86,1.81
4,twohead,211,1.81
4,twohead,445,1.79
4,twohead,644,1.79
4,twohead,200,1.78
4,twohead,73,1.78
4,twohead,536,1.78
4,twohead,486,1.77
4,twohead,474,1.77
4,twohead,558,1.76
4,twohead,254,1.76
4,twohead,91,1.76
4,twohead,98,1.75
4,twohead,95,1.74
4,twohead,265,1.74
4,twohead,399,1.73
4,twohead,566,1.73
4,twohead,31,1.71
4,twohead,469,1.71
4,twohead,279,1.7
4,twohead,491,1.69
4,twohead,330,1.68
4,twohead,336,1.68
4,twohead,153,1.67
4,twohead,576,1.67
4,twohead,471,1.67
4,twohead,371,1.65
4,twohead,264,1.65
4,twohead,337,1.65
4,twohead,411,1.64
4,twohead,483,1.64
4,twohead,32,1.63
4,twohead,459,1.63
4,twohead,182,1.62
4,twohead,148,1.61
4,twohead,456,1.61
4,twohead,194,1.61
4,twohead,586,1.61
4,twohead,271,1.6
4,twohead,268,1.59
4,twohead,269,1.59
4,twohead,401,1.58
4,twohead,419,1.57
4,twohead,525,1.56
4,twohead,565,1.56
4,twohead,379,1.54
4,twohead,393,1.54
4,twohead,405,1.54
4,twohead,588,1.53
4,twohead,504,1.53
4,twohead,627,1.52
4,twohead,127,1.51
4,twohead,105,1.5
4,twohead,580,1.5
4,twohead,186,1.5
4,twohead,331,1.5
4,twohead,643,1.48
4,twohead,345,1.47
4,twohead,104,1.47
4,twohead,598,1.46
4,twohead,589,1.45
4,twohead,260,1.45
4,twohead,119,1.45
4,twohead,257,1.43
4,twohead,357,1.42
4,twohead,130,1.42
4,twohead,472,1.4
4,twohead,605,1.38
4,twohead,11,1.38
4,twohead,124,1.37
4,twohead,473,1.36
4,twohead,210,1.36
4,twohead,222,1.35
4,twohead,258,1.35
4,twohead,305,1.35
4,twohead,313,1.35
4,twohead,347,1.34
4,twohead,203,1.34
4,twohead,423,1.33
4,twohead,418,1.32
4,twohead,575,1.31
4,twohead,64,1.3
4,twohead,71,1.29
4,twohead,253,1.29
4,twohead,9,1.28
4,twohead,519,1.27
4,twohead,306,1.25
4,twohead,142,1.24
4,twohead,592,1.24
4,twohead,97,1.23
4,twohead,506,1.23
4,twohead,60,1.23
4,twohead,640,1.22
4,twohead,15,1.21
4,twohead,415,1.19
4,twohead,209,1.19
4,twohead,202,1.17
4,twohead,155,1.16
4,twohead,502,1.12
4,twohead,145,1.09
4,twohead,388,1.09
4,twohead,596,1.08
4,twohead,387,1.08
4,twohead,539,1.06
4,twohead,167,1.06
4,twohead,634,1.05
4,twohead,638,1.05
4,twohead,238,1.04
4,twohead,512,1.03
4,twohead,329,1.02
4,twohead,151,1.01
4,twohead,93,1.01
4,twohead,129,0.99
4,twohead,125,0.99
4,twohead,113,0.99
4,twohead,262,0.98
4,twohead,52,0.98
4,twohead,642,0.97
4,twohead,19,0.95
4,twohead,465,0.94
4,twohead,115,0.94
4,twohead,16,0.94
4,twohead,403,0.93
4,twohead,90,0.91
4,twohead,501,0.9
4,twohead,369,0.89
4,twohead,144,0.89
4,twohead,17,0.89
4,twohead,646,0.88
4,twohead,583,0.87
4,twohead,201,0.86
4,twohead,364,0.86
4,twohead,56,0.86
4,twohead,255,0.86
4,twohead,102,0.85
4,twohead,84,0.85
4,twohead,123,0.84
4,twohead,188,0.84
4,twohead,395,0.83
4,twohead,185,0.83
4,twohead,88,0.82
4,twohead,309,0.81
4,twohead,608,0.81
4,twohead,616,0.8
4,twohead,140,0.8
4,twohead,323,0.8
4,twohead,523,0.78
4,twohead,389,0.76
4,twohead,204,0.76
4,twohead,320,0.76
4,twohead,584,0.76
4,twohead,72,0.75
4,twohead,14,0.75
4,twohead,420,0.74
4,twohead,422,0.73
4,twohead,381,0.73
4,twohead,543,0.72
4,twohead,535,0.71
4,twohead,577,0.71
4,twohead,526,0.71
4,twohead,490,0.7
4,twohead,223,0.7
4,twohead,149,0.69
4,twohead,594,0.69
4,twohead,34,0.69
4,twohead,375,0.69
4,twohead,74,0.69
4,twohead,611,0.68
4,twohead,241,0.66
4,twohead,29,0.66
4,twohead,248,0.64
4,twohead,343,0.64
4,twohead,135,0.63
4,twohead,162,0.63
4,twohead,578,0.62
4,twohead,635,0.61
4,twohead,206,0.61
4,twohead,160,0.6
4,twohead,522,0.59
4,twohead,308,0.59
4,twohead,585,0.58
4,twohead,478,0.58
4,twohead,600,0.58
4,twohead,498,0.57
4,twohead,328,0.57
4,twohead,488,0.56
4,twohead,515,0.56
4,twohead,421,0.56
4,twohead,520,0.55
4,twohead,42,0.54
4,twohead,406,0.53
4,twohead,243,0.53
4,twohead,25,0.53
4,twohead,108,0.52
4,twohead,207,0.52
4,twohead,527,0.52
4,twohead,281,0.52
4,twohead,81,0.52
4,twohead,339,0.51
4,twohead,287,0.51
4,twohead,75,0.51
4,twohead,321,0.5
4,twohead,263,0.5
4,twohead,157,0.5
4,twohead,457,0.49
4,twohead,452,0.49
4,twohead,212,0.48
4,twohead,396,0.48
4,twohead,54,0.48
4,twohead,463,0.47
4,twohead,622,0.46
4,twohead,581,0.44
4,twohead,563,0.44
4,twohead,568,0.42
4,twohead,617,0.42
4,twohead,462,0.42
4,twohead,289,0.41
4,twohead,621,0.41
4,twohead,76,0.4
4,twohead,547,0.4
4,twohead,549,0.4
4,twohead,595,0.37
4,twohead,446,0.37
4,twohead,136,0.36
4,twohead,285,0.36
4,twohead,574,0.36
4,twohead,450,0.35
4,twohead,89,0.34
4,twohead,556,0.33
4,twohead,548,0.31
4,twohead,493,0.31
4,twohead,482,0.31
4,twohead,164,0.3
4,twohead,647,0.28
4,twohead,487,0.27
4,twohead,435,0.27
4,twohead,172,0.25
4,twohead,171,0.25
4,twohead,159,0.25
4,twohead,240,0.25
4,twohead,623,0.25
4,twohead,196,0.24
4,twohead,197,0.24
4,twohead,178,0.24
4,twohead,177,0.24
4,twohead,174,0.24
4,twohead,181,0.24
4,twohead,193,0.24
4,twohead,179,0.24
4,twohead,599,0.24
4,twohead,180,0.24
4,twohead,559,0.23
4,twohead,612,0.23
4,twohead,353,0.22
4,twohead,354,0.22
4,twohead,352,0.22
4,twohead,355,0.22
4,twohead,351,0.22
4,twohead,530,0.22
4,twohead,531,0.22
4,twohead,540,0.21
4,twohead,537,0.21
4,twohead,538,0.21
4,twohead,629,0.2
4,twohead,300,0.2
4,twohead,301,0.2
4,twohead,302,0.2
4,twohead,348,0.2
4,twohead,349,0.2
4,twohead,625,0.2
4,twohead,554,0.2
4,twohead,62,0.19
4,twohead,361,0.19
4,twohead,363,0.19
4,twohead,615,0.19
4,twohead,65,0.19
4,twohead,63,0.19
4,twohead,66,0.19
4,twohead,461,0.19
4,twohead,365,0.19
4,twohead,555,0.19
4,twohead,360,0.19
4,twohead,199,0.19
4,twohead,35,0.19
4,twohead,573,0.19
4,twohead,651,0.19
4,twohead,359,0.19
4,twohead,641,0.19
4,twohead,326,0.19
4,twohead,252,0.19
4,twohead,251,0.19
4,twohead,650,0.19
4,twohead,228,0.18
4,twohead,610,0.18
4,twohead,333,0.18
4,twohead,256,0.18
4,twohead,58,0.18
4,twohead,59,0.18
4,twohead,587,0.18
4,twohead,227,0.18
4,twohead,603,0.18
4,twohead,386,0.18
4,twohead,192,0.17
4,twohead,232,0.17
4,twohead,234,0.17
4,twohead,3,0.17
4,twohead,191,0.17
4,twohead,189,0.17
4,twohead,2,0.17
4,twohead,187,0.17
4,twohead,231,0.17
4,twohead,235,0.17
4,twohead,494,0.17
4,twohead,495,0.17
4,twohead,382,0.17
4,twohead,497,0.17
4,twohead,380,0.17
4,twohead,307,0.17
4,twohead,303,0.17
4,twohead,317,0.16
4,twohead,468,0.16
4,twohead,590,0.16
4,twohead,272,0.16
4,twohead,322,0.16
4,twohead,83,0.16
4,twohead,111,0.15
4,twohead,444,0.15
4,twohead,273,0.15
4,twohead,443,0.15
4,twohead,442,0.15
4,twohead,275,0.15
4,twohead,633,0.15
4,twohead,6,0.15
4,twohead,274,0.15
4,twohead,392,0.15
4,twohead,276,0.15
4,twohead,80,0.15
4,twohead,394,0.15
4,twohead,5,0.15
4,twohead,614,0.14
4,twohead,509,0.14
4,twohead,510,0.14
4,twohead,511,0.14
4,twohead,620,0.14
4,twohead,508,0.14
4,twohead,507,0.14
4,twohead,141,0.14
4,twohead,505,0.14
4,twohead,500,0.14
4,twohead,414,0.14
4,twohead,147,0.14
4,twohead,560,0.14
4,twohead,205,0.14
4,twohead,648,0.14
4,twohead,220,0.14
4,twohead,413,0.14
4,twohead,325,0.14
4,twohead,344,0.13
4,twohead,604,0.13
4,twohead,342,0.13
4,twohead,448,0.13
4,twohead,479,0.13
4,twohead,451,0.13
4,twohead,630,0.13
4,twohead,477,0.13
4,twohead,609,0.13
4,twohead,475,0.13
4,twohead,107,0.13
4,twohead,117,0.13
4,twohead,470,0.13
4,twohead,118,0.13
4,twohead,341,0.13
4,twohead,120,0.13
4,twohead,613,0.13
4,twohead,476,0.13
4,twohead,284,0.12
4,twohead,92,0.12
4,twohead,416,0.12
4,twohead,85,0.12
4,twohead,318,0.12
4,twohead,561,0.12
4,twohead,383,0.12
4,twohead,370,0.12
4,twohead,632,0.12
4,twohead,225,0.12
4,twohead,637,0.12
4,twohead,30,0.12
4,twohead,38,0.12
4,twohead,39,0.12
4,twohead,528,0.12
4,twohead,606,0.12
4,twohead,324,0.12
4,twohead,373,0.12
4,twohead,374,0.12
4,twohead,376,0.12
4,twohead,378,0.12
4,twohead,310,0.12
4,twohead,311,0.12
4,twohead,312,0.12
4,twohead,314,0.12
4,twohead,319,0.12
4,twohead,571,0.12
4,twohead,278,0.12
4,twohead,602,0.12
4,twohead,150,0.12
4,twohead,152,0.12
4,twohead,425,0.12
4,twohead,424,0.12
4,twohead,139,0.12
4,twohead,137,0.12
4,twohead,143,0.12
4,twohead,146,0.12
4,twohead,283,0.12
4,twohead,298,0.11
4,twohead,299,0.11
4,twohead,550,0.11
4,twohead,466,0.11
4,twohead,654,0.11
4,twohead,546,0.11
4,twohead,27,0.11
4,twohead,78,0.11
4,twohead,77,0.11
4,twohead,636,0.11
4,twohead,626,0.11
4,twohead,653,0.1
4,twohead,410,0.1
4,twohead,245,0.1
4,twohead,628,0.1
4,twohead,582,0.1
4,twohead,270,0.1
4,twohead,266,0.1
4,twohead,21,0.1
4,twohead,55,0.1
4,twohead,400,0.1
4,twohead,169,0.1
4,twohead,168,0.1
4,twohead,409,0.1
4,twohead,408,0.1
4,twohead,407,0.1
4,twohead,402,0.1
4,twohead,404,0.1
4,twohead,170,0.1
4,twohead,517,0.09
4,twohead,218,0.09
4,twohead,513,0.09
4,twohead,219,0.09
4,twohead,601,0.09
4,twohead,518,0.09
4,twohead,521,0.09
4,twohead,524,0.09
4,twohead,221,0.09
4,twohead,217,0.09
4,twohead,216,0.09
4,twohead,441,0.09
4,twohead,652,0.09
4,twohead,639,0.09
4,twohead,624,0.09
4,twohead,215,0.09
4,twohead,440,0.09
4,twohead,208,0.09
4,twohead,213,0.09
4,twohead,23,0.08
4,twohead,489,0.08
4,twohead,485,0.08
4,twohead,24,0.08
4,twohead,103,0.08
4,twohead,484,0.08
4,twohead,645,0.08
4,twohead,100,0.08
4,twohead,22,0.08
4,twohead,133,0.08
4,twohead,20,0.08
4,twohead,99,0.08
4,twohead,121,0.08
4,twohead,18,0.08
4,twohead,122,0.08
4,twohead,126,0.08
4,twohead,128,0.08
4,twohead,132,0.08
4,twohead,134,0.08
4,twohead,340,0.07
4,twohead,297,0.07
4,twohead,296,0.07
4,twohead,292,0.07
4,twohead,293,0.07
4,twohead,294,0.07
4,twohead,291,0.07
4,twohead,288,0.07
4,twohead,618,0.06
4,twohead,434,0.06
4,twohead,433,0.06
4,twohead,436,0.06
4,twohead,437,0.06
4,twohead,438,0.06
4,twohead,631,0.06
4,twohead,458,0.06
4,twohead,431,0.06
4,twohead,158,0.06
4,twohead,430,0.06
4,twohead,101,0.06
4,twohead,131,0.06
4,twohead,163,0.06
4,twohead,44,0.05
4,twohead,53,0.05
4,twohead,50,0.05
4,twohead,49,0.05
4,twohead,48,0.05
4,twohead,607,0.05
4,position_specific,115,5.24
4,position_specific,198,5.09
4,position_specific,165,5.07
4,position_specific,4,4.97
4,position_specific,1,4.92
4,position_specific,28,4.89
4,position_specific,109,4.81
4,position_specific,250,4.8
4,position_specific,249,4.76
4,position_specific,226,4.64
4,position_specific,114,4.51
4,position_specific,379,4.43
4,position_specific,384,4.39
4,position_specific,567,4.39
4,position_specific,564,4.36
4,position_specific,26,4.35
4,position_specific,597,4.32
4,position_specific,350,4.3
4,position_specific,346,4.26
4,position_specific,496,4.22
4,position_specific,82,4.21
4,position_specific,110,4.18
4,position_specific,10,4.14
4,position_specific,412,4.14
4,position_specific,467,4.1
4,position_specific,464,4.09
4,position_specific,572,4.01
4,position_specific,258,3.94
4,position_specific,68,3.92
4,position_specific,569,3.91
4,position_specific,277,3.81
4,position_specific,504,3.79
4,position_specific,305,3.79
4,position_specific,391,3.73
4,position_specific,411,3.73
4,position_specific,8,3.72
4,position_specific,529,3.71
4,position_specific,388,3.69
4,position_specific,390,3.69
4,position_specific,393,3.68
4,position_specific,204,3.67
4,position_specific,588,3.66
4,position_specific,259,3.65
4,position_specific,57,3.62
4,position_specific,79,3.62
4,position_specific,472,3.56
4,position_specific,330,3.5
4,position_specific,385,3.49
4,position_specific,306,3.45
4,position_specific,362,3.43
4,position_specific,295,3.42
4,position_specific,282,3.4
4,position_specific,106,3.37
4,position_specific,60,3.37
4,position_specific,643,3.36
4,position_specific,473,3.36
4,position_specific,423,3.36
4,position_specific,358,3.34
4,position_specific,224,3.33
4,position_specific,37,3.24
4,position_specific,116,3.23
4,position_specific,173,3.23
4,position_specific,449,3.23
4,position_specific,12,3.21
4,position_specific,264,3.2
4,position_specific,586,3.2
4,position_specific,397,3.18
4,position_specific,202,3.18
4,position_specific,257,3.18
4,position_specific,552,3.18
4,position_specific,254,3.18
4,position_specific,233,3.16
4,position_specific,236,3.1
4,position_specific,229,3.1
4,position_specific,474,3.1
4,position_specific,36,3.1
4,position_specific,316,3.08
4,position_specific,203,3.08
4,position_specific,279,3.07
4,position_specific,175,3.07
4,position_specific,15,3.06
4,position_specific,64,3.06
4,position_specific,304,3.03
4,position_specific,200,3.03
4,position_specific,426,3.02
4,position_specific,445,2.99
4,position_specific,242,2.99
4,position_specific,332,2.97
4,position_specific,127,2.97
4,position_specific,492,2.97
4,position_specific,176,2.93
4,position_specific,138,2.92
4,position_specific,356,2.92
4,position_specific,61,2.92
4,position_specific,566,2.91
4,position_specific,142,2.89
4,position_specific,145,2.89
4,position_specific,237,2.89
4,position_specific,553,2.87
4,position_specific,347,2.86
4,position_specific,112,2.85
4,position_specific,469,2.85
4,position_specific,269,2.83
4,position_specific,418,2.83
4,position_specific,334,2.82
4,position_specific,544,2.82
4,position_specific,40,2.8
4,position_specific,167,2.8
4,position_specific,439,2.76
4,position_specific,67,2.72
4,position_specific,253,2.71
4,position_specific,366,2.7
4,position_specific,399,2.68
4,position_specific,166,2.67
4,position_specific,230,2.66
4,position_specific,182,2.65
4,position_specific,536,2.65
4,position_specific,398,2.65
4,position_specific,367,2.64
4,position_specific,268,2.64
4,position_specific,401,2.64
4,position_specific,427,2.62
4,position_specific,593,2.62
4,position_specific,534,2.6
4,position_specific,591,2.57
4,position_specific,148,2.57
4,position_specific,545,2.54
4,position_specific,86,2.53
4,position_specific,153,2.53
4,position_specific,419,2.53
4,position_specific,501,2.52
4,position_specific,261,2.52
4,position_specific,579,2.52
4,position_specific,124,2.51
4,position_specific,31,2.5
4,position_specific,87,2.5
4,position_specific,471,2.49
4,position_specific,481,2.46
4,position_specific,88,2.46
4,position_specific,454,2.46
4,position_specific,156,2.45
4,position_specific,557,2.44
4,position_specific,598,2.43
4,position_specific,649,2.43
4,position_specific,499,2.42
4,position_specific,533,2.41
4,position_specific,151,2.39
4,position_specific,429,2.37
4,position_specific,32,2.37
4,position_specific,144,2.36
4,position_specific,447,2.33
4,position_specific,503,2.31
4,position_specific,486,2.31
4,position_specific,113,2.3
4,position_specific,570,2.29
4,position_specific,244,2.28
4,position_specific,417,2.28
4,position_specific,315,2.27
4,position_specific,491,2.26
4,position_specific,532,2.25
4,position_specific,70,2.24
4,position_specific,84,2.23
4,position_specific,541,2.22
4,position_specific,96,2.19
4,position_specific,368,2.19
4,position_specific,211,2.19
4,position_specific,290,2.18
4,position_specific,154,2.17
4,position_specific,94,2.16
4,position_specific,605,2.16
4,position_specific,11,2.16
4,position_specific,13,2.16
4,position_specific,247,2.1
4,position_specific,271,2.09
4,position_specific,255,2.08
4,position_specific,119,2.08
4,position_specific,161,2.08
4,position_specific,453,2.07
4,position_specific,43,2.04
4,position_specific,387,2.04
4,position_specific,428,2.04
4,position_specific,183,2.03
4,position_specific,195,2.03
4,position_specific,514,2.0
4,position_specific,125,2.0
4,position_specific,46,2.0
4,position_specific,201,2.0
4,position_specific,585,1.98
4,position_specific,69,1.98
4,position_specific,51,1.97
4,position_specific,286,1.97
4,position_specific,480,1.97
4,position_specific,98,1.97
4,position_specific,214,1.96
4,position_specific,465,1.95
4,position_specific,357,1.95
4,position_specific,280,1.94
4,position_specific,41,1.94
4,position_specific,345,1.92
4,position_specific,210,1.9
4,position_specific,562,1.9
4,position_specific,460,1.89
4,position_specific,335,1.89
4,position_specific,184,1.89
4,position_specific,542,1.84
4,position_specific,377,1.8
4,position_specific,7,1.79
4,position_specific,246,1.79
4,position_specific,558,1.78
4,position_specific,129,1.75
4,position_specific,456,1.75
4,position_specific,498,1.73
4,position_specific,516,1.71
4,position_specific,372,1.71
4,position_specific,331,1.7
4,position_specific,551,1.7
4,position_specific,619,1.7
4,position_specific,592,1.68
4,position_specific,506,1.68
4,position_specific,329,1.64
4,position_specific,95,1.64
4,position_specific,502,1.62
4,position_specific,267,1.62
4,position_specific,222,1.6
4,position_specific,483,1.59
4,position_specific,149,1.59
4,position_specific,93,1.58
4,position_specific,459,1.55
4,position_specific,155,1.55
4,position_specific,223,1.54
4,position_specific,265,1.53
4,position_specific,239,1.5
4,position_specific,327,1.49
4,position_specific,395,1.49
4,position_specific,33,1.47
4,position_specific,320,1.47
4,position_specific,640,1.47
4,position_specific,580,1.47
4,position_specific,47,1.47
4,position_specific,371,1.46
4,position_specific,194,1.46
4,position_specific,9,1.46
4,position_specific,45,1.44
4,position_specific,313,1.44
4,position_specific,338,1.43
4,position_specific,576,1.41
4,position_specific,589,1.4
4,position_specific,432,1.4
4,position_specific,455,1.39
4,position_specific,209,1.37
4,position_specific,405,1.35
4,position_specific,644,1.33
4,position_specific,190,1.33
4,position_specific,140,1.33
4,position_specific,526,1.32
4,position_specific,594,1.3
4,position_specific,105,1.3
4,position_specific,565,1.29
4,position_specific,490,1.28
4,position_specific,415,1.27
4,position_specific,635,1.27
4,position_specific,336,1.25
4,position_specific,260,1.24
4,position_specific,91,1.24
4,position_specific,634,1.23
4,position_specific,287,1.2
4,position_specific,123,1.19
4,position_specific,108,1.19
4,position_specific,248,1.18
4,position_specific,463,1.17
4,position_specific,577,1.16
4,position_specific,596,1.16
4,position_specific,90,1.13
4,position_specific,207,1.13
4,position_specific,309,1.11
4,position_specific,575,1.11
4,position_specific,73,1.09
4,position_specific,527,1.08
4,position_specific,56,1.08
4,position_specific,337,1.07
4,position_specific,583,1.05
4,position_specific,97,1.05
4,position_specific,420,1.03
4,position_specific,29,1.03
4,position_specific,611,1.03
4,position_specific,642,1.02
4,position_specific,627,1.02
4,position_specific,71,1.01
4,position_specific,389,1.01
4,position_specific,638,1.0
4,position_specific,543,0.98
4,position_specific,523,0.95
4,position_specific,102,0.95
4,position_specific,525,0.94
4,position_specific,519,0.92
4,position_specific,19,0.92
4,position_specific,403,0.91
4,position_specific,206,0.91
4,position_specific,281,0.91
4,position_specific,16,0.89
4,position_specific,328,0.88
4,position_specific,162,0.87
4,position_specific,512,0.87
4,position_specific,308,0.87
4,position_specific,104,0.87
4,position_specific,539,0.86
4,position_specific,285,0.82
4,position_specific,478,0.82
4,position_specific,396,0.81
4,position_specific,587,0.8
4,position_specific,494,0.8
4,position_specific,495,0.8
4,position_specific,386,0.8
4,position_specific,252,0.8
4,position_specific,251,0.8
4,position_specific,497,0.8
4,position_specific,522,0.79
4,position_specific,238,0.79
4,position_specific,622,0.77
4,position_specific,422,0.76
4,position_specific,136,0.76
4,position_specific,34,0.76
4,position_specific,130,0.75
4,position_specific,442,0.74
4,position_specific,535,0.74
4,position_specific,443,0.74
4,position_specific,616,0.74
4,position_specific,444,0.74
4,position_specific,111,0.72
4,position_specific,186,0.72
4,position_specific,617,0.72
4,position_specific,488,0.72
4,position_specific,560,0.71
4,position_specific,141,0.71
4,position_specific,581,0.71
4,position_specific,364,0.71
4,position_specific,323,0.7
4,position_specific,369,0.7
4,position_specific,160,0.7
4,position_specific,262,0.7
4,position_specific,414,0.69
4,position_specific,325,0.69
4,position_specific,273,0.69
4,position_specific,42,0.69
4,position_specific,413,0.69
4,position_specific,3,0.69
4,position_specific,274,0.69
4,position_specific,275,0.69
4,position_specific,462,0.69
4,position_specific,2,0.69
4,position_specific,276,0.69
4,position_specific,321,0.68
4,position_specific,171,0.68
4,position_specific,241,0.68
4,position_specific,172,0.68
4,position_specific,556,0.68
4,position_specific,421,0.68
4,position_specific,608,0.68
4,position_specific,289,0.68
4,position_specific,623,0.68
4,position_specific,450,0.68
4,position_specific,468,0.66
4,position_specific,590,0.66
4,position_specific,25,0.66
4,position_specific,554,0.66
4,position_specific,300,0.66
4,position_specific,302,0.66
4,position_specific,301,0.66
4,position_specific,17,0.65
4,position_specific,89,0.65
4,position_specific,227,0.65
4,position_specific,228,0.65
4,position_specific,531,0.64
4,position_specific,530,0.64
4,position_specific,83,0.63
4,position_specific,199,0.63
4,position_specific,74,0.63
4,position_specific,555,0.63
4,position_specific,58,0.62
4,position_specific,169,0.62
4,position_specific,59,0.62
4,position_specific,168,0.62
4,position_specific,170,0.62
4,position_specific,584,0.62
4,position_specific,446,0.62
4,position_specific,317,0.62
4,position_specific,563,0.62
4,position_specific,615,0.62
4,position_specific,646,0.62
4,position_specific,52,0.62
4,position_specific,322,0.62
4,position_specific,493,0.62
4,position_specific,382,0.61
4,position_specific,380,0.61
4,position_specific,185,0.6
4,position_specific,354,0.6
4,position_specific,351,0.6
4,position_specific,352,0.6
4,position_specific,353,0.6
4,position_specific,355,0.6
4,position_specific,137,0.59
4,position_specific,139,0.59
4,position_specific,14,0.59
4,position_specific,582,0.57
4,position_specific,55,0.57
4,position_specific,457,0.57
4,position_specific,651,0.57
4,position_specific,157,0.57
4,position_specific,81,0.56
4,position_specific,225,0.56
4,position_specific,212,0.55
4,position_specific,549,0.55
4,position_specific,326,0.55
4,position_specific,600,0.55
4,position_specific,515,0.55
4,position_specific,625,0.55
4,position_specific,629,0.55
4,position_specific,528,0.54
4,position_specific,406,0.54
4,position_specific,375,0.53
4,position_specific,107,0.53
4,position_specific,595,0.53
4,position_specific,578,0.52
4,position_specific,27,0.52
4,position_specific,548,0.51
4,position_specific,637,0.51
4,position_specific,632,0.51
4,position_specific,348,0.51
4,position_specific,80,0.51
4,position_specific,349,0.51
4,position_specific,298,0.51
4,position_specific,299,0.51
4,position_specific,263,0.51
4,position_specific,5,0.5
4,position_specific,6,0.5
4,position_specific,54,0.5
4,position_specific,188,0.5
4,position_specific,452,0.49
4,position_specific,647,0.49
4,position_specific,196,0.48
4,position_specific,520,0.48
4,position_specific,381,0.48
4,position_specific,599,0.48
4,position_specific,197,0.48
4,position_specific,193,0.48
4,position_specific,466,0.47
4,position_specific,440,0.46
4,position_specific,441,0.46
4,position_specific,76,0.46
4,position_specific,75,0.46
4,position_specific,343,0.46
4,position_specific,231,0.45
4,position_specific,234,0.45
4,position_specific,235,0.45
4,position_specific,72,0.45
4,position_specific,232,0.45
4,position_specific,35,0.45
4,position_specific,243,0.44
4,position_specific,303,0.43
4,position_specific,307,0.43
4,position_specific,559,0.43
4,position_specific,272,0.43
4,position_specific,118,0.42
4,position_specific,394,0.42
4,position_specific,117,0.42
4,position_specific,392,0.42
4,position_specific,614,0.42
4,position_specific,120,0.42
4,position_specific,547,0.42
4,position_specific,159,0.41
4,position_specific,621,0.41
4,position_specific,135,0.4
4,position_specific,435,0.4
4,position_specific,650,0.4
4,position_specific,633,0.4
4,position_specific,610,0.4
4,position_specific,256,0.4
4,position_specific,205,0.4
4,position_specific,220,0.4
4,position_specific,361,0.36
4,position_specific,359,0.36
4,position_specific,363,0.36
4,position_specific,461,0.36
4,position_specific,360,0.36
4,position_specific,365,0.36
4,position_specific,574,0.36
4,position_specific,164,0.36
4,position_specific,482,0.36
4,position_specific,240,0.36
4,position_specific,180,0.35
4,position_specific,181,0.35
4,position_specific,179,0.35
4,position_specific,568,0.35
4,position_specific,416,0.35
4,position_specific,174,0.35
4,position_specific,339,0.35
4,position_specific,178,0.35
4,position_specific,425,0.35
4,position_specific,177,0.35
4,position_specific,424,0.35
4,position_specific,451,0.34
4,position_specific,470,0.34
4,position_specific,475,0.34
4,position_specific,448,0.34
4,position_specific,476,0.34
4,position_specific,477,0.34
4,position_specific,479,0.34
4,position_specific,487,0.34
4,position_specific,609,0.34
4,position_specific,284,0.33
4,position_specific,283,0.33
4,position_specific,278,0.33
4,position_specific,63,0.32
4,position_specific,612,0.32
4,position_specific,540,0.32
4,position_specific,573,0.32
4,position_specific,333,0.32
4,position_specific,538,0.32
4,position_specific,537,0.32
4,position_specific,603,0.32
4,position_specific,66,0.32
4,position_specific,62,0.32
4,position_specific,641,0.32
4,position_specific,65,0.32
4,position_specific,92,0.31
4,position_specific,620,0.31
4,position_specific,85,0.31
4,position_specific,146,0.29
4,position_specific,505,0.29
4,position_specific,143,0.29
4,position_specific,606,0.29
4,position_specific,147,0.29
4,position_specific,39,0.29
4,position_specific,38,0.29
4,position_specific,561,0.29
4,position_specific,500,0.29
4,position_specific,508,0.29
4,position_specific,30,0.29
4,position_specific,510,0.29
4,position_specific,507,0.29
4,position_specific,152,0.29
4,position_specific,511,0.29
4,position_specific,150,0.29
4,position_specific,509,0.29
4,position_specific,630,0.29
4,position_specific,21,0.27
4,position_specific,654,0.27
4,position_specific,245,0.27
4,position_specific,189,0.26
4,position_specific,24,0.26
4,position_specific,23,0.26
4,position_specific,22,0.26
4,position_specific,20,0.26
4,position_specific,288,0.26
4,position_specific,18,0.26
4,position_specific,293,0.26
4,position_specific,340,0.26
4,position_specific,192,0.26
4,position_specific,458,0.26
4,position_specific,292,0.26
4,position_specific,645,0.26
4,position_specific,187,0.26
4,position_specific,296,0.26
4,position_specific,291,0.26
4,position_specific,294,0.26
4,position_specific,297,0.26
4,position_specific,191,0.26
4,position_specific,78,0.25
4,position_specific,216,0.25
4,position_specific,489,0.25
4,position_specific,218,0.25
4,position_specific,219,0.25
4,position_specific,208,0.25
4,position_specific,485,0.25
4,position_specific,484,0.25
4,position_specific,221,0.25
4,position_specific,215,0.25
4,position_specific,213,0.25
4,position_specific,77,0.25
4,position_specific,217,0.25
4,position_specific,517,0.24
4,position_specific,158,0.24
4,position_specific,513,0.24
4,position_specific,518,0.24
4,position_specific,546,0.24
4,position_specific,521,0.24
4,position_specific,524,0.24
4,position_specific,324,0.24
4,position_specific,163,0.24
4,position_specific,613,0.24
4,position_specific,601,0.24
4,position_specific,101,0.24
4,position_specific,571,0.24
4,position_specific,438,0.24
4,position_specific,437,0.24
4,position_specific,436,0.24
4,position_specific,434,0.24
4,position_specific,433,0.24
4,position_specific,431,0.24
4,position_specific,430,0.24
4,position_specific,602,0.24
4,position_specific,631,0.24
4,position_specific,99,0.24
4,position_specific,409,0.24
4,position_specific,653,0.24
4,position_specific,400,0.24
4,position_specific,402,0.24
4,position_specific,404,0.24
4,position_specific,407,0.24
4,position_specific,408,0.24
4,position_specific,410,0.24
4,position_specific,550,0.24
4,position_specific,628,0.24
4,position_specific,311,0.24
4,position_specific,607,0.24
4,position_specific,103,0.24
4,position_specific,314,0.24
4,position_specific,312,0.24
4,position_specific,310,0.24
4,position_specific,636,0.24
4,position_specific,53,0.24
4,position_specific,626,0.24
4,position_specific,618,0.24
4,position_specific,131,0.24
4,position_specific,100,0.24
4,position_specific,266,0.24
4,position_specific,44,0.24
4,position_specific,48,0.24
4,position_specific,270,0.24
4,position_specific,49,0.24
4,position_specific,50,0.24
4,position_specific,319,0.24
4,position_specific,318,0.24
4,position_specific,383,0.23
4,position_specific,342,0.23
4,position_specific,378,0.23
4,position_specific,128,0.23
4,position_specific,341,0.23
4,position_specific,134,0.23
4,position_specific,604,0.23
4,position_specific,126,0.23
4,position_specific,648,0.23
4,position_specific,652,0.23
4,position_specific,122,0.23
4,position_specific,121,0.23
4,position_specific,639,0.23
4,position_specific,624,0.23
4,position_specific,133,0.23
4,position_specific,376,0.23
4,position_specific,344,0.23
4,position_specific,374,0.23
4,position_specific,373,0.23
4,position_specific,370,0.23
4,position_specific,132,0.23
4,config_d,426,3.8
4,config_d,399,3.58
4,config_d,411,3.3
4,config_d,567,3.22
4,config_d,106,3.17
4,config_d,12,3.16
4,config_d,572,3.14
4,config_d,154,3.13
4,config_d,15,3.1
4,config_d,165,3.09
4,config_d,264,3.04
4,config_d,26,3.03
4,config_d,198,2.99
4,config_d,1,2.99
4,config_d,226,2.98
4,config_d,384,2.97
4,config_d,40,2.93
4,config_d,109,2.92
4,config_d,68,2.91
4,config_d,204,2.89
4,config_d,28,2.88
4,config_d,127,2.86
4,config_d,385,2.85
4,config_d,250,2.85
4,config_d,124,2.83
4,config_d,427,2.8
4,config_d,249,2.79
4,config_d,115,2.79
4,config_d,569,2.78
4,config_d,564,2.75
4,config_d,397,2.72
4,config_d,4,2.7
4,config_d,533,2.7
4,config_d,544,2.69
4,config_d,230,2.69
4,config_d,82,2.68
4,config_d,379,2.68
4,config_d,649,2.66
4,config_d,597,2.63
4,config_d,258,2.63
4,config_d,86,2.63
4,config_d,305,2.63
4,config_d,557,2.63
4,config_d,529,2.62
4,config_d,350,2.62
4,config_d,532,2.61
4,config_d,346,2.6
4,config_d,504,2.59
4,config_d,412,2.59
4,config_d,277,2.59
4,config_d,261,2.58
4,config_d,449,2.58
4,config_d,591,2.57
4,config_d,57,2.56
4,config_d,116,2.54
4,config_d,237,2.54
4,config_d,447,2.53
4,config_d,398,2.52
4,config_d,279,2.51
4,config_d,643,2.51
4,config_d,60,2.5
4,config_d,13,2.5
4,config_d,110,2.49
4,config_d,586,2.49
4,config_d,268,2.49
4,config_d,536,2.48
4,config_d,295,2.47
4,config_d,467,2.46
4,config_d,390,2.46
4,config_d,605,2.46
4,config_d,8,2.46
4,config_d,464,2.45
4,config_d,233,2.45
4,config_d,545,2.45
4,config_d,202,2.45
4,config_d,156,2.45
4,config_d,334,2.45
4,config_d,214,2.43
4,config_d,338,2.43
4,config_d,242,2.42
4,config_d,393,2.42
4,config_d,454,2.41
4,config_d,236,2.41
4,config_d,166,2.4
4,config_d,368,2.39
4,config_d,553,2.35
4,config_d,290,2.35
4,config_d,96,2.34
4,config_d,98,2.33
4,config_d,114,2.32
4,config_d,474,2.31
4,config_d,542,2.31
4,config_d,210,2.31
4,config_d,391,2.31
4,config_d,423,2.31
4,config_d,282,2.3
4,config_d,481,2.3
4,config_d,229,2.29
4,config_d,598,2.28
4,config_d,366,2.28
4,config_d,200,2.27
4,config_d,244,2.27
4,config_d,211,2.27
4,config_d,67,2.25
4,config_d,471,2.25
4,config_d,480,2.25
4,config_d,280,2.23
4,config_d,429,2.23
4,config_d,94,2.23
4,config_d,304,2.23
4,config_d,367,2.21
4,config_d,10,2.21
4,config_d,552,2.19
4,config_d,570,2.18
4,config_d,445,2.18
4,config_d,79,2.18
4,config_d,401,2.17
4,config_d,472,2.17
4,config_d,259,2.17
4,config_d,486,2.17
4,config_d,388,2.16
4,config_d,496,2.16
4,config_d,453,2.15
4,config_d,332,2.15
4,config_d,87,2.14
4,config_d,182,2.13
4,config_d,145,2.11
4,config_d,469,2.1
4,config_d,112,2.1
4,config_d,551,2.1
4,config_d,455,2.1
4,config_d,503,2.1
4,config_d,315,2.09
4,config_d,183,2.09
4,config_d,428,2.08
4,config_d,70,2.08
4,config_d,148,2.08
4,config_d,335,2.08
4,config_d,514,2.07
4,config_d,203,2.07
4,config_d,593,2.07
4,config_d,566,2.06
4,config_d,257,2.06
4,config_d,432,2.06
4,config_d,69,2.06
4,config_d,418,2.05
4,config_d,47,2.04
4,config_d,362,2.03
4,config_d,316,2.03
4,config_d,565,2.03
4,config_d,36,2.03
4,config_d,286,2.02
4,config_d,541,2.02
4,config_d,61,2.02
4,config_d,173,2.02
4,config_d,483,2.02
4,config_d,155,2.01
4,config_d,417,2.01
4,config_d,330,1.99
4,config_d,41,1.99
4,config_d,175,1.99
4,config_d,579,1.97
4,config_d,7,1.97
4,config_d,460,1.96
4,config_d,356,1.94
4,config_d,45,1.92
4,config_d,267,1.9
4,config_d,246,1.9
4,config_d,377,1.89
4,config_d,492,1.89
4,config_d,31,1.89
4,config_d,247,1.88
4,config_d,138,1.88
4,config_d,184,1.88
4,config_d,176,1.88
4,config_d,499,1.88
4,config_d,534,1.87
4,config_d,254,1.86
4,config_d,153,1.85
4,config_d,306,1.84
4,config_d,129,1.82
4,config_d,43,1.82
4,config_d,46,1.81
4,config_d,224,1.81
4,config_d,419,1.8
4,config_d,588,1.79
4,config_d,161,1.78
4,config_d,64,1.76
4,config_d,358,1.76
4,config_d,37,1.76
4,config_d,51,1.75
4,config_d,473,1.75
4,config_d,313,1.75
4,config_d,619,1.73
4,config_d,253,1.72
4,config_d,113,1.71
4,config_d,562,1.71
4,config_d,327,1.69
4,config_d,142,1.67
4,config_d,88,1.65
4,config_d,589,1.64
4,config_d,501,1.64
4,config_d,580,1.63
4,config_d,459,1.62
4,config_d,123,1.61
4,config_d,627,1.59
4,config_d,33,1.58
4,config_d,269,1.57
4,config_d,345,1.57
4,config_d,91,1.57
4,config_d,372,1.56
4,config_d,644,1.55
4,config_d,32,1.55
4,config_d,491,1.53
4,config_d,73,1.53
4,config_d,456,1.53
4,config_d,347,1.52
4,config_d,195,1.52
4,config_d,239,1.49
4,config_d,405,1.49
4,config_d,519,1.48
4,config_d,403,1.47
4,config_d,558,1.46
4,config_d,506,1.45
4,config_d,502,1.45
4,config_d,265,1.44
4,config_d,576,1.44
4,config_d,95,1.44
4,config_d,415,1.44
4,config_d,105,1.43
4,config_d,516,1.42
4,config_d,336,1.42
4,config_d,151,1.38
4,config_d,190,1.38
4,config_d,439,1.37
4,config_d,11,1.35
4,config_d,93,1.33
4,config_d,167,1.31
4,config_d,642,1.3
4,config_d,371,1.29
4,config_d,260,1.25
4,config_d,575,1.24
4,config_d,71,1.24
4,config_d,512,1.23
4,config_d,337,1.21
4,config_d,387,1.21
4,config_d,525,1.18
4,config_d,209,1.17
4,config_d,186,1.16
4,config_d,640,1.15
4,config_d,238,1.15
4,config_d,104,1.15
4,config_d,84,1.13
4,config_d,331,1.1
4,config_d,144,1.09
4,config_d,119,1.08
4,config_d,222,1.07
4,config_d,594,1.06
4,config_d,162,1.06
4,config_d,635,1.05
4,config_d,585,1.04
4,config_d,19,1.04
4,config_d,309,1.04
4,config_d,201,1.03
4,config_d,616,1.02
4,config_d,395,1.02
4,config_d,255,1.0
4,config_d,320,1.0
4,config_d,498,0.99
4,config_d,592,0.99
4,config_d,90,0.97
4,config_d,634,0.97
4,config_d,194,0.96
4,config_d,16,0.94
4,config_d,34,0.93
4,config_d,422,0.92
4,config_d,357,0.91
4,config_d,271,0.91
4,config_d,522,0.91
4,config_d,9,0.89
4,config_d,583,0.87
4,config_d,102,0.85
4,config_d,490,0.82
4,config_d,125,0.82
4,config_d,638,0.81
4,config_d,262,0.8
4,config_d,289,0.79
4,config_d,578,0.79
4,config_d,149,0.77
4,config_d,29,0.76
4,config_d,596,0.75
4,config_d,323,0.74
4,config_d,188,0.74
4,config_d,241,0.74
4,config_d,462,0.73
4,config_d,17,0.73
4,config_d,369,0.73
4,config_d,646,0.73
4,config_d,457,0.72
4,config_d,488,0.72
4,config_d,14,0.7
4,config_d,160,0.7
4,config_d,577,0.69
4,config_d,212,0.69
4,config_d,52,0.66
4,config_d,611,0.64
4,config_d,617,0.63
4,config_d,600,0.62
4,config_d,130,0.6
4,config_d,25,0.6
4,config_d,420,0.59
4,config_d,157,0.59
4,config_d,539,0.59
4,config_d,406,0.59
4,config_d,621,0.58
4,config_d,74,0.58
4,config_d,526,0.57
4,config_d,42,0.57
4,config_d,523,0.57
4,config_d,421,0.57
4,config_d,56,0.54
4,config_d,108,0.52
4,config_d,263,0.52
4,config_d,452,0.51
4,config_d,450,0.51
4,config_d,520,0.5
4,config_d,97,0.49
4,config_d,375,0.49
4,config_d,243,0.48
4,config_d,72,0.48
4,config_d,389,0.46
4,config_d,329,0.46
4,config_d,381,0.46
4,config_d,608,0.46
4,config_d,207,0.45
4,config_d,81,0.45
4,config_d,584,0.45
4,config_d,285,0.45
4,config_d,647,0.44
4,config_d,308,0.43
4,config_d,159,0.43
4,config_d,559,0.42
4,config_d,185,0.42
4,config_d,548,0.42
4,config_d,135,0.41
4,config_d,75,0.41
4,config_d,478,0.41
4,config_d,622,0.4
4,config_d,287,0.4
4,config_d,54,0.4
4,config_d,136,0.39
4,config_d,549,0.38
4,config_d,595,0.38
4,config_d,321,0.38
4,config_d,328,0.37
4,config_d,535,0.37
4,config_d,568,0.37
4,config_d,343,0.37
4,config_d,89,0.37
4,config_d,364,0.37
4,config_d,556,0.36
4,config_d,76,0.36
4,config_d,574,0.36
4,config_d,463,0.35
4,config_d,446,0.35
4,config_d,396,0.35
4,config_d,581,0.35
4,config_d,35,0.34
4,config_d,339,0.34
4,config_d,461,0.34
4,config_d,294,0.34
4,config_d,435,0.34
4,config_d,140,0.33
4,config_d,515,0.33
4,config_d,543,0.33
4,config_d,639,0.32
4,config_d,465,0.32
4,config_d,164,0.32
4,config_d,240,0.31
4,config_d,487,0.31
4,config_d,493,0.31
4,config_d,228,0.29
4,config_d,482,0.28
4,config_d,527,0.27
4,config_d,573,0.24
4,config_d,631,0.24
4,config_d,38,0.23
4,config_d,223,0.22
4,config_d,615,0.21
4,config_d,628,0.21
4,config_d,620,0.21
4,config_d,654,0.2
4,config_d,430,0.2
4,config_d,636,0.2
4,config_d,626,0.2
4,config_d,281,0.2
4,config_d,648,0.19
4,config_d,126,0.19
4,config_d,614,0.19
4,config_d,653,0.19
4,config_d,630,0.19
4,config_d,645,0.19
4,config_d,2,0.19
4,config_d,613,0.19
4,config_d,20,0.19
4,config_d,120,0.19
4,config_d,117,0.19
4,config_d,3,0.19
4,config_d,231,0.18
4,config_d,232,0.18
4,config_d,101,0.18
4,config_d,303,0.18
4,config_d,652,0.18
4,config_d,625,0.18
4,config_d,629,0.18
4,config_d,92,0.18
4,config_d,100,0.18
4,config_d,623,0.18
4,config_d,134,0.18
4,config_d,612,0.17
4,config_d,340,0.17
4,config_d,392,0.17
4,config_d,650,0.17
4,config_d,571,0.17
4,config_d,107,0.17
4,config_d,288,0.17
4,config_d,245,0.17
4,config_d,284,0.17
4,config_d,324,0.17
4,config_d,111,0.17
4,config_d,62,0.17
4,config_d,609,0.17
4,config_d,256,0.17
4,config_d,444,0.16
4,config_d,386,0.16
4,config_d,476,0.16
4,config_d,178,0.16
4,config_d,587,0.16
4,config_d,179,0.16
4,config_d,83,0.16
4,config_d,66,0.16
4,config_d,606,0.16
4,config_d,221,0.16
4,config_d,651,0.16
4,config_d,300,0.16
4,config_d,302,0.16
4,config_d,633,0.16
4,config_d,292,0.16
4,config_d,296,0.16
4,config_d,270,0.16
4,config_d,301,0.16
4,config_d,641,0.16
4,config_d,603,0.16
4,config_d,272,0.16
4,config_d,227,0.16
4,config_d,637,0.16
4,config_d,187,0.15
4,config_d,50,0.15
4,config_d,189,0.15
4,config_d,442,0.15
4,config_d,443,0.15
4,config_d,361,0.15
4,config_d,601,0.15
4,config_d,158,0.15
4,config_d,550,0.15
4,config_d,424,0.15
4,config_d,604,0.15
4,config_d,561,0.15
4,config_d,599,0.15
4,config_d,213,0.15
4,config_d,5,0.15
4,config_d,374,0.15
4,config_d,489,0.15
4,config_d,273,0.15
4,config_d,217,0.15
4,config_d,219,0.15
4,config_d,251,0.15
4,config_d,218,0.15
4,config_d,610,0.14
4,config_d,560,0.14
4,config_d,169,0.14
4,config_d,531,0.14
4,config_d,58,0.14
4,config_d,147,0.14
4,config_d,352,0.14
4,config_d,434,0.14
4,config_d,437,0.14
4,config_d,438,0.14
4,config_d,508,0.14
4,config_d,440,0.14
4,config_d,441,0.14
4,config_d,468,0.14
4,config_d,351,0.14
4,config_d,509,0.14
4,config_d,510,0.14
4,config_d,355,0.14
4,config_d,590,0.14
4,config_d,199,0.14
4,config_d,325,0.14
4,config_d,378,0.14
4,config_d,555,0.14
4,config_d,382,0.14
4,config_d,172,0.14
4,config_d,524,0.13
4,config_d,248,0.13
4,config_d,206,0.12
4,config_d,497,0.12
4,config_d,495,0.12
4,config_d,152,0.11
4,config_d,6,0.11
4,config_d,21,0.1
4,config_d,78,0.08
4,config_d,122,0.08
4,config_d,170,0.07
4,config_d,632,0.07
4,config_d,208,0.06
4,config_d,416,0.06
4,config_d,380,0.06
4,config_d,370,0.05
4,config_d,139,0.05
4,config_d,618,0.05
4,config_d,563,0.05
4,config_d,131,0.05
4,config_d,121,0.05
4,config_d,547,0.04
4,config_d,310,0.04
4,config_d,458,0.04
4,config_d,63,0.04
4,config_d,318,0.04
4,config_d,85,0.04
4,config_d,274,0.03
4,config_d,103,0.03
4,config_d,448,0.03
4,config_d,65,0.03
4,config_d,278,0.03
4,config_d,77,0.03
4,config_d,317,0.02
4,config_d,297,0.02
4,config_d,582,0.02
4,config_d,359,0.02
4,config_d,150,0.02
4,config_d,400,0.02
4,config_d,193,0.02
4,config_d,383,0.01
4,config_d,431,0.01
4,config_d,177,0.01
4,config_d,22,0.01
4,config_d,624,0.01
4,config_d,517,0.0
4,config_d,528,0.0
4,config_d,314,0.0
4,config_d,500,0.0
4,config_d,307,0.0
4,config_d,540,0.0
4,config_d,30,0.0
4,config_d,291,0.0
4,config_d,538,0.0
4,config_d,59,0.0
4,config_d,537,0.0
4,config_d,298,0.0
4,config_d,494,0.0
4,config_d,49,0.0
4,config_d,48,0.0
4,config_d,530,0.0
4,config_d,27,0.0
4,config_d,505,0.0
4,config_d,24,0.0
4,config_d,518,0.0
4,config_d,311,0.0
4,config_d,312,0.0
4,config_d,513,0.0
4,config_d,607,0.0
4,config_d,511,0.0
4,config_d,44,0.0
4,config_d,521,0.0
4,config_d,55,0.0
4,config_d,18,0.0
4,config_d,299,0.0
4,config_d,546,0.0
4,config_d,293,0.0
4,config_d,507,0.0
4,config_d,23,0.0
4,config_d,53,0.0
4,config_d,39,0.0
4,config_d,225,0.0
4,config_d,80,0.0
4,config_d,414,0.0
4,config_d,181,0.0
4,config_d,363,0.0
4,config_d,180,0.0
4,config_d,360,0.0
4,config_d,174,0.0
4,config_d,413,0.0
4,config_d,171,0.0
4,config_d,436,0.0
4,config_d,168,0.0
4,config_d,354,0.0
4,config_d,425,0.0
4,config_d,163,0.0
4,config_d,353,0.0
4,config_d,146,0.0
4,config_d,410,0.0
4,config_d,409,0.0
4,config_d,408,0.0
4,config_d,407,0.0
4,config_d,404,0.0
4,config_d,402,0.0
4,config_d,191,0.0
4,config_d,192,0.0
4,config_d,365,0.0
4,config_d,196,0.0
4,config_d,394,0.0
4,config_d,197,0.0
4,config_d,205,0.0
4,config_d,215,0.0
4,config_d,216,0.0
4,config_d,220,0.0
4,config_d,376,0.0
4,config_d,433,0.0
4,config_d,143,0.0
4,config_d,319,0.0
4,config_d,275,0.0
4,config_d,333,0.0
4,config_d,326,0.0
4,config_d,475,0.0
4,config_d,477,0.0
4,config_d,479,0.0
4,config_d,99,0.0
4,config_d,602,0.0
4,config_d,141,0.0
4,config_d,484,0.0
4,config_d,485,0.0
4,config_d,276,0.0
4,config_d,283,0.0
4,config_d,554,0.0
4,config_d,322,0.0
4,config_d,470,0.0
4,config_d,118,0.0
4,config_d,266,0.0
4,config_d,252,0.0
4,config_d,128,0.0
4,config_d,373,0.0
4,config_d,466,0.0
4,config_d,341,0.0
4,config_d,133,0.0
4,config_d,342,0.0
4,config_d,344,0.0
4,config_d,137,0.0
4,config_d,348,0.0
4,config_d,349,0.0
4,config_d,451,0.0
4,config_d,235,0.0
4,config_d,234,0.0
4,config_d,132,0.0
4,baseline_tweedie,9,1.09
4,baseline_tweedie,160,0.95
4,baseline_tweedie,52,0.88
4,baseline_tweedie,233,0.85
4,baseline_tweedie,34,0.84
4,baseline_tweedie,578,0.82
4,baseline_tweedie,611,0.81
4,baseline_tweedie,596,0.79
4,baseline_tweedie,226,0.76
4,baseline_tweedie,567,0.74
4,baseline_tweedie,646,0.74
4,baseline_tweedie,263,0.72
4,baseline_tweedie,462,0.71
4,baseline_tweedie,384,0.71
4,baseline_tweedie,207,0.7
4,baseline_tweedie,116,0.7
4,baseline_tweedie,304,0.7
4,baseline_tweedie,262,0.69
4,baseline_tweedie,597,0.68
4,baseline_tweedie,548,0.68
4,baseline_tweedie,321,0.67
4,baseline_tweedie,389,0.66
4,baseline_tweedie,393,0.66
4,baseline_tweedie,230,0.65
4,baseline_tweedie,549,0.65
4,baseline_tweedie,457,0.64
4,baseline_tweedie,452,0.63
4,baseline_tweedie,381,0.63
4,baseline_tweedie,212,0.62
4,baseline_tweedie,447,0.61
4,baseline_tweedie,35,0.61
4,baseline_tweedie,306,0.61
4,baseline_tweedie,93,0.6
4,baseline_tweedie,14,0.6
4,baseline_tweedie,56,0.6
4,baseline_tweedie,159,0.6
4,baseline_tweedie,1,0.6
4,baseline_tweedie,11,0.59
4,baseline_tweedie,375,0.58
4,baseline_tweedie,535,0.58
4,baseline_tweedie,478,0.58
4,baseline_tweedie,574,0.57
4,baseline_tweedie,435,0.57
4,baseline_tweedie,445,0.57
4,baseline_tweedie,36,0.56
4,baseline_tweedie,635,0.56
4,baseline_tweedie,564,0.55
4,baseline_tweedie,82,0.55
4,baseline_tweedie,238,0.54
4,baseline_tweedie,25,0.54
4,baseline_tweedie,592,0.54
4,baseline_tweedie,135,0.54
4,baseline_tweedie,259,0.54
4,baseline_tweedie,8,0.53
4,baseline_tweedie,406,0.53
4,baseline_tweedie,621,0.53
4,baseline_tweedie,240,0.53
4,baseline_tweedie,74,0.53
4,baseline_tweedie,593,0.52
4,baseline_tweedie,385,0.52
4,baseline_tweedie,109,0.52
4,baseline_tweedie,496,0.52
4,baseline_tweedie,328,0.51
4,baseline_tweedie,638,0.51
4,baseline_tweedie,420,0.51
4,baseline_tweedie,54,0.51
4,baseline_tweedie,450,0.5
4,baseline_tweedie,267,0.5
4,baseline_tweedie,87,0.5
4,baseline_tweedie,490,0.5
4,baseline_tweedie,16,0.5
4,baseline_tweedie,229,0.5
4,baseline_tweedie,94,0.5
4,baseline_tweedie,4,0.49
4,baseline_tweedie,42,0.49
4,baseline_tweedie,418,0.49
4,baseline_tweedie,419,0.49
4,baseline_tweedie,90,0.49
4,baseline_tweedie,255,0.49
4,baseline_tweedie,616,0.48
4,baseline_tweedie,323,0.48
4,baseline_tweedie,579,0.48
4,baseline_tweedie,556,0.47
4,baseline_tweedie,583,0.47
4,baseline_tweedie,247,0.47
4,baseline_tweedie,482,0.47
4,baseline_tweedie,581,0.47
4,baseline_tweedie,151,0.47
4,baseline_tweedie,388,0.47
4,baseline_tweedie,572,0.46
4,baseline_tweedie,19,0.46
4,baseline_tweedie,334,0.46
4,baseline_tweedie,595,0.46
4,baseline_tweedie,627,0.46
4,baseline_tweedie,257,0.46
4,baseline_tweedie,338,0.46
4,baseline_tweedie,182,0.46
4,baseline_tweedie,584,0.46
4,baseline_tweedie,471,0.45
4,baseline_tweedie,536,0.45
4,baseline_tweedie,194,0.45
4,baseline_tweedie,474,0.45
4,baseline_tweedie,527,0.45
4,baseline_tweedie,268,0.45
4,baseline_tweedie,136,0.45
4,baseline_tweedie,585,0.45
4,baseline_tweedie,248,0.45
4,baseline_tweedie,529,0.45
4,baseline_tweedie,37,0.45
4,baseline_tweedie,520,0.45
4,baseline_tweedie,250,0.45
4,baseline_tweedie,76,0.45
4,baseline_tweedie,371,0.45
4,baseline_tweedie,432,0.45
4,baseline_tweedie,244,0.44
4,baseline_tweedie,350,0.44
4,baseline_tweedie,339,0.44
4,baseline_tweedie,487,0.44
4,baseline_tweedie,647,0.44
4,baseline_tweedie,390,0.44
4,baseline_tweedie,422,0.44
4,baseline_tweedie,396,0.44
4,baseline_tweedie,516,0.44
4,baseline_tweedie,456,0.44
4,baseline_tweedie,277,0.43
4,baseline_tweedie,198,0.43
4,baseline_tweedie,285,0.43
4,baseline_tweedie,469,0.43
4,baseline_tweedie,488,0.42
4,baseline_tweedie,305,0.42
4,baseline_tweedie,446,0.42
4,baseline_tweedie,453,0.42
4,baseline_tweedie,281,0.42
4,baseline_tweedie,522,0.42
4,baseline_tweedie,28,0.41
4,baseline_tweedie,642,0.41
4,baseline_tweedie,467,0.41
4,baseline_tweedie,622,0.41
4,baseline_tweedie,362,0.41
4,baseline_tweedie,164,0.41
4,baseline_tweedie,31,0.41
4,baseline_tweedie,253,0.41
4,baseline_tweedie,206,0.41
4,baseline_tweedie,75,0.41
4,baseline_tweedie,412,0.4
4,baseline_tweedie,533,0.4
4,baseline_tweedie,459,0.4
4,baseline_tweedie,332,0.4
4,baseline_tweedie,337,0.4
4,baseline_tweedie,600,0.4
4,baseline_tweedie,454,0.4
4,baseline_tweedie,539,0.39
4,baseline_tweedie,29,0.39
4,baseline_tweedie,265,0.39
4,baseline_tweedie,364,0.39
4,baseline_tweedie,559,0.39
4,baseline_tweedie,188,0.39
4,baseline_tweedie,175,0.38
4,baseline_tweedie,47,0.38
4,baseline_tweedie,455,0.38
4,baseline_tweedie,377,0.38
4,baseline_tweedie,541,0.38
4,baseline_tweedie,17,0.38
4,baseline_tweedie,580,0.38
4,baseline_tweedie,89,0.38
4,baseline_tweedie,78,0.37
4,baseline_tweedie,185,0.37
4,baseline_tweedie,634,0.37
4,baseline_tweedie,308,0.37
4,baseline_tweedie,200,0.37
4,baseline_tweedie,532,0.37
4,baseline_tweedie,77,0.37
4,baseline_tweedie,449,0.37
4,baseline_tweedie,493,0.37
4,baseline_tweedie,269,0.37
4,baseline_tweedie,594,0.37
4,baseline_tweedie,153,0.37
4,baseline_tweedie,356,0.36
4,baseline_tweedie,279,0.36
4,baseline_tweedie,613,0.36
4,baseline_tweedie,461,0.36
4,baseline_tweedie,640,0.36
4,baseline_tweedie,472,0.36
4,baseline_tweedie,577,0.36
4,baseline_tweedie,113,0.36
4,baseline_tweedie,102,0.36
4,baseline_tweedie,546,0.36
4,baseline_tweedie,144,0.36
4,baseline_tweedie,550,0.36
4,baseline_tweedie,57,0.36
4,baseline_tweedie,551,0.35
4,baseline_tweedie,246,0.35
4,baseline_tweedie,398,0.35
4,baseline_tweedie,498,0.35
4,baseline_tweedie,162,0.35
4,baseline_tweedie,258,0.35
4,baseline_tweedie,649,0.35
4,baseline_tweedie,271,0.35
4,baseline_tweedie,61,0.34
4,baseline_tweedie,65,0.34
4,baseline_tweedie,331,0.34
4,baseline_tweedie,501,0.34
4,baseline_tweedie,62,0.34
4,baseline_tweedie,32,0.34
4,baseline_tweedie,591,0.34
4,baseline_tweedie,568,0.34
4,baseline_tweedie,66,0.34
4,baseline_tweedie,358,0.34
4,baseline_tweedie,515,0.34
4,baseline_tweedie,309,0.34
4,baseline_tweedie,605,0.34
4,baseline_tweedie,586,0.34
4,baseline_tweedie,573,0.34
4,baseline_tweedie,63,0.34
4,baseline_tweedie,483,0.34
4,baseline_tweedie,460,0.33
4,baseline_tweedie,547,0.33
4,baseline_tweedie,280,0.33
4,baseline_tweedie,415,0.33
4,baseline_tweedie,411,0.33
4,baseline_tweedie,598,0.33
4,baseline_tweedie,96,0.33
4,baseline_tweedie,289,0.32
4,baseline_tweedie,286,0.32
4,baseline_tweedie,464,0.32
4,baseline_tweedie,458,0.32
4,baseline_tweedie,335,0.32
4,baseline_tweedie,209,0.32
4,baseline_tweedie,72,0.32
4,baseline_tweedie,451,0.32
4,baseline_tweedie,421,0.32
4,baseline_tweedie,609,0.32
4,baseline_tweedie,264,0.32
4,baseline_tweedie,558,0.32
4,baseline_tweedie,448,0.32
4,baseline_tweedie,119,0.32
4,baseline_tweedie,575,0.32
4,baseline_tweedie,503,0.32
4,baseline_tweedie,73,0.31
4,baseline_tweedie,589,0.31
4,baseline_tweedie,110,0.31
4,baseline_tweedie,296,0.31
4,baseline_tweedie,340,0.31
4,baseline_tweedie,343,0.31
4,baseline_tweedie,291,0.31
4,baseline_tweedie,243,0.31
4,baseline_tweedie,292,0.31
4,baseline_tweedie,315,0.31
4,baseline_tweedie,290,0.31
4,baseline_tweedie,645,0.31
4,baseline_tweedie,297,0.31
4,baseline_tweedie,502,0.31
4,baseline_tweedie,566,0.31
4,baseline_tweedie,288,0.31
4,baseline_tweedie,293,0.31
4,baseline_tweedie,15,0.31
4,baseline_tweedie,294,0.31
4,baseline_tweedie,563,0.31
4,baseline_tweedie,391,0.3
4,baseline_tweedie,173,0.3
4,baseline_tweedie,283,0.3
4,baseline_tweedie,184,0.3
4,baseline_tweedie,512,0.3
4,baseline_tweedie,284,0.3
4,baseline_tweedie,387,0.3
4,baseline_tweedie,138,0.3
4,baseline_tweedie,12,0.3
4,baseline_tweedie,369,0.3
4,baseline_tweedie,347,0.3
4,baseline_tweedie,278,0.3
4,baseline_tweedie,67,0.29
4,baseline_tweedie,466,0.29
4,baseline_tweedie,612,0.29
4,baseline_tweedie,86,0.29
4,baseline_tweedie,540,0.29
4,baseline_tweedie,313,0.29
4,baseline_tweedie,538,0.29
4,baseline_tweedie,71,0.29
4,baseline_tweedie,108,0.29
4,baseline_tweedie,203,0.29
4,baseline_tweedie,537,0.29
4,baseline_tweedie,130,0.29
4,baseline_tweedie,79,0.29
4,baseline_tweedie,426,0.28
4,baseline_tweedie,104,0.28
4,baseline_tweedie,261,0.28
4,baseline_tweedie,91,0.28
4,baseline_tweedie,97,0.28
4,baseline_tweedie,543,0.28
4,baseline_tweedie,33,0.28
4,baseline_tweedie,158,0.28
4,baseline_tweedie,163,0.28
4,baseline_tweedie,101,0.28
4,baseline_tweedie,222,0.28
4,baseline_tweedie,112,0.28
4,baseline_tweedie,145,0.28
4,baseline_tweedie,10,0.28
4,baseline_tweedie,570,0.27
4,baseline_tweedie,210,0.27
4,baseline_tweedie,557,0.27
4,baseline_tweedie,152,0.27
4,baseline_tweedie,146,0.27
4,baseline_tweedie,21,0.27
4,baseline_tweedie,157,0.27
4,baseline_tweedie,143,0.27
4,baseline_tweedie,561,0.27
4,baseline_tweedie,504,0.27
4,baseline_tweedie,176,0.27
4,baseline_tweedie,127,0.27
4,baseline_tweedie,239,0.27
4,baseline_tweedie,98,0.27
4,baseline_tweedie,245,0.27
4,baseline_tweedie,397,0.27
4,baseline_tweedie,654,0.27
4,baseline_tweedie,150,0.27
4,baseline_tweedie,124,0.26
4,baseline_tweedie,125,0.26
4,baseline_tweedie,232,0.26
4,baseline_tweedie,26,0.26
4,baseline_tweedie,235,0.26
4,baseline_tweedie,49,0.26
4,baseline_tweedie,50,0.26
4,baseline_tweedie,48,0.26
4,baseline_tweedie,395,0.26
4,baseline_tweedie,607,0.26
4,baseline_tweedie,631,0.26
4,baseline_tweedie,231,0.26
4,baseline_tweedie,88,0.26
4,baseline_tweedie,234,0.26
4,baseline_tweedie,44,0.26
4,baseline_tweedie,618,0.26
4,baseline_tweedie,168,0.26
4,baseline_tweedie,201,0.26
4,baseline_tweedie,53,0.26
4,baseline_tweedie,169,0.26
4,baseline_tweedie,170,0.26
4,baseline_tweedie,442,0.25
4,baseline_tweedie,64,0.25
4,baseline_tweedie,428,0.25
4,baseline_tweedie,7,0.25
4,baseline_tweedie,13,0.25
4,baseline_tweedie,531,0.25
4,baseline_tweedie,443,0.25
4,baseline_tweedie,444,0.25
4,baseline_tweedie,608,0.25
4,baseline_tweedie,463,0.25
4,baseline_tweedie,336,0.25
4,baseline_tweedie,105,0.25
4,baseline_tweedie,565,0.25
4,baseline_tweedie,530,0.25
4,baseline_tweedie,560,0.25
4,baseline_tweedie,256,0.25
4,baseline_tweedie,295,0.25
4,baseline_tweedie,643,0.25
4,baseline_tweedie,266,0.25
4,baseline_tweedie,51,0.25
4,baseline_tweedie,195,0.25
4,baseline_tweedie,650,0.25
4,baseline_tweedie,636,0.25
4,baseline_tweedie,149,0.25
4,baseline_tweedie,626,0.25
4,baseline_tweedie,617,0.25
4,baseline_tweedie,610,0.25
4,baseline_tweedie,270,0.25
4,baseline_tweedie,141,0.25
4,baseline_tweedie,569,0.25
4,baseline_tweedie,161,0.24
4,baseline_tweedie,241,0.24
4,baseline_tweedie,619,0.24
4,baseline_tweedie,237,0.24
4,baseline_tweedie,316,0.24
4,baseline_tweedie,327,0.24
4,baseline_tweedie,399,0.24
4,baseline_tweedie,282,0.24
4,baseline_tweedie,115,0.24
4,baseline_tweedie,544,0.24
4,baseline_tweedie,166,0.24
4,baseline_tweedie,632,0.23
4,baseline_tweedie,59,0.23
4,baseline_tweedie,221,0.23
4,baseline_tweedie,84,0.23
4,baseline_tweedie,615,0.23
4,baseline_tweedie,236,0.23
4,baseline_tweedie,637,0.23
4,baseline_tweedie,81,0.23
4,baseline_tweedie,219,0.23
4,baseline_tweedie,653,0.23
4,baseline_tweedie,628,0.23
4,baseline_tweedie,68,0.23
4,baseline_tweedie,439,0.23
4,baseline_tweedie,481,0.23
4,baseline_tweedie,410,0.23
4,baseline_tweedie,409,0.23
4,baseline_tweedie,408,0.23
4,baseline_tweedie,407,0.23
4,baseline_tweedie,404,0.23
4,baseline_tweedie,402,0.23
4,baseline_tweedie,400,0.23
4,baseline_tweedie,208,0.23
4,baseline_tweedie,215,0.23
4,baseline_tweedie,216,0.23
4,baseline_tweedie,217,0.23
4,baseline_tweedie,218,0.23
4,baseline_tweedie,213,0.23
4,baseline_tweedie,58,0.23
4,baseline_tweedie,129,0.23
4,baseline_tweedie,311,0.23
4,baseline_tweedie,318,0.23
4,baseline_tweedie,319,0.23
4,baseline_tweedie,114,0.23
4,baseline_tweedie,310,0.23
4,baseline_tweedie,322,0.23
4,baseline_tweedie,324,0.23
4,baseline_tweedie,298,0.23
4,baseline_tweedie,299,0.23
4,baseline_tweedie,314,0.23
4,baseline_tweedie,312,0.23
4,baseline_tweedie,562,0.23
4,baseline_tweedie,571,0.23
4,baseline_tweedie,602,0.23
4,baseline_tweedie,317,0.23
4,baseline_tweedie,274,0.22
4,baseline_tweedie,140,0.22
4,baseline_tweedie,394,0.22
4,baseline_tweedie,510,0.22
4,baseline_tweedie,601,0.22
4,baseline_tweedie,60,0.22
4,baseline_tweedie,509,0.22
4,baseline_tweedie,508,0.22
4,baseline_tweedie,254,0.22
4,baseline_tweedie,518,0.22
4,baseline_tweedie,524,0.22
4,baseline_tweedie,507,0.22
4,baseline_tweedie,41,0.22
4,baseline_tweedie,517,0.22
4,baseline_tweedie,521,0.22
4,baseline_tweedie,275,0.22
4,baseline_tweedie,186,0.22
4,baseline_tweedie,392,0.22
4,baseline_tweedie,588,0.22
4,baseline_tweedie,513,0.22
4,baseline_tweedie,147,0.22
4,baseline_tweedie,273,0.22
4,baseline_tweedie,511,0.22
4,baseline_tweedie,227,0.22
4,baseline_tweedie,500,0.22
4,baseline_tweedie,228,0.22
4,baseline_tweedie,505,0.22
4,baseline_tweedie,276,0.22
4,baseline_tweedie,205,0.21
4,baseline_tweedie,606,0.21
4,baseline_tweedie,214,0.21
4,baseline_tweedie,39,0.21
4,baseline_tweedie,38,0.21
4,baseline_tweedie,379,0.21
4,baseline_tweedie,69,0.21
4,baseline_tweedie,372,0.21
4,baseline_tweedie,330,0.21
4,baseline_tweedie,220,0.21
4,baseline_tweedie,30,0.21
4,baseline_tweedie,576,0.21
4,baseline_tweedie,630,0.21
4,baseline_tweedie,633,0.21
4,baseline_tweedie,427,0.21
4,baseline_tweedie,80,0.21
4,baseline_tweedie,192,0.2
4,baseline_tweedie,27,0.2
4,baseline_tweedie,307,0.2
4,baseline_tweedie,303,0.2
4,baseline_tweedie,534,0.2
4,baseline_tweedie,191,0.2
4,baseline_tweedie,480,0.2
4,baseline_tweedie,189,0.2
4,baseline_tweedie,506,0.2
4,baseline_tweedie,187,0.2
4,baseline_tweedie,644,0.2
4,baseline_tweedie,555,0.2
4,baseline_tweedie,370,0.2
4,baseline_tweedie,45,0.2
4,baseline_tweedie,20,0.2
4,baseline_tweedie,18,0.2
4,baseline_tweedie,260,0.2
4,baseline_tweedie,24,0.2
4,baseline_tweedie,367,0.2
4,baseline_tweedie,368,0.2
4,baseline_tweedie,373,0.2
4,baseline_tweedie,374,0.2
4,baseline_tweedie,22,0.2
4,baseline_tweedie,376,0.2
4,baseline_tweedie,378,0.2
4,baseline_tweedie,383,0.2
4,baseline_tweedie,202,0.2
4,baseline_tweedie,199,0.2
4,baseline_tweedie,23,0.2
4,baseline_tweedie,525,0.19
4,baseline_tweedie,485,0.19
4,baseline_tweedie,484,0.19
4,baseline_tweedie,497,0.19
4,baseline_tweedie,489,0.19
4,baseline_tweedie,429,0.19
4,baseline_tweedie,495,0.19
4,baseline_tweedie,473,0.19
4,baseline_tweedie,494,0.19
4,baseline_tweedie,542,0.19
4,baseline_tweedie,651,0.19
4,baseline_tweedie,100,0.19
4,baseline_tweedie,148,0.19
4,baseline_tweedie,249,0.19
4,baseline_tweedie,46,0.19
4,baseline_tweedie,211,0.19
4,baseline_tweedie,99,0.19
4,baseline_tweedie,43,0.19
4,baseline_tweedie,103,0.19
4,baseline_tweedie,132,0.18
4,baseline_tweedie,363,0.18
4,baseline_tweedie,361,0.18
4,baseline_tweedie,360,0.18
4,baseline_tweedie,359,0.18
4,baseline_tweedie,126,0.18
4,baseline_tweedie,128,0.18
4,baseline_tweedie,242,0.18
4,baseline_tweedie,133,0.18
4,baseline_tweedie,121,0.18
4,baseline_tweedie,134,0.18
4,baseline_tweedie,624,0.18
4,baseline_tweedie,639,0.18
4,baseline_tweedie,519,0.18
4,baseline_tweedie,652,0.18
4,baseline_tweedie,122,0.18
4,baseline_tweedie,365,0.18
4,baseline_tweedie,499,0.18
4,baseline_tweedie,587,0.18
4,baseline_tweedie,5,0.18
4,baseline_tweedie,6,0.18
4,baseline_tweedie,70,0.18
4,baseline_tweedie,85,0.18
4,baseline_tweedie,251,0.18
4,baseline_tweedie,92,0.18
4,baseline_tweedie,106,0.18
4,baseline_tweedie,620,0.18
4,baseline_tweedie,252,0.18
4,baseline_tweedie,155,0.18
4,baseline_tweedie,386,0.18
4,baseline_tweedie,190,0.18
4,baseline_tweedie,204,0.18
4,baseline_tweedie,476,0.17
4,baseline_tweedie,470,0.17
4,baseline_tweedie,329,0.17
4,baseline_tweedie,178,0.17
4,baseline_tweedie,475,0.17
4,baseline_tweedie,179,0.17
4,baseline_tweedie,180,0.17
4,baseline_tweedie,479,0.17
4,baseline_tweedie,181,0.17
4,baseline_tweedie,174,0.17
4,baseline_tweedie,477,0.17
4,baseline_tweedie,177,0.17
4,baseline_tweedie,491,0.17
4,baseline_tweedie,156,0.17
4,baseline_tweedie,353,0.17
4,baseline_tweedie,545,0.17
4,baseline_tweedie,117,0.17
4,baseline_tweedie,118,0.17
4,baseline_tweedie,120,0.17
4,baseline_tweedie,354,0.17
4,baseline_tweedie,355,0.17
4,baseline_tweedie,352,0.17
4,baseline_tweedie,423,0.17
4,baseline_tweedie,523,0.17
4,baseline_tweedie,614,0.17
4,baseline_tweedie,346,0.17
4,baseline_tweedie,351,0.17
4,baseline_tweedie,40,0.16
4,baseline_tweedie,526,0.16
4,baseline_tweedie,403,0.16
4,baseline_tweedie,111,0.16
4,baseline_tweedie,95,0.16
4,baseline_tweedie,552,0.16
4,baseline_tweedie,287,0.16
4,baseline_tweedie,225,0.16
4,baseline_tweedie,300,0.16
4,baseline_tweedie,405,0.16
4,baseline_tweedie,366,0.16
4,baseline_tweedie,345,0.16
4,baseline_tweedie,554,0.16
4,baseline_tweedie,302,0.16
4,baseline_tweedie,301,0.16
4,baseline_tweedie,465,0.16
4,baseline_tweedie,272,0.16
4,baseline_tweedie,131,0.15
4,baseline_tweedie,431,0.15
4,baseline_tweedie,357,0.15
4,baseline_tweedie,438,0.15
4,baseline_tweedie,142,0.15
4,baseline_tweedie,437,0.15
4,baseline_tweedie,514,0.15
4,baseline_tweedie,154,0.15
4,baseline_tweedie,436,0.15
4,baseline_tweedie,434,0.15
4,baseline_tweedie,433,0.15
4,baseline_tweedie,139,0.15
4,baseline_tweedie,137,0.15
4,baseline_tweedie,430,0.15
4,baseline_tweedie,83,0.15
4,baseline_tweedie,582,0.15
4,baseline_tweedie,55,0.15
4,baseline_tweedie,401,0.15
4,baseline_tweedie,2,0.15
4,baseline_tweedie,3,0.15
4,baseline_tweedie,416,0.14
4,baseline_tweedie,425,0.14
4,baseline_tweedie,424,0.14
4,baseline_tweedie,382,0.14
4,baseline_tweedie,380,0.14
4,baseline_tweedie,486,0.14
4,baseline_tweedie,599,0.14
4,baseline_tweedie,528,0.14
4,baseline_tweedie,590,0.14
4,baseline_tweedie,197,0.14
4,baseline_tweedie,196,0.14
4,baseline_tweedie,193,0.14
4,baseline_tweedie,468,0.14
4,baseline_tweedie,342,0.13
4,baseline_tweedie,107,0.13
4,baseline_tweedie,165,0.13
4,baseline_tweedie,333,0.13
4,baseline_tweedie,223,0.13
4,baseline_tweedie,344,0.13
4,baseline_tweedie,603,0.13
4,baseline_tweedie,320,0.13
4,baseline_tweedie,341,0.13
4,baseline_tweedie,553,0.13
4,baseline_tweedie,648,0.13
4,baseline_tweedie,641,0.13
4,baseline_tweedie,604,0.13
4,baseline_tweedie,183,0.12
4,baseline_tweedie,224,0.12
4,baseline_tweedie,123,0.12
4,baseline_tweedie,167,0.11
4,baseline_tweedie,171,0.11
4,baseline_tweedie,623,0.11
4,baseline_tweedie,417,0.11
4,baseline_tweedie,172,0.11
4,baseline_tweedie,441,0.1
4,baseline_tweedie,440,0.1
4,baseline_tweedie,325,0.09
4,baseline_tweedie,326,0.09
4,baseline_tweedie,413,0.09
4,baseline_tweedie,414,0.09
4,baseline_tweedie,629,0.09
4,baseline_tweedie,492,0.09
4,baseline_tweedie,625,0.09
4,baseline_tweedie,349,0.08
4,baseline_tweedie,348,0.08
4,baseline,12,4.69
4,baseline,15,4.65
4,baseline,26,4.23
4,baseline,399,4.22
4,baseline,264,4.14
4,baseline,411,4.03
4,baseline,165,3.71
4,baseline,68,3.52
4,baseline,249,3.51
4,baseline,427,3.4
4,baseline,398,3.22
4,baseline,397,3.2
4,baseline,569,3.12
4,baseline,426,3.09
4,baseline,557,3.09
4,baseline,115,3.08
4,baseline,1,3.08
4,baseline,154,3.05
4,baseline,40,3.04
4,baseline,10,2.98
4,baseline,379,2.96
4,baseline,13,2.86
4,baseline,258,2.84
4,baseline,305,2.82
4,baseline,454,2.82
4,baseline,412,2.76
4,baseline,464,2.71
4,baseline,384,2.7
4,baseline,391,2.63
4,baseline,367,2.62
4,baseline,57,2.61
4,baseline,8,2.6
4,baseline,226,2.59
4,baseline,4,2.53
4,baseline,173,2.52
4,baseline,106,2.51
4,baseline,532,2.5
4,baseline,230,2.48
4,baseline,567,2.44
4,baseline,233,2.43
4,baseline,471,2.42
4,baseline,60,2.4
4,baseline,449,2.39
4,baseline,204,2.36
4,baseline,86,2.36
4,baseline,467,2.35
4,baseline,94,2.34
4,baseline,496,2.34
4,baseline,268,2.34
4,baseline,112,2.33
4,baseline,390,2.32
4,baseline,593,2.32
4,baseline,109,2.29
4,baseline,261,2.28
4,baseline,350,2.25
4,baseline,242,2.25
4,baseline,514,2.24
4,baseline,110,2.23
4,baseline,564,2.22
4,baseline,388,2.22
4,baseline,265,2.19
4,baseline,346,2.17
4,baseline,236,2.17
4,baseline,124,2.16
4,baseline,552,2.16
4,baseline,418,2.14
4,baseline,82,2.13
4,baseline,469,2.11
4,baseline,200,2.11
4,baseline,453,2.1
4,baseline,447,2.09
4,baseline,7,2.05
4,baseline,127,2.04
4,baseline,486,1.97
4,baseline,533,1.95
4,baseline,182,1.93
4,baseline,335,1.92
4,baseline,377,1.92
4,baseline,145,1.91
4,baseline,229,1.91
4,baseline,529,1.9
4,baseline,541,1.89
4,baseline,542,1.89
4,baseline,432,1.87
4,baseline,534,1.86
4,baseline,544,1.86
4,baseline,156,1.86
4,baseline,166,1.85
4,baseline,474,1.85
4,baseline,96,1.85
4,baseline,572,1.85
4,baseline,244,1.85
4,baseline,175,1.84
4,baseline,545,1.8
4,baseline,536,1.78
4,baseline,605,1.78
4,baseline,393,1.77
4,baseline,591,1.77
4,baseline,551,1.76
4,baseline,481,1.76
4,baseline,472,1.74
4,baseline,362,1.73
4,baseline,368,1.7
4,baseline,480,1.7
4,baseline,211,1.69
4,baseline,570,1.67
4,baseline,176,1.67
4,baseline,566,1.65
4,baseline,366,1.65
4,baseline,423,1.64
4,baseline,334,1.64
4,baseline,445,1.64
4,baseline,499,1.63
4,baseline,64,1.63
4,baseline,356,1.6
4,baseline,304,1.6
4,baseline,428,1.59
4,baseline,43,1.59
4,baseline,385,1.58
4,baseline,61,1.57
4,baseline,588,1.57
4,baseline,250,1.56
4,baseline,247,1.56
4,baseline,198,1.56
4,baseline,161,1.56
4,baseline,649,1.55
4,baseline,246,1.54
4,baseline,295,1.54
4,baseline,316,1.53
4,baseline,565,1.53
4,baseline,635,1.53
4,baseline,280,1.52
4,baseline,98,1.52
4,baseline,417,1.48
4,baseline,279,1.48
4,baseline,11,1.47
4,baseline,28,1.46
4,baseline,501,1.46
4,baseline,286,1.45
4,baseline,183,1.44
4,baseline,619,1.43
4,baseline,306,1.43
4,baseline,504,1.42
4,baseline,580,1.42
4,baseline,455,1.42
4,baseline,597,1.41
4,baseline,598,1.41
4,baseline,332,1.41
4,baseline,190,1.41
4,baseline,36,1.41
4,baseline,643,1.41
4,baseline,330,1.39
4,baseline,259,1.38
4,baseline,31,1.38
4,baseline,116,1.37
4,baseline,51,1.36
4,baseline,184,1.36
4,baseline,237,1.35
4,baseline,358,1.34
4,baseline,151,1.34
4,baseline,142,1.34
4,baseline,315,1.31
4,baseline,123,1.31
4,baseline,642,1.3
4,baseline,419,1.28
4,baseline,119,1.27
4,baseline,429,1.26
4,baseline,290,1.26
4,baseline,16,1.26
4,baseline,347,1.26
4,baseline,269,1.26
4,baseline,167,1.25
4,baseline,627,1.25
4,baseline,113,1.25
4,baseline,562,1.24
4,baseline,148,1.24
4,baseline,576,1.24
4,baseline,338,1.24
4,baseline,502,1.24
4,baseline,88,1.23
4,baseline,483,1.23
4,baseline,473,1.23
4,baseline,439,1.22
4,baseline,553,1.22
4,baseline,32,1.2
4,baseline,155,1.19
4,baseline,214,1.18
4,baseline,253,1.16
4,baseline,282,1.16
4,baseline,422,1.15
4,baseline,415,1.15
4,baseline,34,1.14
4,baseline,144,1.13
4,baseline,401,1.12
4,baseline,558,1.12
4,baseline,457,1.11
4,baseline,239,1.11
4,baseline,87,1.1
4,baseline,516,1.1
4,baseline,37,1.1
4,baseline,248,1.09
4,baseline,212,1.09
4,baseline,503,1.08
4,baseline,74,1.07
4,baseline,586,1.07
4,baseline,46,1.07
4,baseline,371,1.05
4,baseline,646,1.05
4,baseline,490,1.05
4,baseline,70,1.04
4,baseline,203,1.04
4,baseline,262,1.03
4,baseline,616,1.03
4,baseline,25,1.03
4,baseline,69,1.03
4,baseline,52,1.03
4,baseline,102,1.02
4,baseline,579,1.02
4,baseline,634,1.01
4,baseline,460,1.01
4,baseline,578,1.01
4,baseline,114,1.0
4,baseline,9,0.99
4,baseline,267,0.99
4,baseline,596,0.97
4,baseline,162,0.97
4,baseline,254,0.96
4,baseline,405,0.96
4,baseline,644,0.96
4,baseline,160,0.96
4,baseline,19,0.95
4,baseline,153,0.95
4,baseline,263,0.95
4,baseline,420,0.93
4,baseline,129,0.93
4,baseline,357,0.93
4,baseline,281,0.92
4,baseline,84,0.91
4,baseline,71,0.91
4,baseline,592,0.91
4,baseline,459,0.9
4,baseline,589,0.9
4,baseline,67,0.9
4,baseline,257,0.9
4,baseline,585,0.9
4,baseline,525,0.89
4,baseline,79,0.88
4,baseline,456,0.88
4,baseline,260,0.87
4,baseline,14,0.87
4,baseline,75,0.87
4,baseline,209,0.87
4,baseline,327,0.87
4,baseline,548,0.86
4,baseline,308,0.86
4,baseline,135,0.86
4,baseline,17,0.85
4,baseline,130,0.85
4,baseline,202,0.85
4,baseline,41,0.84
4,baseline,381,0.84
4,baseline,375,0.84
4,baseline,313,0.84
4,baseline,506,0.83
4,baseline,76,0.83
4,baseline,403,0.83
4,baseline,462,0.83
4,baseline,638,0.83
4,baseline,238,0.83
4,baseline,535,0.82
4,baseline,452,0.82
4,baseline,512,0.82
4,baseline,549,0.81
4,baseline,207,0.81
4,baseline,277,0.81
4,baseline,583,0.81
4,baseline,584,0.81
4,baseline,435,0.81
4,baseline,47,0.8
4,baseline,93,0.8
4,baseline,559,0.8
4,baseline,595,0.8
4,baseline,285,0.79
4,baseline,574,0.79
4,baseline,138,0.79
4,baseline,90,0.79
4,baseline,81,0.79
4,baseline,321,0.78
4,baseline,478,0.77
4,baseline,73,0.77
4,baseline,446,0.77
4,baseline,336,0.77
4,baseline,611,0.77
4,baseline,406,0.77
4,baseline,35,0.76
4,baseline,498,0.76
4,baseline,210,0.76
4,baseline,108,0.76
4,baseline,194,0.75
4,baseline,125,0.75
4,baseline,640,0.75
4,baseline,577,0.75
4,baseline,608,0.74
4,baseline,56,0.74
4,baseline,222,0.74
4,baseline,488,0.74
4,baseline,450,0.74
4,baseline,364,0.74
4,baseline,159,0.74
4,baseline,323,0.74
4,baseline,54,0.73
4,baseline,600,0.73
4,baseline,42,0.73
4,baseline,621,0.73
4,baseline,185,0.73
4,baseline,647,0.73
4,baseline,461,0.73
4,baseline,543,0.73
4,baseline,339,0.72
4,baseline,164,0.72
4,baseline,556,0.72
4,baseline,389,0.72
4,baseline,492,0.72
4,baseline,328,0.71
4,baseline,45,0.71
4,baseline,72,0.71
4,baseline,240,0.71
4,baseline,186,0.7
4,baseline,24,0.7
4,baseline,613,0.7
4,baseline,300,0.7
4,baseline,302,0.7
4,baseline,303,0.7
4,baseline,307,0.7
4,baseline,515,0.7
4,baseline,59,0.7
4,baseline,58,0.7
4,baseline,301,0.7
4,baseline,568,0.7
4,baseline,546,0.7
4,baseline,23,0.7
4,baseline,550,0.7
4,baseline,615,0.7
4,baseline,22,0.7
4,baseline,20,0.7
4,baseline,530,0.7
4,baseline,531,0.7
4,baseline,554,0.7
4,baseline,18,0.7
4,baseline,201,0.69
4,baseline,63,0.69
4,baseline,65,0.69
4,baseline,413,0.69
4,baseline,414,0.69
4,baseline,594,0.69
4,baseline,540,0.69
4,baseline,62,0.69
4,baseline,78,0.69
4,baseline,538,0.69
4,baseline,537,0.69
4,baseline,66,0.69
4,baseline,325,0.69
4,baseline,188,0.69
4,baseline,612,0.69
4,baseline,77,0.69
4,baseline,573,0.69
4,baseline,343,0.69
4,baseline,491,0.69
4,baseline,623,0.68
4,baseline,416,0.68
4,baseline,171,0.68
4,baseline,571,0.68
4,baseline,425,0.68
4,baseline,424,0.68
4,baseline,91,0.68
4,baseline,602,0.68
4,baseline,131,0.68
4,baseline,133,0.68
4,baseline,134,0.68
4,baseline,199,0.68
4,baseline,205,0.68
4,baseline,235,0.68
4,baseline,324,0.68
4,baseline,430,0.68
4,baseline,221,0.68
4,baseline,3,0.68
4,baseline,80,0.68
4,baseline,128,0.68
4,baseline,636,0.68
4,baseline,626,0.68
4,baseline,555,0.68
4,baseline,126,0.68
4,baseline,270,0.68
4,baseline,633,0.68
4,baseline,266,0.68
4,baseline,21,0.68
4,baseline,122,0.68
4,baseline,227,0.68
4,baseline,228,0.68
4,baseline,121,0.68
4,baseline,6,0.68
4,baseline,5,0.68
4,baseline,231,0.68
4,baseline,654,0.68
4,baseline,232,0.68
4,baseline,624,0.68
4,baseline,245,0.68
4,baseline,2,0.68
4,baseline,220,0.68
4,baseline,219,0.68
4,baseline,639,0.68
4,baseline,319,0.68
4,baseline,318,0.68
4,baseline,431,0.68
4,baseline,314,0.68
4,baseline,132,0.68
4,baseline,312,0.68
4,baseline,311,0.68
4,baseline,310,0.68
4,baseline,208,0.68
4,baseline,213,0.68
4,baseline,433,0.68
4,baseline,234,0.68
4,baseline,434,0.68
4,baseline,617,0.68
4,baseline,215,0.68
4,baseline,216,0.68
4,baseline,217,0.68
4,baseline,436,0.68
4,baseline,437,0.68
4,baseline,438,0.68
4,baseline,652,0.68
4,baseline,218,0.68
4,baseline,172,0.68
4,baseline,487,0.67
4,baseline,191,0.67
4,baseline,581,0.67
4,baseline,482,0.67
4,baseline,189,0.67
4,baseline,187,0.67
4,baseline,251,0.67
4,baseline,252,0.67
4,baseline,181,0.67
4,baseline,180,0.67
4,baseline,179,0.67
4,baseline,458,0.67
4,baseline,178,0.67
4,baseline,177,0.67
4,baseline,192,0.67
4,baseline,443,0.67
4,baseline,442,0.67
4,baseline,174,0.67
4,baseline,444,0.67
4,baseline,451,0.66
4,baseline,448,0.66
4,baseline,609,0.66
4,baseline,651,0.66
4,baseline,120,0.66
4,baseline,614,0.66
4,baseline,149,0.66
4,baseline,29,0.66
4,baseline,118,0.66
4,baseline,117,0.66
4,baseline,111,0.66
4,baseline,256,0.66
4,baseline,610,0.66
4,baseline,650,0.66
4,baseline,273,0.65
4,baseline,575,0.65
4,baseline,463,0.65
4,baseline,645,0.65
4,baseline,340,0.65
4,baseline,89,0.65
4,baseline,274,0.65
4,baseline,276,0.65
4,baseline,297,0.65
4,baseline,296,0.65
4,baseline,294,0.65
4,baseline,293,0.65
4,baseline,27,0.65
4,baseline,292,0.65
4,baseline,291,0.65
4,baseline,275,0.65
4,baseline,288,0.65
4,baseline,494,0.64
4,baseline,500,0.64
4,baseline,497,0.64
4,baseline,495,0.64
4,baseline,289,0.64
4,baseline,147,0.64
4,baseline,284,0.64
4,baseline,493,0.64
4,baseline,225,0.64
4,baseline,278,0.64
4,baseline,505,0.64
4,baseline,383,0.64
4,baseline,507,0.64
4,baseline,513,0.64
4,baseline,378,0.64
4,baseline,376,0.64
4,baseline,374,0.64
4,baseline,373,0.64
4,baseline,372,0.64
4,baseline,370,0.64
4,baseline,601,0.64
4,baseline,524,0.64
4,baseline,508,0.64
4,baseline,518,0.64
4,baseline,517,0.64
4,baseline,521,0.64
4,baseline,283,0.64
4,baseline,355,0.64
4,baseline,354,0.64
4,baseline,511,0.64
4,baseline,510,0.64
4,baseline,351,0.64
4,baseline,352,0.64
4,baseline,353,0.64
4,baseline,509,0.64
4,baseline,48,0.63
4,baseline,137,0.63
4,baseline,33,0.63
4,baseline,139,0.63
4,baseline,44,0.63
4,baseline,197,0.63
4,baseline,49,0.63
4,baseline,50,0.63
4,baseline,196,0.63
4,baseline,607,0.63
4,baseline,618,0.63
4,baseline,631,0.63
4,baseline,272,0.63
4,baseline,243,0.63
4,baseline,193,0.63
4,baseline,53,0.63
4,baseline,599,0.63
4,baseline,441,0.63
4,baseline,365,0.63
4,baseline,440,0.63
4,baseline,363,0.63
4,baseline,337,0.63
4,baseline,317,0.63
4,baseline,359,0.63
4,baseline,361,0.63
4,baseline,360,0.63
4,baseline,322,0.63
4,baseline,341,0.62
4,baseline,484,0.62
4,baseline,485,0.62
4,baseline,489,0.62
4,baseline,342,0.62
4,baseline,590,0.62
4,baseline,539,0.62
4,baseline,630,0.62
4,baseline,344,0.62
4,baseline,604,0.62
4,baseline,625,0.62
4,baseline,629,0.62
4,baseline,606,0.62
4,baseline,648,0.62
4,baseline,39,0.62
4,baseline,105,0.62
4,baseline,466,0.62
4,baseline,38,0.62
4,baseline,30,0.62
4,baseline,326,0.62
4,baseline,468,0.62
4,baseline,141,0.61
4,baseline,380,0.61
4,baseline,637,0.61
4,baseline,470,0.61
4,baseline,622,0.61
4,baseline,101,0.61
4,baseline,632,0.61
4,baseline,603,0.61
4,baseline,563,0.61
4,baseline,299,0.61
4,baseline,298,0.61
4,baseline,641,0.61
4,baseline,136,0.61
4,baseline,560,0.61
4,baseline,333,0.61
4,baseline,97,0.61
4,baseline,158,0.61
4,baseline,163,0.61
4,baseline,475,0.61
4,baseline,206,0.61
4,baseline,382,0.61
4,baseline,476,0.61
4,baseline,477,0.61
4,baseline,479,0.61
4,baseline,522,0.6
4,baseline,519,0.6
4,baseline,407,0.6
4,baseline,402,0.6
4,baseline,628,0.6
4,baseline,653,0.6
4,baseline,528,0.6
4,baseline,404,0.6
4,baseline,408,0.6
4,baseline,409,0.6
4,baseline,410,0.6
4,baseline,150,0.6
4,baseline,104,0.6
4,baseline,55,0.6
4,baseline,143,0.6
4,baseline,146,0.6
4,baseline,152,0.6
4,baseline,157,0.6
4,baseline,561,0.6
4,baseline,400,0.6
4,baseline,582,0.6
4,baseline,396,0.6
4,baseline,103,0.59
4,baseline,386,0.59
4,baseline,241,0.59
4,baseline,92,0.59
4,baseline,83,0.59
4,baseline,85,0.59
4,baseline,520,0.59
4,baseline,620,0.59
4,baseline,99,0.59
4,baseline,587,0.59
4,baseline,100,0.59
4,baseline,394,0.58
4,baseline,392,0.58
4,baseline,349,0.57
4,baseline,107,0.57
4,baseline,348,0.57
4,baseline,168,0.56
4,baseline,421,0.56
4,baseline,169,0.56
4,baseline,170,0.56
4,baseline,140,0.55
4,baseline,369,0.53
4,baseline,547,0.53
4,baseline,271,0.52
4,baseline,523,0.52
4,baseline,309,0.51
4,baseline,387,0.51
4,baseline,527,0.5
4,baseline,223,0.47
4,baseline,95,0.45
4,baseline,255,0.45
4,baseline,465,0.44
4,baseline,224,0.4
4,baseline,287,0.39
4,baseline,395,0.34
4,baseline,195,0.34
4,baseline,329,0.33
4,baseline,345,0.32
4,baseline,526,0.31
4,baseline,320,0.24
4,baseline,331,0.23
4,twohead,249,4.07
4,twohead,1,3.96
4,twohead,26,3.9
4,twohead,109,3.79
4,twohead,96,3.77
4,twohead,428,3.44
4,twohead,464,3.39
4,twohead,597,3.38
4,twohead,350,3.37
4,twohead,567,3.34
4,twohead,295,3.32
4,twohead,552,3.3
4,twohead,362,3.28
4,twohead,110,3.26
4,twohead,427,3.24
4,twohead,57,3.24
4,twohead,533,3.21
4,twohead,514,3.11
4,twohead,250,3.1
4,twohead,13,3.09
4,twohead,226,3.08
4,twohead,496,3.08
4,twohead,557,3.02
4,twohead,384,3.01
4,twohead,564,3.01
4,twohead,332,3.01
4,twohead,569,3.01
4,twohead,45,3.0
4,twohead,242,3.0
4,twohead,492,2.99
4,twohead,40,2.97
4,twohead,230,2.97
4,twohead,579,2.95
4,twohead,412,2.92
4,twohead,156,2.91
4,twohead,529,2.86
4,twohead,4,2.82
4,twohead,79,2.8
4,twohead,366,2.76
4,twohead,82,2.74
4,twohead,10,2.74
4,twohead,467,2.72
4,twohead,12,2.66
4,twohead,233,2.63
4,twohead,356,2.61
4,twohead,377,2.6
4,twohead,28,2.59
4,twohead,236,2.58
4,twohead,429,2.58
4,twohead,68,2.57
4,twohead,46,2.56
4,twohead,385,2.56
4,twohead,553,2.56
4,twohead,316,2.55
4,twohead,358,2.54
4,twohead,649,2.53
4,twohead,544,2.52
4,twohead,41,2.48
4,twohead,286,2.48
4,twohead,183,2.48
4,twohead,198,2.47
4,twohead,453,2.47
4,twohead,397,2.46
4,twohead,335,2.46
4,twohead,112,2.43
4,twohead,67,2.42
4,twohead,334,2.42
4,twohead,551,2.41
4,twohead,591,2.41
4,twohead,346,2.41
4,twohead,261,2.4
4,twohead,247,2.4
4,twohead,368,2.4
4,twohead,460,2.38
4,twohead,372,2.38
4,twohead,516,2.36
4,twohead,173,2.35
4,twohead,367,2.32
4,twohead,239,2.32
4,twohead,432,2.31
4,twohead,47,2.31
4,twohead,8,2.31
4,twohead,534,2.3
4,twohead,195,2.29
4,twohead,290,2.27
4,twohead,545,2.26
4,twohead,69,2.25
4,twohead,244,2.24
4,twohead,619,2.24
4,twohead,267,2.23
4,twohead,542,2.22
4,twohead,43,2.22
4,twohead,398,2.22
4,twohead,246,2.21
4,twohead,138,2.21
4,twohead,338,2.2
4,twohead,190,2.19
4,twohead,315,2.19
4,twohead,503,2.18
4,twohead,229,2.16
4,twohead,70,2.15
4,twohead,7,2.14
4,twohead,480,2.14
4,twohead,37,2.14
4,twohead,481,2.14
4,twohead,161,2.13
4,twohead,61,2.13
4,twohead,390,2.13
4,twohead,184,2.13
4,twohead,277,2.12
4,twohead,454,2.09
4,twohead,36,2.08
4,twohead,280,2.08
4,twohead,165,2.06
4,twohead,532,2.06
4,twohead,116,2.04
4,twohead,94,2.04
4,twohead,541,2.03
4,twohead,449,2.02
4,twohead,154,2.02
4,twohead,499,2.01
4,twohead,106,2.0
4,twohead,593,1.99
4,twohead,417,1.99
4,twohead,214,1.98
4,twohead,224,1.98
4,twohead,439,1.98
4,twohead,33,1.97
4,twohead,447,1.97
4,twohead,166,1.96
4,twohead,259,1.96
4,twohead,455,1.94
4,twohead,391,1.94
4,twohead,562,1.94
4,twohead,426,1.94
4,twohead,175,1.93
4,twohead,51,1.93
4,twohead,282,1.93
4,twohead,327,1.92
4,twohead,304,1.92
4,twohead,114,1.89
4,twohead,87,1.88
4,twohead,176,1.86
4,twohead,570,1.86
4,twohead,572,1.86
4,twohead,237,1.82
4,twohead,86,1.81
4,twohead,211,1.81
4,twohead,445,1.79
4,twohead,644,1.79
4,twohead,200,1.78
4,twohead,73,1.78
4,twohead,536,1.78
4,twohead,486,1.77
4,twohead,474,1.77
4,twohead,558,1.76
4,twohead,254,1.76
4,twohead,91,1.76
4,twohead,98,1.75
4,twohead,95,1.74
4,twohead,265,1.74
4,twohead,399,1.73
4,twohead,566,1.73
4,twohead,31,1.71
4,twohead,469,1.71
4,twohead,279,1.7
4,twohead,491,1.69
4,twohead,330,1.68
4,twohead,336,1.68
4,twohead,153,1.67
4,twohead,576,1.67
4,twohead,471,1.67
4,twohead,371,1.65
4,twohead,264,1.65
4,twohead,337,1.65
4,twohead,411,1.64
4,twohead,483,1.64
4,twohead,32,1.63
4,twohead,459,1.63
4,twohead,182,1.62
4,twohead,148,1.61
4,twohead,456,1.61
4,twohead,194,1.61
4,twohead,586,1.61
4,twohead,271,1.6
4,twohead,268,1.59
4,twohead,269,1.59
4,twohead,401,1.58
4,twohead,419,1.57
4,twohead,525,1.56
4,twohead,565,1.56
4,twohead,379,1.54
4,twohead,393,1.54
4,twohead,405,1.54
4,twohead,588,1.53
4,twohead,504,1.53
4,twohead,627,1.52
4,twohead,127,1.51
4,twohead,105,1.5
4,twohead,580,1.5
4,twohead,186,1.5
4,twohead,331,1.5
4,twohead,643,1.48
4,twohead,345,1.47
4,twohead,104,1.47
4,twohead,598,1.46
4,twohead,589,1.45
4,twohead,260,1.45
4,twohead,119,1.45
4,twohead,257,1.43
4,twohead,357,1.42
4,twohead,130,1.42
4,twohead,472,1.4
4,twohead,605,1.38
4,twohead,11,1.38
4,twohead,124,1.37
4,twohead,473,1.36
4,twohead,210,1.36
4,twohead,222,1.35
4,twohead,258,1.35
4,twohead,305,1.35
4,twohead,313,1.35
4,twohead,347,1.34
4,twohead,203,1.34
4,twohead,423,1.33
4,twohead,418,1.32
4,twohead,575,1.31
4,twohead,64,1.3
4,twohead,71,1.29
4,twohead,253,1.29
4,twohead,9,1.28
4,twohead,519,1.27
4,twohead,306,1.25
4,twohead,142,1.24
4,twohead,592,1.24
4,twohead,97,1.23
4,twohead,506,1.23
4,twohead,60,1.23
4,twohead,640,1.22
4,twohead,15,1.21
4,twohead,415,1.19
4,twohead,209,1.19
4,twohead,202,1.17
4,twohead,155,1.16
4,twohead,502,1.12
4,twohead,145,1.09
4,twohead,388,1.09
4,twohead,596,1.08
4,twohead,387,1.08
4,twohead,539,1.06
4,twohead,167,1.06
4,twohead,634,1.05
4,twohead,638,1.05
4,twohead,238,1.04
4,twohead,512,1.03
4,twohead,329,1.02
4,twohead,151,1.01
4,twohead,93,1.01
4,twohead,129,0.99
4,twohead,125,0.99
4,twohead,113,0.99
4,twohead,262,0.98
4,twohead,52,0.98
4,twohead,642,0.97
4,twohead,19,0.95
4,twohead,465,0.94
4,twohead,115,0.94
4,twohead,16,0.94
4,twohead,403,0.93
4,twohead,90,0.91
4,twohead,501,0.9
4,twohead,369,0.89
4,twohead,144,0.89
4,twohead,17,0.89
4,twohead,646,0.88
4,twohead,583,0.87
4,twohead,201,0.86
4,twohead,364,0.86
4,twohead,56,0.86
4,twohead,255,0.86
4,twohead,102,0.85
4,twohead,84,0.85
4,twohead,123,0.84
4,twohead,188,0.84
4,twohead,395,0.83
4,twohead,185,0.83
4,twohead,88,0.82
4,twohead,309,0.81
4,twohead,608,0.81
4,twohead,616,0.8
4,twohead,140,0.8
4,twohead,323,0.8
4,twohead,523,0.78
4,twohead,389,0.76
4,twohead,204,0.76
4,twohead,320,0.76
4,twohead,584,0.76
4,twohead,72,0.75
4,twohead,14,0.75
4,twohead,420,0.74
4,twohead,422,0.73
4,twohead,381,0.73
4,twohead,543,0.72
4,twohead,535,0.71
4,twohead,577,0.71
4,twohead,526,0.71
4,twohead,490,0.7
4,twohead,223,0.7
4,twohead,149,0.69
4,twohead,594,0.69
4,twohead,34,0.69
4,twohead,375,0.69
4,twohead,74,0.69
4,twohead,611,0.68
4,twohead,241,0.66
4,twohead,29,0.66
4,twohead,248,0.64
4,twohead,343,0.64
4,twohead,135,0.63
4,twohead,162,0.63
4,twohead,578,0.62
4,twohead,635,0.61
4,twohead,206,0.61
4,twohead,160,0.6
4,twohead,522,0.59
4,twohead,308,0.59
4,twohead,585,0.58
4,twohead,478,0.58
4,twohead,600,0.58
4,twohead,498,0.57
4,twohead,328,0.57
4,twohead,488,0.56
4,twohead,515,0.56
4,twohead,421,0.56
4,twohead,520,0.55
4,twohead,42,0.54
4,twohead,406,0.53
4,twohead,243,0.53
4,twohead,25,0.53
4,twohead,108,0.52
4,twohead,207,0.52
4,twohead,527,0.52
4,twohead,281,0.52
4,twohead,81,0.52
4,twohead,339,0.51
4,twohead,287,0.51
4,twohead,75,0.51
4,twohead,321,0.5
4,twohead,263,0.5
4,twohead,157,0.5
4,twohead,457,0.49
4,twohead,452,0.49
4,twohead,212,0.48
4,twohead,396,0.48
4,twohead,54,0.48
4,twohead,463,0.47
4,twohead,622,0.46
4,twohead,581,0.44
4,twohead,563,0.44
4,twohead,568,0.42
4,twohead,617,0.42
4,twohead,462,0.42
4,twohead,289,0.41
4,twohead,621,0.41
4,twohead,76,0.4
4,twohead,547,0.4
4,twohead,549,0.4
4,twohead,595,0.37
4,twohead,446,0.37
4,twohead,136,0.36
4,twohead,285,0.36
4,twohead,574,0.36
4,twohead,450,0.35
4,twohead,89,0.34
4,twohead,556,0.33
4,twohead,548,0.31
4,twohead,493,0.31
4,twohead,482,0.31
4,twohead,164,0.3
4,twohead,647,0.28
4,twohead,487,0.27
4,twohead,435,0.27
4,twohead,172,0.25
4,twohead,171,0.25
4,twohead,159,0.25
4,twohead,240,0.25
4,twohead,623,0.25
4,twohead,196,0.24
4,twohead,197,0.24
4,twohead,178,0.24
4,twohead,177,0.24
4,twohead,174,0.24
4,twohead,181,0.24
4,twohead,193,0.24
4,twohead,179,0.24
4,twohead,599,0.24
4,twohead,180,0.24
4,twohead,559,0.23
4,twohead,612,0.23
4,twohead,353,0.22
4,twohead,354,0.22
4,twohead,352,0.22
4,twohead,355,0.22
4,twohead,351,0.22
4,twohead,530,0.22
4,twohead,531,0.22
4,twohead,540,0.21
4,twohead,537,0.21
4,twohead,538,0.21
4,twohead,629,0.2
4,twohead,300,0.2
4,twohead,301,0.2
4,twohead,302,0.2
4,twohead,348,0.2
4,twohead,349,0.2
4,twohead,625,0.2
4,twohead,554,0.2
4,twohead,62,0.19
4,twohead,361,0.19
4,twohead,363,0.19
4,twohead,615,0.19
4,twohead,65,0.19
4,twohead,63,0.19
4,twohead,66,0.19
4,twohead,461,0.19
4,twohead,365,0.19
4,twohead,555,0.19
4,twohead,360,0.19
4,twohead,199,0.19
4,twohead,35,0.19
4,twohead,573,0.19
4,twohead,651,0.19
4,twohead,359,0.19
4,twohead,641,0.19
4,twohead,326,0.19
4,twohead,252,0.19
4,twohead,251,0.19
4,twohead,650,0.19
4,twohead,228,0.18
4,twohead,610,0.18
4,twohead,333,0.18
4,twohead,256,0.18
4,twohead,58,0.18
4,twohead,59,0.18
4,twohead,587,0.18
4,twohead,227,0.18
4,twohead,603,0.18
4,twohead,386,0.18
4,twohead,192,0.17
4,twohead,232,0.17
4,twohead,234,0.17
4,twohead,3,0.17
4,twohead,191,0.17
4,twohead,189,0.17
4,twohead,2,0.17
4,twohead,187,0.17
4,twohead,231,0.17
4,twohead,235,0.17
4,twohead,494,0.17
4,twohead,495,0.17
4,twohead,382,0.17
4,twohead,497,0.17
4,twohead,380,0.17
4,twohead,307,0.17
4,twohead,303,0.17
4,twohead,317,0.16
4,twohead,468,0.16
4,twohead,590,0.16
4,twohead,272,0.16
4,twohead,322,0.16
4,twohead,83,0.16
4,twohead,111,0.15
4,twohead,444,0.15
4,twohead,273,0.15
4,twohead,443,0.15
4,twohead,442,0.15
4,twohead,275,0.15
4,twohead,633,0.15
4,twohead,6,0.15
4,twohead,274,0.15
4,twohead,392,0.15
4,twohead,276,0.15
4,twohead,80,0.15
4,twohead,394,0.15
4,twohead,5,0.15
4,twohead,614,0.14
4,twohead,509,0.14
4,twohead,510,0.14
4,twohead,511,0.14
4,twohead,620,0.14
4,twohead,508,0.14
4,twohead,507,0.14
4,twohead,141,0.14
4,twohead,505,0.14
4,twohead,500,0.14
4,twohead,414,0.14
4,twohead,147,0.14
4,twohead,560,0.14
4,twohead,205,0.14
4,twohead,648,0.14
4,twohead,220,0.14
4,twohead,413,0.14
4,twohead,325,0.14
4,twohead,344,0.13
4,twohead,604,0.13
4,twohead,342,0.13
4,twohead,448,0.13
4,twohead,479,0.13
4,twohead,451,0.13
4,twohead,630,0.13
4,twohead,477,0.13
4,twohead,609,0.13
4,twohead,475,0.13
4,twohead,107,0.13
4,twohead,117,0.13
4,twohead,470,0.13
4,twohead,118,0.13
4,twohead,341,0.13
4,twohead,120,0.13
4,twohead,613,0.13
4,twohead,476,0.13
4,twohead,284,0.12
4,twohead,92,0.12
4,twohead,416,0.12
4,twohead,85,0.12
4,twohead,318,0.12
4,twohead,561,0.12
4,twohead,383,0.12
4,twohead,370,0.12
4,twohead,632,0.12
4,twohead,225,0.12
4,twohead,637,0.12
4,twohead,30,0.12
4,twohead,38,0.12
4,twohead,39,0.12
4,twohead,528,0.12
4,twohead,606,0.12
4,twohead,324,0.12
4,twohead,373,0.12
4,twohead,374,0.12
4,twohead,376,0.12
4,twohead,378,0.12
4,twohead,310,0.12
4,twohead,311,0.12
4,twohead,312,0.12
4,twohead,314,0.12
4,twohead,319,0.12
4,twohead,571,0.12
4,twohead,278,0.12
4,twohead,602,0.12
4,twohead,150,0.12
4,twohead,152,0.12
4,twohead,425,0.12
4,twohead,424,0.12
4,twohead,139,0.12
4,twohead,137,0.12
4,twohead,143,0.12
4,twohead,146,0.12
4,twohead,283,0.12
4,twohead,298,0.11
4,twohead,299,0.11
4,twohead,550,0.11
4,twohead,466,0.11
4,twohead,654,0.11
4,twohead,546,0.11
4,twohead,27,0.11
4,twohead,78,0.11
4,twohead,77,0.11
4,twohead,636,0.11
4,twohead,626,0.11
4,twohead,653,0.1
4,twohead,410,0.1
4,twohead,245,0.1
4,twohead,628,0.1
4,twohead,582,0.1
4,twohead,270,0.1
4,twohead,266,0.1
4,twohead,21,0.1
4,twohead,55,0.1
4,twohead,400,0.1
4,twohead,169,0.1
4,twohead,168,0.1
4,twohead,409,0.1
4,twohead,408,0.1
4,twohead,407,0.1
4,twohead,402,0.1
4,twohead,404,0.1
4,twohead,170,0.1
4,twohead,517,0.09
4,twohead,218,0.09
4,twohead,513,0.09
4,twohead,219,0.09
4,twohead,601,0.09
4,twohead,518,0.09
4,twohead,521,0.09
4,twohead,524,0.09
4,twohead,221,0.09
4,twohead,217,0.09
4,twohead,216,0.09
4,twohead,441,0.09
4,twohead,652,0.09
4,twohead,639,0.09
4,twohead,624,0.09
4,twohead,215,0.09
4,twohead,440,0.09
4,twohead,208,0.09
4,twohead,213,0.09
4,twohead,23,0.08
4,twohead,489,0.08
4,twohead,485,0.08
4,twohead,24,0.08
4,twohead,103,0.08
4,twohead,484,0.08
4,twohead,645,0.08
4,twohead,100,0.08
4,twohead,22,0.08
4,twohead,133,0.08
4,twohead,20,0.08
4,twohead,99,0.08
4,twohead,121,0.08
4,twohead,18,0.08
4,twohead,122,0.08
4,twohead,126,0.08
4,twohead,128,0.08
4,twohead,132,0.08
4,twohead,134,0.08
4,twohead,340,0.07
4,twohead,297,0.07
4,twohead,296,0.07
4,twohead,292,0.07
4,twohead,293,0.07
4,twohead,294,0.07
4,twohead,291,0.07
4,twohead,288,0.07
4,twohead,618,0.06
4,twohead,434,0.06
4,twohead,433,0.06
4,twohead,436,0.06
4,twohead,437,0.06
4,twohead,438,0.06
4,twohead,631,0.06
4,twohead,458,0.06
4,twohead,431,0.06
4,twohead,158,0.06
4,twohead,430,0.06
4,twohead,101,0.06
4,twohead,131,0.06
4,twohead,163,0.06
4,twohead,44,0.05
4,twohead,53,0.05
4,twohead,50,0.05
4,twohead,49,0.05
4,twohead,48,0.05
4,twohead,607,0.05
4,position_specific,115,5.24
4,position_specific,198,5.09
4,position_specific,165,5.07
4,position_specific,4,4.97
4,position_specific,1,4.92
4,position_specific,28,4.89
4,position_specific,109,4.81
4,position_specific,250,4.8
4,position_specific,249,4.76
4,position_specific,226,4.64
4,position_specific,114,4.51
4,position_specific,379,4.43
4,position_specific,384,4.39
4,position_specific,567,4.39
4,position_specific,564,4.36
4,position_specific,26,4.35
4,position_specific,597,4.32
4,position_specific,350,4.3
4,position_specific,346,4.26
4,position_specific,496,4.22
4,position_specific,82,4.21
4,position_specific,110,4.18
4,position_specific,10,4.14
4,position_specific,412,4.14
4,position_specific,467,4.1
4,position_specific,464,4.09
4,position_specific,572,4.01
4,position_specific,258,3.94
4,position_specific,68,3.92
4,position_specific,569,3.91
4,position_specific,277,3.81
4,position_specific,504,3.79
4,position_specific,305,3.79
4,position_specific,391,3.73
4,position_specific,411,3.73
4,position_specific,8,3.72
4,position_specific,529,3.71
4,position_specific,388,3.69
4,position_specific,390,3.69
4,position_specific,393,3.68
4,position_specific,204,3.67
4,position_specific,588,3.66
4,position_specific,259,3.65
4,position_specific,57,3.62
4,position_specific,79,3.62
4,position_specific,472,3.56
4,position_specific,330,3.5
4,position_specific,385,3.49
4,position_specific,306,3.45
4,position_specific,362,3.43
4,position_specific,295,3.42
4,position_specific,282,3.4
4,position_specific,106,3.37
4,position_specific,60,3.37
4,position_specific,643,3.36
4,position_specific,473,3.36
4,position_specific,423,3.36
4,position_specific,358,3.34
4,position_specific,224,3.33
4,position_specific,37,3.24
4,position_specific,116,3.23
4,position_specific,173,3.23
4,position_specific,449,3.23
4,position_specific,12,3.21
4,position_specific,264,3.2
4,position_specific,586,3.2
4,position_specific,397,3.18
4,position_specific,202,3.18
4,position_specific,257,3.18
4,position_specific,552,3.18
4,position_specific,254,3.18
4,position_specific,233,3.16
4,position_specific,236,3.1
4,position_specific,229,3.1
4,position_specific,474,3.1
4,position_specific,36,3.1
4,position_specific,316,3.08
4,position_specific,203,3.08
4,position_specific,279,3.07
4,position_specific,175,3.07
4,position_specific,15,3.06
4,position_specific,64,3.06
4,position_specific,304,3.03
4,position_specific,200,3.03
4,position_specific,426,3.02
4,position_specific,445,2.99
4,position_specific,242,2.99
4,position_specific,332,2.97
4,position_specific,127,2.97
4,position_specific,492,2.97
4,position_specific,176,2.93
4,position_specific,138,2.92
4,position_specific,356,2.92
4,position_specific,61,2.92
4,position_specific,566,2.91
4,position_specific,142,2.89
4,position_specific,145,2.89
4,position_specific,237,2.89
4,position_specific,553,2.87
4,position_specific,347,2.86
4,position_specific,112,2.85
4,position_specific,469,2.85
4,position_specific,269,2.83
4,position_specific,418,2.83
4,position_specific,334,2.82
4,position_specific,544,2.82
4,position_specific,40,2.8
4,position_specific,167,2.8
4,position_specific,439,2.76
4,position_specific,67,2.72
4,position_specific,253,2.71
4,position_specific,366,2.7
4,position_specific,399,2.68
4,position_specific,166,2.67
4,position_specific,230,2.66
4,position_specific,182,2.65
4,position_specific,536,2.65
4,position_specific,398,2.65
4,position_specific,367,2.64
4,position_specific,268,2.64
4,position_specific,401,2.64
4,position_specific,427,2.62
4,position_specific,593,2.62
4,position_specific,534,2.6
4,position_specific,591,2.57
4,position_specific,148,2.57
4,position_specific,545,2.54
4,position_specific,86,2.53
4,position_specific,153,2.53
4,position_specific,419,2.53
4,position_specific,501,2.52
4,position_specific,261,2.52
4,position_specific,579,2.52
4,position_specific,124,2.51
4,position_specific,31,2.5
4,position_specific,87,2.5
4,position_specific,471,2.49
4,position_specific,481,2.46
4,position_specific,88,2.46
4,position_specific,454,2.46
4,position_specific,156,2.45
4,position_specific,557,2.44
4,position_specific,598,2.43
4,position_specific,649,2.43
4,position_specific,499,2.42
4,position_specific,533,2.41
4,position_specific,151,2.39
4,position_specific,429,2.37
4,position_specific,32,2.37
4,position_specific,144,2.36
4,position_specific,447,2.33
4,position_specific,503,2.31
4,position_specific,486,2.31
4,position_specific,113,2.3
4,position_specific,570,2.29
4,position_specific,244,2.28
4,position_specific,417,2.28
4,position_specific,315,2.27
4,position_specific,491,2.26
4,position_specific,532,2.25
4,position_specific,70,2.24
4,position_specific,84,2.23
4,position_specific,541,2.22
4,position_specific,96,2.19
4,position_specific,368,2.19
4,position_specific,211,2.19
4,position_specific,290,2.18
4,position_specific,154,2.17
4,position_specific,94,2.16
4,position_specific,605,2.16
4,position_specific,11,2.16
4,position_specific,13,2.16
4,position_specific,247,2.1
4,position_specific,271,2.09
4,position_specific,255,2.08
4,position_specific,119,2.08
4,position_specific,161,2.08
4,position_specific,453,2.07
4,position_specific,43,2.04
4,position_specific,387,2.04
4,position_specific,428,2.04
4,position_specific,183,2.03
4,position_specific,195,2.03
4,position_specific,514,2.0
4,position_specific,125,2.0
4,position_specific,46,2.0
4,position_specific,201,2.0
4,position_specific,585,1.98
4,position_specific,69,1.98
4,position_specific,51,1.97
4,position_specific,286,1.97
4,position_specific,480,1.97
4,position_specific,98,1.97
4,position_specific,214,1.96
4,position_specific,465,1.95
4,position_specific,357,1.95
4,position_specific,280,1.94
4,position_specific,41,1.94
4,position_specific,345,1.92
4,position_specific,210,1.9
4,position_specific,562,1.9
4,position_specific,460,1.89
4,position_specific,335,1.89
4,position_specific,184,1.89
4,position_specific,542,1.84
4,position_specific,377,1.8
4,position_specific,7,1.79
4,position_specific,246,1.79
4,position_specific,558,1.78
4,position_specific,129,1.75
4,position_specific,456,1.75
4,position_specific,498,1.73
4,position_specific,516,1.71
4,position_specific,372,1.71
4,position_specific,331,1.7
4,position_specific,551,1.7
4,position_specific,619,1.7
4,position_specific,592,1.68
4,position_specific,506,1.68
4,position_specific,329,1.64
4,position_specific,95,1.64
4,position_specific,502,1.62
4,position_specific,267,1.62
4,position_specific,222,1.6
4,position_specific,483,1.59
4,position_specific,149,1.59
4,position_specific,93,1.58
4,position_specific,459,1.55
4,position_specific,155,1.55
4,position_specific,223,1.54
4,position_specific,265,1.53
4,position_specific,239,1.5
4,position_specific,327,1.49
4,position_specific,395,1.49
4,position_specific,33,1.47
4,position_specific,320,1.47
4,position_specific,640,1.47
4,position_specific,580,1.47
4,position_specific,47,1.47
4,position_specific,371,1.46
4,position_specific,194,1.46
4,position_specific,9,1.46
4,position_specific,45,1.44
4,position_specific,313,1.44
4,position_specific,338,1.43
4,position_specific,576,1.41
4,position_specific,589,1.4
4,position_specific,432,1.4
4,position_specific,455,1.39
4,position_specific,209,1.37
4,position_specific,405,1.35
4,position_specific,644,1.33
4,position_specific,190,1.33
4,position_specific,140,1.33
4,position_specific,526,1.32
4,position_specific,594,1.3
4,position_specific,105,1.3
4,position_specific,565,1.29
4,position_specific,490,1.28
4,position_specific,415,1.27
4,position_specific,635,1.27
4,position_specific,336,1.25
4,position_specific,260,1.24
4,position_specific,91,1.24
4,position_specific,634,1.23
4,position_specific,287,1.2
4,position_specific,123,1.19
4,position_specific,108,1.19
4,position_specific,248,1.18
4,position_specific,463,1.17
4,position_specific,577,1.16
4,position_specific,596,1.16
4,position_specific,90,1.13
4,position_specific,207,1.13
4,position_specific,309,1.11
4,position_specific,575,1.11
4,position_specific,73,1.09
4,position_specific,527,1.08
4,position_specific,56,1.08
4,position_specific,337,1.07
4,position_specific,583,1.05
4,position_specific,97,1.05
4,position_specific,420,1.03
4,position_specific,29,1.03
4,position_specific,611,1.03
4,position_specific,642,1.02
4,position_specific,627,1.02
4,position_specific,71,1.01
4,position_specific,389,1.01
4,position_specific,638,1.0
4,position_specific,543,0.98
4,position_specific,523,0.95
4,position_specific,102,0.95
4,position_specific,525,0.94
4,position_specific,519,0.92
4,position_specific,19,0.92
4,position_specific,403,0.91
4,position_specific,206,0.91
4,position_specific,281,0.91
4,position_specific,16,0.89
4,position_specific,328,0.88
4,position_specific,162,0.87
4,position_specific,512,0.87
4,position_specific,308,0.87
4,position_specific,104,0.87
4,position_specific,539,0.86
4,position_specific,285,0.82
4,position_specific,478,0.82
4,position_specific,396,0.81
4,position_specific,587,0.8
4,position_specific,494,0.8
4,position_specific,495,0.8
4,position_specific,386,0.8
4,position_specific,252,0.8
4,position_specific,251,0.8
4,position_specific,497,0.8
4,position_specific,522,0.79
4,position_specific,238,0.79
4,position_specific,622,0.77
4,position_specific,422,0.76
4,position_specific,136,0.76
4,position_specific,34,0.76
4,position_specific,130,0.75
4,position_specific,442,0.74
4,position_specific,535,0.74
4,position_specific,443,0.74
4,position_specific,616,0.74
4,position_specific,444,0.74
4,position_specific,111,0.72
4,position_specific,186,0.72
4,position_specific,617,0.72
4,position_specific,488,0.72
4,position_specific,560,0.71
4,position_specific,141,0.71
4,position_specific,581,0.71
4,position_specific,364,0.71
4,position_specific,323,0.7
4,position_specific,369,0.7
4,position_specific,160,0.7
4,position_specific,262,0.7
4,position_specific,414,0.69
4,position_specific,325,0.69
4,position_specific,273,0.69
4,position_specific,42,0.69
4,position_specific,413,0.69
4,position_specific,3,0.69
4,position_specific,274,0.69
4,position_specific,275,0.69
4,position_specific,462,0.69
4,position_specific,2,0.69
4,position_specific,276,0.69
4,position_specific,321,0.68
4,position_specific,171,0.68
4,position_specific,241,0.68
4,position_specific,172,0.68
4,position_specific,556,0.68
4,position_specific,421,0.68
4,position_specific,608,0.68
4,position_specific,289,0.68
4,position_specific,623,0.68
4,position_specific,450,0.68
4,position_specific,468,0.66
4,position_specific,590,0.66
4,position_specific,25,0.66
4,position_specific,554,0.66
4,position_specific,300,0.66
4,position_specific,302,0.66
4,position_specific,301,0.66
4,position_specific,17,0.65
4,position_specific,89,0.65
4,position_specific,227,0.65
4,position_specific,228,0.65
4,position_specific,531,0.64
4,position_specific,530,0.64
4,position_specific,83,0.63
4,position_specific,199,0.63
4,position_specific,74,0.63
4,position_specific,555,0.63
4,position_specific,58,0.62
4,position_specific,169,0.62
4,position_specific,59,0.62
4,position_specific,168,0.62
4,position_specific,170,0.62
4,position_specific,584,0.62
4,position_specific,446,0.62
4,position_specific,317,0.62
4,position_specific,563,0.62
4,position_specific,615,0.62
4,position_specific,646,0.62
4,position_specific,52,0.62
4,position_specific,322,0.62
4,position_specific,493,0.62
4,position_specific,382,0.61
4,position_specific,380,0.61
4,position_specific,185,0.6
4,position_specific,354,0.6
4,position_specific,351,0.6
4,position_specific,352,0.6
4,position_specific,353,0.6
4,position_specific,355,0.6
4,position_specific,137,0.59
4,position_specific,139,0.59
4,position_specific,14,0.59
4,position_specific,582,0.57
4,position_specific,55,0.57
4,position_specific,457,0.57
4,position_specific,651,0.57
4,position_specific,157,0.57
4,position_specific,81,0.56
4,position_specific,225,0.56
4,position_specific,212,0.55
4,position_specific,549,0.55
4,position_specific,326,0.55
4,position_specific,600,0.55
4,position_specific,515,0.55
4,position_specific,625,0.55
4,position_specific,629,0.55
4,position_specific,528,0.54
4,position_specific,406,0.54
4,position_specific,375,0.53
4,position_specific,107,0.53
4,position_specific,595,0.53
4,position_specific,578,0.52
4,position_specific,27,0.52
4,position_specific,548,0.51
4,position_specific,637,0.51
4,position_specific,632,0.51
4,position_specific,348,0.51
4,position_specific,80,0.51
4,position_specific,349,0.51
4,position_specific,298,0.51
4,position_specific,299,0.51
4,position_specific,263,0.51
4,position_specific,5,0.5
4,position_specific,6,0.5
4,position_specific,54,0.5
4,position_specific,188,0.5
4,position_specific,452,0.49
4,position_specific,647,0.49
4,position_specific,196,0.48
4,position_specific,520,0.48
4,position_specific,381,0.48
4,position_specific,599,0.48
4,position_specific,197,0.48
4,position_specific,193,0.48
4,position_specific,466,0.47
4,position_specific,440,0.46
4,position_specific,441,0.46
4,position_specific,76,0.46
4,position_specific,75,0.46
4,position_specific,343,0.46
4,position_specific,231,0.45
4,position_specific,234,0.45
4,position_specific,235,0.45
4,position_specific,72,0.45
4,position_specific,232,0.45
4,position_specific,35,0.45
4,position_specific,243,0.44
4,position_specific,303,0.43
4,position_specific,307,0.43
4,position_specific,559,0.43
4,position_specific,272,0.43
4,position_specific,118,0.42
4,position_specific,394,0.42
4,position_specific,117,0.42
4,position_specific,392,0.42
4,position_specific,614,0.42
4,position_specific,120,0.42
4,position_specific,547,0.42
4,position_specific,159,0.41
4,position_specific,621,0.41
4,position_specific,135,0.4
4,position_specific,435,0.4
4,position_specific,650,0.4
4,position_specific,633,0.4
4,position_specific,610,0.4
4,position_specific,256,0.4
4,position_specific,205,0.4
4,position_specific,220,0.4
4,position_specific,361,0.36
4,position_specific,359,0.36
4,position_specific,363,0.36
4,position_specific,461,0.36
4,position_specific,360,0.36
4,position_specific,365,0.36
4,position_specific,574,0.36
4,position_specific,164,0.36
4,position_specific,482,0.36
4,position_specific,240,0.36
4,position_specific,180,0.35
4,position_specific,181,0.35
4,position_specific,179,0.35
4,position_specific,568,0.35
4,position_specific,416,0.35
4,position_specific,174,0.35
4,position_specific,339,0.35
4,position_specific,178,0.35
4,position_specific,425,0.35
4,position_specific,177,0.35
4,position_specific,424,0.35
4,position_specific,451,0.34
4,position_specific,470,0.34
4,position_specific,475,0.34
4,position_specific,448,0.34
4,position_specific,476,0.34
4,position_specific,477,0.34
4,position_specific,479,0.34
4,position_specific,487,0.34
4,position_specific,609,0.34
4,position_specific,284,0.33
4,position_specific,283,0.33
4,position_specific,278,0.33
4,position_specific,63,0.32
4,position_specific,612,0.32
4,position_specific,540,0.32
4,position_specific,573,0.32
4,position_specific,333,0.32
4,position_specific,538,0.32
4,position_specific,537,0.32
4,position_specific,603,0.32
4,position_specific,66,0.32
4,position_specific,62,0.32
4,position_specific,641,0.32
4,position_specific,65,0.32
4,position_specific,92,0.31
4,position_specific,620,0.31
4,position_specific,85,0.31
4,position_specific,146,0.29
4,position_specific,505,0.29
4,position_specific,143,0.29
4,position_specific,606,0.29
4,position_specific,147,0.29
4,position_specific,39,0.29
4,position_specific,38,0.29
4,position_specific,561,0.29
4,position_specific,500,0.29
4,position_specific,508,0.29
4,position_specific,30,0.29
4,position_specific,510,0.29
4,position_specific,507,0.29
4,position_specific,152,0.29
4,position_specific,511,0.29
4,position_specific,150,0.29
4,position_specific,509,0.29
4,position_specific,630,0.29
4,position_specific,21,0.27
4,position_specific,654,0.27
4,position_specific,245,0.27
4,position_specific,189,0.26
4,position_specific,24,0.26
4,position_specific,23,0.26
4,position_specific,22,0.26
4,position_specific,20,0.26
4,position_specific,288,0.26
4,position_specific,18,0.26
4,position_specific,293,0.26
4,position_specific,340,0.26
4,position_specific,192,0.26
4,position_specific,458,0.26
4,position_specific,292,0.26
4,position_specific,645,0.26
4,position_specific,187,0.26
4,position_specific,296,0.26
4,position_specific,291,0.26
4,position_specific,294,0.26
4,position_specific,297,0.26
4,position_specific,191,0.26
4,position_specific,78,0.25
4,position_specific,216,0.25
4,position_specific,489,0.25
4,position_specific,218,0.25
4,position_specific,219,0.25
4,position_specific,208,0.25
4,position_specific,485,0.25
4,position_specific,484,0.25
4,position_specific,221,0.25
4,position_specific,215,0.25
4,position_specific,213,0.25
4,position_specific,77,0.25
4,position_specific,217,0.25
4,position_specific,517,0.24
4,position_specific,158,0.24
4,position_specific,513,0.24
4,position_specific,518,0.24
4,position_specific,546,0.24
4,position_specific,521,0.24
4,position_specific,524,0.24
4,position_specific,324,0.24
4,position_specific,163,0.24
4,position_specific,613,0.24
4,position_specific,601,0.24
4,position_specific,101,0.24
4,position_specific,571,0.24
4,position_specific,438,0.24
4,position_specific,437,0.24
4,position_specific,436,0.24
4,position_specific,434,0.24
4,position_specific,433,0.24
4,position_specific,431,0.24
4,position_specific,430,0.24
4,position_specific,602,0.24
4,position_specific,631,0.24
4,position_specific,99,0.24
4,position_specific,409,0.24
4,position_specific,653,0.24
4,position_specific,400,0.24
4,position_specific,402,0.24
4,position_specific,404,0.24
4,position_specific,407,0.24
4,position_specific,408,0.24
4,position_specific,410,0.24
4,position_specific,550,0.24
4,position_specific,628,0.24
4,position_specific,311,0.24
4,position_specific,607,0.24
4,position_specific,103,0.24
4,position_specific,314,0.24
4,position_specific,312,0.24
4,position_specific,310,0.24
4,position_specific,636,0.24
4,position_specific,53,0.24
4,position_specific,626,0.24
4,position_specific,618,0.24
4,position_specific,131,0.24
4,position_specific,100,0.24
4,position_specific,266,0.24
4,position_specific,44,0.24
4,position_specific,48,0.24
4,position_specific,270,0.24
4,position_specific,49,0.24
4,position_specific,50,0.24
4,position_specific,319,0.24
4,position_specific,318,0.24
4,position_specific,383,0.23
4,position_specific,342,0.23
4,position_specific,378,0.23
4,position_specific,128,0.23
4,position_specific,341,0.23
4,position_specific,134,0.23
4,position_specific,604,0.23
4,position_specific,126,0.23
4,position_specific,648,0.23
4,position_specific,652,0.23
4,position_specific,122,0.23
4,position_specific,121,0.23
4,position_specific,639,0.23
4,position_specific,624,0.23
4,position_specific,133,0.23
4,position_specific,376,0.23
4,position_specific,344,0.23
4,position_specific,374,0.23
4,position_specific,373,0.23
4,position_specific,370,0.23
4,position_specific,132,0.23
4,config_d,426,3.8
4,config_d,399,3.58
4,config_d,411,3.3
4,config_d,567,3.22
4,config_d,106,3.17
4,config_d,12,3.16
4,config_d,572,3.14
4,config_d,154,3.13
4,config_d,15,3.1
4,config_d,165,3.09
4,config_d,264,3.04
4,config_d,26,3.03
4,config_d,198,2.99
4,config_d,1,2.99
4,config_d,226,2.98
4,config_d,384,2.97
4,config_d,109,2.92
4,config_d,68,2.91
4,config_d,204,2.89
4,config_d,28,2.88
4,config_d,40,2.87
4,config_d,127,2.86
4,config_d,250,2.85
4,config_d,385,2.85
4,config_d,124,2.83
4,config_d,427,2.8
4,config_d,115,2.79
4,config_d,249,2.79
4,config_d,569,2.78
4,config_d,564,2.75
4,config_d,397,2.72
4,config_d,4,2.7
4,config_d,533,2.7
4,config_d,544,2.69
4,config_d,230,2.69
4,config_d,82,2.68
4,config_d,379,2.68
4,config_d,649,2.66
4,config_d,597,2.65
4,config_d,258,2.63
4,config_d,305,2.63
4,config_d,86,2.63
4,config_d,350,2.62
4,config_d,529,2.62
4,config_d,557,2.61
4,config_d,532,2.61
4,config_d,346,2.6
4,config_d,412,2.59
4,config_d,277,2.59
4,config_d,504,2.59
4,config_d,261,2.58
4,config_d,449,2.58
4,config_d,591,2.57
4,config_d,57,2.56
4,config_d,116,2.54
4,config_d,237,2.54
4,config_d,447,2.53
4,config_d,398,2.52
4,config_d,643,2.51
4,config_d,166,2.51
4,config_d,279,2.51
4,config_d,13,2.5
4,config_d,60,2.5
4,config_d,586,2.49
4,config_d,268,2.49
4,config_d,536,2.48
4,config_d,295,2.47
4,config_d,605,2.46
4,config_d,8,2.46
4,config_d,467,2.46
4,config_d,390,2.46
4,config_d,110,2.45
4,config_d,545,2.45
4,config_d,233,2.45
4,config_d,202,2.45
4,config_d,334,2.45
4,config_d,156,2.45
4,config_d,464,2.45
4,config_d,214,2.43
4,config_d,338,2.43
4,config_d,393,2.42
4,config_d,242,2.42
4,config_d,454,2.41
4,config_d,236,2.41
4,config_d,368,2.39
4,config_d,553,2.35
4,config_d,290,2.35
4,config_d,96,2.34
4,config_d,98,2.33
4,config_d,114,2.32
4,config_d,542,2.31
4,config_d,474,2.31
4,config_d,423,2.31
4,config_d,391,2.31
4,config_d,210,2.31
4,config_d,481,2.3
4,config_d,282,2.3
4,config_d,229,2.29
4,config_d,366,2.28
4,config_d,598,2.28
4,config_d,200,2.27
4,config_d,244,2.27
4,config_d,211,2.27
4,config_d,480,2.25
4,config_d,471,2.25
4,config_d,304,2.23
4,config_d,280,2.23
4,config_d,429,2.23
4,config_d,94,2.23
4,config_d,367,2.21
4,config_d,10,2.21
4,config_d,67,2.19
4,config_d,552,2.19
4,config_d,445,2.18
4,config_d,79,2.18
4,config_d,570,2.18
4,config_d,259,2.17
4,config_d,401,2.17
4,config_d,472,2.17
4,config_d,486,2.17
4,config_d,388,2.16
4,config_d,496,2.16
4,config_d,453,2.15
4,config_d,332,2.15
4,config_d,87,2.14
4,config_d,455,2.14
4,config_d,69,2.13
4,config_d,182,2.13
4,config_d,469,2.1
4,config_d,503,2.1
4,config_d,551,2.1
4,config_d,183,2.09
4,config_d,315,2.09
4,config_d,145,2.08
4,config_d,148,2.08
4,config_d,428,2.08
4,config_d,70,2.08
4,config_d,335,2.08
4,config_d,203,2.07
4,config_d,593,2.07
4,config_d,112,2.07
4,config_d,514,2.07
4,config_d,257,2.06
4,config_d,432,2.06
4,config_d,566,2.06
4,config_d,418,2.05
4,config_d,47,2.04
4,config_d,316,2.03
4,config_d,362,2.03
4,config_d,36,2.03
4,config_d,286,2.02
4,config_d,541,2.02
4,config_d,483,2.02
4,config_d,61,2.02
4,config_d,565,2.02
4,config_d,173,2.02
4,config_d,417,2.01
4,config_d,41,1.99
4,config_d,330,1.99
4,config_d,175,1.99
4,config_d,7,1.97
4,config_d,579,1.97
4,config_d,460,1.96
4,config_d,356,1.94
4,config_d,45,1.92
4,config_d,155,1.92
4,config_d,267,1.9
4,config_d,246,1.9
4,config_d,492,1.89
4,config_d,377,1.89
4,config_d,247,1.88
4,config_d,176,1.88
4,config_d,184,1.88
4,config_d,499,1.88
4,config_d,138,1.88
4,config_d,534,1.87
4,config_d,254,1.86
4,config_d,153,1.85
4,config_d,306,1.84
4,config_d,129,1.82
4,config_d,224,1.81
4,config_d,46,1.81
4,config_d,588,1.79
4,config_d,419,1.78
4,config_d,161,1.78
4,config_d,31,1.78
4,config_d,358,1.76
4,config_d,37,1.76
4,config_d,64,1.76
4,config_d,51,1.75
4,config_d,313,1.75
4,config_d,473,1.75
4,config_d,43,1.74
4,config_d,619,1.73
4,config_d,253,1.72
4,config_d,562,1.71
4,config_d,113,1.71
4,config_d,327,1.69
4,config_d,142,1.67
4,config_d,88,1.65
4,config_d,501,1.64
4,config_d,589,1.64
4,config_d,580,1.63
4,config_d,459,1.62
4,config_d,123,1.61
4,config_d,33,1.58
4,config_d,91,1.58
4,config_d,269,1.57
4,config_d,345,1.57
4,config_d,372,1.56
4,config_d,644,1.55
4,config_d,32,1.55
4,config_d,456,1.53
4,config_d,491,1.53
4,config_d,347,1.52
4,config_d,195,1.52
4,config_d,73,1.49
4,config_d,627,1.49
4,config_d,239,1.49
4,config_d,405,1.49
4,config_d,519,1.48
4,config_d,403,1.47
4,config_d,558,1.46
4,config_d,502,1.45
4,config_d,506,1.45
4,config_d,576,1.44
4,config_d,95,1.44
4,config_d,265,1.44
4,config_d,415,1.44
4,config_d,516,1.42
4,config_d,336,1.42
4,config_d,105,1.4
4,config_d,151,1.38
4,config_d,190,1.38
4,config_d,439,1.37
4,config_d,11,1.35
4,config_d,93,1.33
4,config_d,167,1.31
4,config_d,642,1.3
4,config_d,371,1.29
4,config_d,260,1.25
4,config_d,575,1.24
4,config_d,71,1.24
4,config_d,512,1.23
4,config_d,337,1.21
4,config_d,387,1.21
4,config_d,525,1.18
4,config_d,209,1.17
4,config_d,186,1.16
4,config_d,238,1.15
4,config_d,640,1.15
4,config_d,104,1.15
4,config_d,84,1.13
4,config_d,331,1.1
4,config_d,119,1.08
4,config_d,222,1.07
4,config_d,162,1.06
4,config_d,594,1.06
4,config_d,635,1.05
4,config_d,309,1.04
4,config_d,585,1.04
4,config_d,616,1.04
4,config_d,19,1.04
4,config_d,201,1.03
4,config_d,395,1.02
4,config_d,255,1.0
4,config_d,320,1.0
4,config_d,592,0.99
4,config_d,90,0.97
4,config_d,194,0.96
4,config_d,144,0.95
4,config_d,498,0.95
4,config_d,634,0.95
4,config_d,16,0.94
4,config_d,34,0.93
4,config_d,422,0.92
4,config_d,271,0.91
4,config_d,522,0.91
4,config_d,357,0.91
4,config_d,583,0.87
4,config_d,9,0.87
4,config_d,102,0.85
4,config_d,490,0.82
4,config_d,125,0.82
4,config_d,638,0.81
4,config_d,262,0.8
4,config_d,289,0.79
4,config_d,149,0.77
4,config_d,596,0.77
4,config_d,29,0.76
4,config_d,578,0.75
4,config_d,188,0.74
4,config_d,241,0.74
4,config_d,323,0.74
4,config_d,369,0.73
4,config_d,646,0.73
4,config_d,462,0.73
4,config_d,17,0.73
4,config_d,160,0.72
4,config_d,457,0.72
4,config_d,488,0.72
4,config_d,14,0.7
4,config_d,212,0.69
4,config_d,577,0.69
4,config_d,52,0.66
4,config_d,611,0.66
4,config_d,617,0.63
4,config_d,600,0.62
4,config_d,130,0.6
4,config_d,25,0.6
4,config_d,539,0.59
4,config_d,157,0.59
4,config_d,420,0.59
4,config_d,406,0.59
4,config_d,621,0.58
4,config_d,74,0.58
4,config_d,421,0.57
4,config_d,526,0.57
4,config_d,523,0.57
4,config_d,56,0.54
4,config_d,263,0.52
4,config_d,452,0.51
4,config_d,450,0.51
4,config_d,108,0.5
4,config_d,520,0.5
4,config_d,42,0.5
4,config_d,375,0.49
4,config_d,97,0.49
4,config_d,72,0.48
4,config_d,243,0.48
4,config_d,381,0.46
4,config_d,329,0.46
4,config_d,608,0.46
4,config_d,389,0.46
4,config_d,584,0.45
4,config_d,285,0.45
4,config_d,207,0.45
4,config_d,647,0.44
4,config_d,159,0.43
4,config_d,308,0.43
4,config_d,548,0.42
4,config_d,185,0.42
4,config_d,559,0.42
4,config_d,135,0.41
4,config_d,478,0.41
4,config_d,75,0.41
4,config_d,622,0.4
4,config_d,287,0.4
4,config_d,595,0.38
4,config_d,321,0.38
4,config_d,81,0.38
4,config_d,549,0.38
4,config_d,343,0.37
4,config_d,535,0.37
4,config_d,364,0.37
4,config_d,328,0.37
4,config_d,568,0.37
4,config_d,136,0.37
4,config_d,89,0.37
4,config_d,76,0.36
4,config_d,574,0.36
4,config_d,556,0.36
4,config_d,446,0.35
4,config_d,463,0.35
4,config_d,396,0.35
4,config_d,581,0.35
4,config_d,35,0.34
4,config_d,294,0.34
4,config_d,461,0.34
4,config_d,339,0.34
4,config_d,435,0.34
4,config_d,54,0.33
4,config_d,543,0.33
4,config_d,140,0.33
4,config_d,515,0.33
4,config_d,465,0.32
4,config_d,164,0.32
4,config_d,240,0.31
4,config_d,493,0.31
4,config_d,487,0.31
4,config_d,639,0.3
4,config_d,228,0.29
4,config_d,482,0.28
4,config_d,631,0.27
4,config_d,527,0.27
4,config_d,38,0.23
4,config_d,223,0.22
4,config_d,628,0.21
4,config_d,654,0.2
4,config_d,430,0.2
4,config_d,636,0.2
4,config_d,626,0.2
4,config_d,281,0.2
4,config_d,120,0.19
4,config_d,613,0.19
4,config_d,615,0.19
4,config_d,2,0.19
4,config_d,3,0.19
4,config_d,126,0.19
4,config_d,20,0.19
4,config_d,614,0.19
4,config_d,117,0.19
4,config_d,648,0.19
4,config_d,620,0.19
4,config_d,653,0.19
4,config_d,645,0.19
4,config_d,134,0.18
4,config_d,101,0.18
4,config_d,625,0.18
4,config_d,232,0.18
4,config_d,100,0.18
4,config_d,623,0.18
4,config_d,303,0.18
4,config_d,231,0.18
4,config_d,92,0.18
4,config_d,629,0.18
4,config_d,630,0.17
4,config_d,62,0.17
4,config_d,392,0.17
4,config_d,612,0.17
4,config_d,284,0.17
4,config_d,650,0.17
4,config_d,288,0.17
4,config_d,245,0.17
4,config_d,324,0.17
4,config_d,571,0.17
4,config_d,609,0.17
4,config_d,256,0.17
4,config_d,111,0.17
4,config_d,107,0.17
4,config_d,340,0.17
4,config_d,587,0.16
4,config_d,386,0.16
4,config_d,66,0.16
4,config_d,179,0.16
4,config_d,178,0.16
4,config_d,606,0.16
4,config_d,444,0.16
4,config_d,573,0.16
4,config_d,83,0.16
4,config_d,476,0.16
4,config_d,221,0.16
4,config_d,651,0.16
4,config_d,633,0.16
4,config_d,292,0.16
4,config_d,272,0.16
4,config_d,270,0.16
4,config_d,637,0.16
4,config_d,641,0.16
4,config_d,302,0.16
4,config_d,227,0.16
4,config_d,296,0.16
4,config_d,603,0.16
4,config_d,300,0.16
4,config_d,301,0.16
4,config_d,601,0.15
4,config_d,50,0.15
4,config_d,604,0.15
4,config_d,599,0.15
4,config_d,561,0.15
4,config_d,187,0.15
4,config_d,251,0.15
4,config_d,489,0.15
4,config_d,273,0.15
4,config_d,189,0.15
4,config_d,361,0.15
4,config_d,218,0.15
4,config_d,424,0.15
4,config_d,442,0.15
4,config_d,158,0.15
4,config_d,213,0.15
4,config_d,550,0.15
4,config_d,374,0.15
4,config_d,217,0.15
4,config_d,443,0.15
4,config_d,5,0.15
4,config_d,468,0.14
4,config_d,437,0.14
4,config_d,438,0.14
4,config_d,440,0.14
4,config_d,355,0.14
4,config_d,172,0.14
4,config_d,441,0.14
4,config_d,325,0.14
4,config_d,351,0.14
4,config_d,169,0.14
4,config_d,560,0.14
4,config_d,147,0.14
4,config_d,610,0.14
4,config_d,58,0.14
4,config_d,378,0.14
4,config_d,382,0.14
4,config_d,555,0.14
4,config_d,199,0.14
4,config_d,531,0.14
4,config_d,510,0.14
4,config_d,509,0.14
4,config_d,508,0.14
4,config_d,352,0.14
4,config_d,434,0.14
4,config_d,590,0.14
4,config_d,248,0.13
4,config_d,524,0.13
4,config_d,206,0.12
4,config_d,497,0.12
4,config_d,495,0.12
4,config_d,6,0.11
4,config_d,152,0.11
4,config_d,652,0.1
4,config_d,122,0.08
4,config_d,632,0.07
4,config_d,170,0.07
4,config_d,380,0.06
4,config_d,208,0.06
4,config_d,416,0.06
4,config_d,121,0.05
4,config_d,139,0.05
4,config_d,370,0.05
4,config_d,563,0.05
4,config_d,63,0.04
4,config_d,318,0.04
4,config_d,547,0.04
4,config_d,310,0.04
4,config_d,85,0.04
4,config_d,458,0.04
4,config_d,274,0.03
4,config_d,21,0.03
4,config_d,103,0.03
4,config_d,65,0.03
4,config_d,448,0.03
4,config_d,278,0.03
4,config_d,77,0.03
4,config_d,317,0.02
4,config_d,297,0.02
4,config_d,150,0.02
4,config_d,582,0.02
4,config_d,193,0.02
4,config_d,400,0.02
4,config_d,359,0.02
4,config_d,131,0.01
4,config_d,192,0.01
4,config_d,78,0.01
4,config_d,177,0.01
4,config_d,431,0.01
4,config_d,624,0.01
4,config_d,312,0.0
4,config_d,363,0.0
4,config_d,607,0.0
4,config_d,518,0.0
4,config_d,298,0.0
4,config_d,517,0.0
4,config_d,383,0.0
4,config_d,618,0.0
4,config_d,18,0.0
4,config_d,311,0.0
4,config_d,513,0.0
4,config_d,219,0.0
4,config_d,216,0.0
4,config_d,511,0.0
4,config_d,376,0.0
4,config_d,191,0.0
4,config_d,299,0.0
4,config_d,220,0.0
4,config_d,507,0.0
4,config_d,402,0.0
4,config_d,505,0.0
4,config_d,59,0.0
4,config_d,373,0.0
4,config_d,521,0.0
4,config_d,540,0.0
4,config_d,30,0.0
4,config_d,530,0.0
4,config_d,538,0.0
4,config_d,537,0.0
4,config_d,205,0.0
4,config_d,27,0.0
4,config_d,197,0.0
4,config_d,39,0.0
4,config_d,24,0.0
4,config_d,44,0.0
4,config_d,365,0.0
4,config_d,215,0.0
4,config_d,48,0.0
4,config_d,55,0.0
4,config_d,291,0.0
4,config_d,49,0.0
4,config_d,196,0.0
4,config_d,394,0.0
4,config_d,23,0.0
4,config_d,528,0.0
4,config_d,307,0.0
4,config_d,53,0.0
4,config_d,293,0.0
4,config_d,22,0.0
4,config_d,546,0.0
4,config_d,433,0.0
4,config_d,500,0.0
4,config_d,348,0.0
4,config_d,252,0.0
4,config_d,174,0.0
4,config_d,128,0.0
4,config_d,225,0.0
4,config_d,341,0.0
4,config_d,132,0.0
4,config_d,342,0.0
4,config_d,133,0.0
4,config_d,344,0.0
4,config_d,171,0.0
4,config_d,137,0.0
4,config_d,413,0.0
4,config_d,349,0.0
4,config_d,404,0.0
4,config_d,451,0.0
4,config_d,235,0.0
4,config_d,414,0.0
4,config_d,234,0.0
4,config_d,168,0.0
4,config_d,354,0.0
4,config_d,163,0.0
4,config_d,425,0.0
4,config_d,146,0.0
4,config_d,353,0.0
4,config_d,141,0.0
4,config_d,143,0.0
4,config_d,266,0.0
4,config_d,118,0.0
4,config_d,360,0.0
4,config_d,333,0.0
4,config_d,314,0.0
4,config_d,407,0.0
4,config_d,494,0.0
4,config_d,436,0.0
4,config_d,408,0.0
4,config_d,80,0.0
4,config_d,409,0.0
4,config_d,319,0.0
4,config_d,322,0.0
4,config_d,283,0.0
4,config_d,554,0.0
4,config_d,410,0.0
4,config_d,276,0.0
4,config_d,485,0.0
4,config_d,484,0.0
4,config_d,275,0.0
4,config_d,602,0.0
4,config_d,479,0.0
4,config_d,99,0.0
4,config_d,477,0.0
4,config_d,181,0.0
4,config_d,475,0.0
4,config_d,326,0.0
4,config_d,180,0.0
4,config_d,470,0.0
4,config_d,466,0.0
4,baseline_tweedie,9,1.09
4,baseline_tweedie,160,0.95
4,baseline_tweedie,52,0.88
4,baseline_tweedie,233,0.85
4,baseline_tweedie,34,0.84
4,baseline_tweedie,578,0.82
4,baseline_tweedie,611,0.81
4,baseline_tweedie,596,0.79
4,baseline_tweedie,226,0.76
4,baseline_tweedie,567,0.74
4,baseline_tweedie,646,0.74
4,baseline_tweedie,263,0.72
4,baseline_tweedie,462,0.71
4,baseline_tweedie,384,0.71
4,baseline_tweedie,207,0.7
4,baseline_tweedie,116,0.7
4,baseline_tweedie,304,0.7
4,baseline_tweedie,262,0.69
4,baseline_tweedie,597,0.68
4,baseline_tweedie,548,0.68
4,baseline_tweedie,321,0.67
4,baseline_tweedie,389,0.66
4,baseline_tweedie,393,0.66
4,baseline_tweedie,230,0.65
4,baseline_tweedie,549,0.65
4,baseline_tweedie,457,0.64
4,baseline_tweedie,452,0.63
4,baseline_tweedie,381,0.63
4,baseline_tweedie,212,0.62
4,baseline_tweedie,447,0.61
4,baseline_tweedie,35,0.61
4,baseline_tweedie,306,0.61
4,baseline_tweedie,93,0.6
4,baseline_tweedie,14,0.6
4,baseline_tweedie,56,0.6
4,baseline_tweedie,159,0.6
4,baseline_tweedie,1,0.6
4,baseline_tweedie,11,0.59
4,baseline_tweedie,375,0.58
4,baseline_tweedie,535,0.58
4,baseline_tweedie,478,0.58
4,baseline_tweedie,574,0.57
4,baseline_tweedie,435,0.57
4,baseline_tweedie,445,0.57
4,baseline_tweedie,36,0.56
4,baseline_tweedie,635,0.56
4,baseline_tweedie,564,0.55
4,baseline_tweedie,82,0.55
4,baseline_tweedie,238,0.54
4,baseline_tweedie,25,0.54
4,baseline_tweedie,592,0.54
4,baseline_tweedie,135,0.54
4,baseline_tweedie,259,0.54
4,baseline_tweedie,8,0.53
4,baseline_tweedie,406,0.53
4,baseline_tweedie,621,0.53
4,baseline_tweedie,240,0.53
4,baseline_tweedie,74,0.53
4,baseline_tweedie,593,0.52
4,baseline_tweedie,385,0.52
4,baseline_tweedie,109,0.52
4,baseline_tweedie,496,0.52
4,baseline_tweedie,328,0.51
4,baseline_tweedie,638,0.51
4,baseline_tweedie,420,0.51
4,baseline_tweedie,54,0.51
4,baseline_tweedie,450,0.5
4,baseline_tweedie,267,0.5
4,baseline_tweedie,87,0.5
4,baseline_tweedie,490,0.5
4,baseline_tweedie,16,0.5
4,baseline_tweedie,229,0.5
4,baseline_tweedie,94,0.5
4,baseline_tweedie,4,0.49
4,baseline_tweedie,42,0.49
4,baseline_tweedie,418,0.49
4,baseline_tweedie,419,0.49
4,baseline_tweedie,90,0.49
4,baseline_tweedie,255,0.49
4,baseline_tweedie,616,0.48
4,baseline_tweedie,323,0.48
4,baseline_tweedie,579,0.48
4,baseline_tweedie,556,0.47
4,baseline_tweedie,583,0.47
4,baseline_tweedie,247,0.47
4,baseline_tweedie,482,0.47
4,baseline_tweedie,581,0.47
4,baseline_tweedie,151,0.47
4,baseline_tweedie,388,0.47
4,baseline_tweedie,572,0.46
4,baseline_tweedie,19,0.46
4,baseline_tweedie,334,0.46
4,baseline_tweedie,595,0.46
4,baseline_tweedie,627,0.46
4,baseline_tweedie,257,0.46
4,baseline_tweedie,338,0.46
4,baseline_tweedie,182,0.46
4,baseline_tweedie,584,0.46
4,baseline_tweedie,471,0.45
4,baseline_tweedie,536,0.45
4,baseline_tweedie,194,0.45
4,baseline_tweedie,474,0.45
4,baseline_tweedie,527,0.45
4,baseline_tweedie,268,0.45
4,baseline_tweedie,136,0.45
4,baseline_tweedie,585,0.45
4,baseline_tweedie,248,0.45
4,baseline_tweedie,529,0.45
4,baseline_tweedie,37,0.45
4,baseline_tweedie,520,0.45
4,baseline_tweedie,250,0.45
4,baseline_tweedie,76,0.45
4,baseline_tweedie,371,0.45
4,baseline_tweedie,432,0.45
4,baseline_tweedie,244,0.44
4,baseline_tweedie,350,0.44
4,baseline_tweedie,339,0.44
4,baseline_tweedie,487,0.44
4,baseline_tweedie,647,0.44
4,baseline_tweedie,390,0.44
4,baseline_tweedie,422,0.44
4,baseline_tweedie,396,0.44
4,baseline_tweedie,516,0.44
4,baseline_tweedie,456,0.44
4,baseline_tweedie,277,0.43
4,baseline_tweedie,198,0.43
4,baseline_tweedie,285,0.43
4,baseline_tweedie,469,0.43
4,baseline_tweedie,488,0.42
4,baseline_tweedie,305,0.42
4,baseline_tweedie,446,0.42
4,baseline_tweedie,453,0.42
4,baseline_tweedie,281,0.42
4,baseline_tweedie,522,0.42
4,baseline_tweedie,28,0.41
4,baseline_tweedie,642,0.41
4,baseline_tweedie,467,0.41
4,baseline_tweedie,622,0.41
4,baseline_tweedie,362,0.41
4,baseline_tweedie,164,0.41
4,baseline_tweedie,31,0.41
4,baseline_tweedie,253,0.41
4,baseline_tweedie,206,0.41
4,baseline_tweedie,75,0.41
4,baseline_tweedie,412,0.4
4,baseline_tweedie,533,0.4
4,baseline_tweedie,459,0.4
4,baseline_tweedie,332,0.4
4,baseline_tweedie,337,0.4
4,baseline_tweedie,600,0.4
4,baseline_tweedie,454,0.4
4,baseline_tweedie,539,0.39
4,baseline_tweedie,29,0.39
4,baseline_tweedie,265,0.39
4,baseline_tweedie,364,0.39
4,baseline_tweedie,559,0.39
4,baseline_tweedie,188,0.39
4,baseline_tweedie,175,0.38
4,baseline_tweedie,47,0.38
4,baseline_tweedie,455,0.38
4,baseline_tweedie,377,0.38
4,baseline_tweedie,541,0.38
4,baseline_tweedie,17,0.38
4,baseline_tweedie,580,0.38
4,baseline_tweedie,89,0.38
4,baseline_tweedie,78,0.37
4,baseline_tweedie,185,0.37
4,baseline_tweedie,634,0.37
4,baseline_tweedie,308,0.37
4,baseline_tweedie,200,0.37
4,baseline_tweedie,532,0.37
4,baseline_tweedie,77,0.37
4,baseline_tweedie,449,0.37
4,baseline_tweedie,493,0.37
4,baseline_tweedie,269,0.37
4,baseline_tweedie,594,0.37
4,baseline_tweedie,153,0.37
4,baseline_tweedie,356,0.36
4,baseline_tweedie,279,0.36
4,baseline_tweedie,613,0.36
4,baseline_tweedie,461,0.36
4,baseline_tweedie,640,0.36
4,baseline_tweedie,472,0.36
4,baseline_tweedie,577,0.36
4,baseline_tweedie,113,0.36
4,baseline_tweedie,102,0.36
4,baseline_tweedie,546,0.36
4,baseline_tweedie,144,0.36
4,baseline_tweedie,550,0.36
4,baseline_tweedie,57,0.36
4,baseline_tweedie,551,0.35
4,baseline_tweedie,246,0.35
4,baseline_tweedie,398,0.35
4,baseline_tweedie,498,0.35
4,baseline_tweedie,162,0.35
4,baseline_tweedie,258,0.35
4,baseline_tweedie,649,0.35
4,baseline_tweedie,271,0.35
4,baseline_tweedie,61,0.34
4,baseline_tweedie,65,0.34
4,baseline_tweedie,331,0.34
4,baseline_tweedie,501,0.34
4,baseline_tweedie,62,0.34
4,baseline_tweedie,32,0.34
4,baseline_tweedie,591,0.34
4,baseline_tweedie,568,0.34
4,baseline_tweedie,66,0.34
4,baseline_tweedie,358,0.34
4,baseline_tweedie,515,0.34
4,baseline_tweedie,309,0.34
4,baseline_tweedie,605,0.34
4,baseline_tweedie,586,0.34
4,baseline_tweedie,573,0.34
4,baseline_tweedie,63,0.34
4,baseline_tweedie,483,0.34
4,baseline_tweedie,460,0.33
4,baseline_tweedie,547,0.33
4,baseline_tweedie,280,0.33
4,baseline_tweedie,415,0.33
4,baseline_tweedie,411,0.33
4,baseline_tweedie,598,0.33
4,baseline_tweedie,96,0.33
4,baseline_tweedie,289,0.32
4,baseline_tweedie,286,0.32
4,baseline_tweedie,464,0.32
4,baseline_tweedie,458,0.32
4,baseline_tweedie,335,0.32
4,baseline_tweedie,209,0.32
4,baseline_tweedie,72,0.32
4,baseline_tweedie,451,0.32
4,baseline_tweedie,421,0.32
4,baseline_tweedie,609,0.32
4,baseline_tweedie,264,0.32
4,baseline_tweedie,558,0.32
4,baseline_tweedie,448,0.32
4,baseline_tweedie,119,0.32
4,baseline_tweedie,575,0.32
4,baseline_tweedie,503,0.32
4,baseline_tweedie,73,0.31
4,baseline_tweedie,589,0.31
4,baseline_tweedie,110,0.31
4,baseline_tweedie,296,0.31
4,baseline_tweedie,340,0.31
4,baseline_tweedie,343,0.31
4,baseline_tweedie,291,0.31
4,baseline_tweedie,243,0.31
4,baseline_tweedie,292,0.31
4,baseline_tweedie,315,0.31
4,baseline_tweedie,290,0.31
4,baseline_tweedie,645,0.31
4,baseline_tweedie,297,0.31
4,baseline_tweedie,502,0.31
4,baseline_tweedie,566,0.31
4,baseline_tweedie,288,0.31
4,baseline_tweedie,293,0.31
4,baseline_tweedie,15,0.31
4,baseline_tweedie,294,0.31
4,baseline_tweedie,563,0.31
4,baseline_tweedie,391,0.3
4,baseline_tweedie,173,0.3
4,baseline_tweedie,283,0.3
4,baseline_tweedie,184,0.3
4,baseline_tweedie,512,0.3
4,baseline_tweedie,284,0.3
4,baseline_tweedie,387,0.3
4,baseline_tweedie,138,0.3
4,baseline_tweedie,12,0.3
4,baseline_tweedie,369,0.3
4,baseline_tweedie,347,0.3
4,baseline_tweedie,278,0.3
4,baseline_tweedie,67,0.29
4,baseline_tweedie,466,0.29
4,baseline_tweedie,612,0.29
4,baseline_tweedie,86,0.29
4,baseline_tweedie,540,0.29
4,baseline_tweedie,313,0.29
4,baseline_tweedie,538,0.29
4,baseline_tweedie,71,0.29
4,baseline_tweedie,108,0.29
4,baseline_tweedie,203,0.29
4,baseline_tweedie,537,0.29
4,baseline_tweedie,130,0.29
4,baseline_tweedie,79,0.29
4,baseline_tweedie,426,0.28
4,baseline_tweedie,104,0.28
4,baseline_tweedie,261,0.28
4,baseline_tweedie,91,0.28
4,baseline_tweedie,97,0.28
4,baseline_tweedie,543,0.28
4,baseline_tweedie,33,0.28
4,baseline_tweedie,158,0.28
4,baseline_tweedie,163,0.28
4,baseline_tweedie,101,0.28
4,baseline_tweedie,222,0.28
4,baseline_tweedie,112,0.28
4,baseline_tweedie,145,0.28
4,baseline_tweedie,10,0.28
4,baseline_tweedie,570,0.27
4,baseline_tweedie,210,0.27
4,baseline_tweedie,557,0.27
4,baseline_tweedie,152,0.27
4,baseline_tweedie,146,0.27
4,baseline_tweedie,21,0.27
4,baseline_tweedie,157,0.27
4,baseline_tweedie,143,0.27
4,baseline_tweedie,561,0.27
4,baseline_tweedie,504,0.27
4,baseline_tweedie,176,0.27
4,baseline_tweedie,127,0.27
4,baseline_tweedie,239,0.27
4,baseline_tweedie,98,0.27
4,baseline_tweedie,245,0.27
4,baseline_tweedie,397,0.27
4,baseline_tweedie,654,0.27
4,baseline_tweedie,150,0.27
4,baseline_tweedie,124,0.26
4,baseline_tweedie,125,0.26
4,baseline_tweedie,232,0.26
4,baseline_tweedie,26,0.26
4,baseline_tweedie,235,0.26
4,baseline_tweedie,49,0.26
4,baseline_tweedie,50,0.26
4,baseline_tweedie,48,0.26
4,baseline_tweedie,395,0.26
4,baseline_tweedie,607,0.26
4,baseline_tweedie,631,0.26
4,baseline_tweedie,231,0.26
4,baseline_tweedie,88,0.26
4,baseline_tweedie,234,0.26
4,baseline_tweedie,44,0.26
4,baseline_tweedie,618,0.26
4,baseline_tweedie,168,0.26
4,baseline_tweedie,201,0.26
4,baseline_tweedie,53,0.26
4,baseline_tweedie,169,0.26
4,baseline_tweedie,170,0.26
4,baseline_tweedie,442,0.25
4,baseline_tweedie,64,0.25
4,baseline_tweedie,428,0.25
4,baseline_tweedie,7,0.25
4,baseline_tweedie,13,0.25
4,baseline_tweedie,531,0.25
4,baseline_tweedie,443,0.25
4,baseline_tweedie,444,0.25
4,baseline_tweedie,608,0.25
4,baseline_tweedie,463,0.25
4,baseline_tweedie,336,0.25
4,baseline_tweedie,105,0.25
4,baseline_tweedie,565,0.25
4,baseline_tweedie,530,0.25
4,baseline_tweedie,560,0.25
4,baseline_tweedie,256,0.25
4,baseline_tweedie,295,0.25
4,baseline_tweedie,643,0.25
4,baseline_tweedie,266,0.25
4,baseline_tweedie,51,0.25
4,baseline_tweedie,195,0.25
4,baseline_tweedie,650,0.25
4,baseline_tweedie,636,0.25
4,baseline_tweedie,149,0.25
4,baseline_tweedie,626,0.25
4,baseline_tweedie,617,0.25
4,baseline_tweedie,610,0.25
4,baseline_tweedie,270,0.25
4,baseline_tweedie,141,0.25
4,baseline_tweedie,569,0.25
4,baseline_tweedie,161,0.24
4,baseline_tweedie,241,0.24
4,baseline_tweedie,619,0.24
4,baseline_tweedie,237,0.24
4,baseline_tweedie,316,0.24
4,baseline_tweedie,327,0.24
4,baseline_tweedie,399,0.24
4,baseline_tweedie,282,0.24
4,baseline_tweedie,115,0.24
4,baseline_tweedie,544,0.24
4,baseline_tweedie,166,0.24
4,baseline_tweedie,632,0.23
4,baseline_tweedie,59,0.23
4,baseline_tweedie,221,0.23
4,baseline_tweedie,84,0.23
4,baseline_tweedie,615,0.23
4,baseline_tweedie,236,0.23
4,baseline_tweedie,637,0.23
4,baseline_tweedie,81,0.23
4,baseline_tweedie,219,0.23
4,baseline_tweedie,653,0.23
4,baseline_tweedie,628,0.23
4,baseline_tweedie,68,0.23
4,baseline_tweedie,439,0.23
4,baseline_tweedie,481,0.23
4,baseline_tweedie,410,0.23
4,baseline_tweedie,409,0.23
4,baseline_tweedie,408,0.23
4,baseline_tweedie,407,0.23
4,baseline_tweedie,404,0.23
4,baseline_tweedie,402,0.23
4,baseline_tweedie,400,0.23
4,baseline_tweedie,208,0.23
4,baseline_tweedie,215,0.23
4,baseline_tweedie,216,0.23
4,baseline_tweedie,217,0.23
4,baseline_tweedie,218,0.23
4,baseline_tweedie,213,0.23
4,baseline_tweedie,58,0.23
4,baseline_tweedie,129,0.23
4,baseline_tweedie,311,0.23
4,baseline_tweedie,318,0.23
4,baseline_tweedie,319,0.23
4,baseline_tweedie,114,0.23
4,baseline_tweedie,310,0.23
4,baseline_tweedie,322,0.23
4,baseline_tweedie,324,0.23
4,baseline_tweedie,298,0.23
4,baseline_tweedie,299,0.23
4,baseline_tweedie,314,0.23
4,baseline_tweedie,312,0.23
4,baseline_tweedie,562,0.23
4,baseline_tweedie,571,0.23
4,baseline_tweedie,602,0.23
4,baseline_tweedie,317,0.23
4,baseline_tweedie,274,0.22
4,baseline_tweedie,140,0.22
4,baseline_tweedie,394,0.22
4,baseline_tweedie,510,0.22
4,baseline_tweedie,601,0.22
4,baseline_tweedie,60,0.22
4,baseline_tweedie,509,0.22
4,baseline_tweedie,508,0.22
4,baseline_tweedie,254,0.22
4,baseline_tweedie,518,0.22
4,baseline_tweedie,524,0.22
4,baseline_tweedie,507,0.22
4,baseline_tweedie,41,0.22
4,baseline_tweedie,517,0.22
4,baseline_tweedie,521,0.22
4,baseline_tweedie,275,0.22
4,baseline_tweedie,186,0.22
4,baseline_tweedie,392,0.22
4,baseline_tweedie,588,0.22
4,baseline_tweedie,513,0.22
4,baseline_tweedie,147,0.22
4,baseline_tweedie,273,0.22
4,baseline_tweedie,511,0.22
4,baseline_tweedie,227,0.22
4,baseline_tweedie,500,0.22
4,baseline_tweedie,228,0.22
4,baseline_tweedie,505,0.22
4,baseline_tweedie,276,0.22
4,baseline_tweedie,205,0.21
4,baseline_tweedie,606,0.21
4,baseline_tweedie,214,0.21
4,baseline_tweedie,39,0.21
4,baseline_tweedie,38,0.21
4,baseline_tweedie,379,0.21
4,baseline_tweedie,69,0.21
4,baseline_tweedie,372,0.21
4,baseline_tweedie,330,0.21
4,baseline_tweedie,220,0.21
4,baseline_tweedie,30,0.21
4,baseline_tweedie,576,0.21
4,baseline_tweedie,630,0.21
4,baseline_tweedie,633,0.21
4,baseline_tweedie,427,0.21
4,baseline_tweedie,80,0.21
4,baseline_tweedie,192,0.2
4,baseline_tweedie,27,0.2
4,baseline_tweedie,307,0.2
4,baseline_tweedie,303,0.2
4,baseline_tweedie,534,0.2
4,baseline_tweedie,191,0.2
4,baseline_tweedie,480,0.2
4,baseline_tweedie,189,0.2
4,baseline_tweedie,506,0.2
4,baseline_tweedie,187,0.2
4,baseline_tweedie,644,0.2
4,baseline_tweedie,555,0.2
4,baseline_tweedie,370,0.2
4,baseline_tweedie,45,0.2
4,baseline_tweedie,20,0.2
4,baseline_tweedie,18,0.2
4,baseline_tweedie,260,0.2
4,baseline_tweedie,24,0.2
4,baseline_tweedie,367,0.2
4,baseline_tweedie,368,0.2
4,baseline_tweedie,373,0.2
4,baseline_tweedie,374,0.2
4,baseline_tweedie,22,0.2
4,baseline_tweedie,376,0.2
4,baseline_tweedie,378,0.2
4,baseline_tweedie,383,0.2
4,baseline_tweedie,202,0.2
4,baseline_tweedie,199,0.2
4,baseline_tweedie,23,0.2
4,baseline_tweedie,525,0.19
4,baseline_tweedie,485,0.19
4,baseline_tweedie,484,0.19
4,baseline_tweedie,497,0.19
4,baseline_tweedie,489,0.19
4,baseline_tweedie,429,0.19
4,baseline_tweedie,495,0.19
4,baseline_tweedie,473,0.19
4,baseline_tweedie,494,0.19
4,baseline_tweedie,542,0.19
4,baseline_tweedie,651,0.19
4,baseline_tweedie,100,0.19
4,baseline_tweedie,148,0.19
4,baseline_tweedie,249,0.19
4,baseline_tweedie,46,0.19
4,baseline_tweedie,211,0.19
4,baseline_tweedie,99,0.19
4,baseline_tweedie,43,0.19
4,baseline_tweedie,103,0.19
4,baseline_tweedie,132,0.18
4,baseline_tweedie,363,0.18
4,baseline_tweedie,361,0.18
4,baseline_tweedie,360,0.18
4,baseline_tweedie,359,0.18
4,baseline_tweedie,126,0.18
4,baseline_tweedie,128,0.18
4,baseline_tweedie,242,0.18
4,baseline_tweedie,133,0.18
4,baseline_tweedie,121,0.18
4,baseline_tweedie,134,0.18
4,baseline_tweedie,624,0.18
4,baseline_tweedie,639,0.18
4,baseline_tweedie,519,0.18
4,baseline_tweedie,652,0.18
4,baseline_tweedie,122,0.18
4,baseline_tweedie,365,0.18
4,baseline_tweedie,499,0.18
4,baseline_tweedie,587,0.18
4,baseline_tweedie,5,0.18
4,baseline_tweedie,6,0.18
4,baseline_tweedie,70,0.18
4,baseline_tweedie,85,0.18
4,baseline_tweedie,251,0.18
4,baseline_tweedie,92,0.18
4,baseline_tweedie,106,0.18
4,baseline_tweedie,620,0.18
4,baseline_tweedie,252,0.18
4,baseline_tweedie,155,0.18
4,baseline_tweedie,386,0.18
4,baseline_tweedie,190,0.18
4,baseline_tweedie,204,0.18
4,baseline_tweedie,476,0.17
4,baseline_tweedie,470,0.17
4,baseline_tweedie,329,0.17
4,baseline_tweedie,178,0.17
4,baseline_tweedie,475,0.17
4,baseline_tweedie,179,0.17
4,baseline_tweedie,180,0.17
4,baseline_tweedie,479,0.17
4,baseline_tweedie,181,0.17
4,baseline_tweedie,174,0.17
4,baseline_tweedie,477,0.17
4,baseline_tweedie,177,0.17
4,baseline_tweedie,491,0.17
4,baseline_tweedie,156,0.17
4,baseline_tweedie,353,0.17
4,baseline_tweedie,545,0.17
4,baseline_tweedie,117,0.17
4,baseline_tweedie,118,0.17
4,baseline_tweedie,120,0.17
4,baseline_tweedie,354,0.17
4,baseline_tweedie,355,0.17
4,baseline_tweedie,352,0.17
4,baseline_tweedie,423,0.17
4,baseline_tweedie,523,0.17
4,baseline_tweedie,614,0.17
4,baseline_tweedie,346,0.17
4,baseline_tweedie,351,0.17
4,baseline_tweedie,40,0.16
4,baseline_tweedie,526,0.16
4,baseline_tweedie,403,0.16
4,baseline_tweedie,111,0.16
4,baseline_tweedie,95,0.16
4,baseline_tweedie,552,0.16
4,baseline_tweedie,287,0.16
4,baseline_tweedie,225,0.16
4,baseline_tweedie,300,0.16
4,baseline_tweedie,405,0.16
4,baseline_tweedie,366,0.16
4,baseline_tweedie,345,0.16
4,baseline_tweedie,554,0.16
4,baseline_tweedie,302,0.16
4,baseline_tweedie,301,0.16
4,baseline_tweedie,465,0.16
4,baseline_tweedie,272,0.16
4,baseline_tweedie,131,0.15
4,baseline_tweedie,431,0.15
4,baseline_tweedie,357,0.15
4,baseline_tweedie,438,0.15
4,baseline_tweedie,142,0.15
4,baseline_tweedie,437,0.15
4,baseline_tweedie,514,0.15
4,baseline_tweedie,154,0.15
4,baseline_tweedie,436,0.15
4,baseline_tweedie,434,0.15
4,baseline_tweedie,433,0.15
4,baseline_tweedie,139,0.15
4,baseline_tweedie,137,0.15
4,baseline_tweedie,430,0.15
4,baseline_tweedie,83,0.15
4,baseline_tweedie,582,0.15
4,baseline_tweedie,55,0.15
4,baseline_tweedie,401,0.15
4,baseline_tweedie,2,0.15
4,baseline_tweedie,3,0.15
4,baseline_tweedie,416,0.14
4,baseline_tweedie,425,0.14
4,baseline_tweedie,424,0.14
4,baseline_tweedie,382,0.14
4,baseline_tweedie,380,0.14
4,baseline_tweedie,486,0.14
4,baseline_tweedie,599,0.14
4,baseline_tweedie,528,0.14
4,baseline_tweedie,590,0.14
4,baseline_tweedie,197,0.14
4,baseline_tweedie,196,0.14
4,baseline_tweedie,193,0.14
4,baseline_tweedie,468,0.14
4,baseline_tweedie,342,0.13
4,baseline_tweedie,107,0.13
4,baseline_tweedie,165,0.13
4,baseline_tweedie,333,0.13
4,baseline_tweedie,223,0.13
4,baseline_tweedie,344,0.13
4,baseline_tweedie,603,0.13
4,baseline_tweedie,320,0.13
4,baseline_tweedie,341,0.13
4,baseline_tweedie,553,0.13
4,baseline_tweedie,648,0.13
4,baseline_tweedie,641,0.13
4,baseline_tweedie,604,0.13
4,baseline_tweedie,183,0.12
4,baseline_tweedie,224,0.12
4,baseline_tweedie,123,0.12
4,baseline_tweedie,167,0.11
4,baseline_tweedie,171,0.11
4,baseline_tweedie,623,0.11
4,baseline_tweedie,417,0.11
4,baseline_tweedie,172,0.11
4,baseline_tweedie,441,0.1
4,baseline_tweedie,440,0.1
4,baseline_tweedie,325,0.09
4,baseline_tweedie,326,0.09
4,baseline_tweedie,413,0.09
4,baseline_tweedie,414,0.09
4,baseline_tweedie,629,0.09
4,baseline_tweedie,492,0.09
4,baseline_tweedie,625,0.09
4,baseline_tweedie,349,0.08
4,baseline_tweedie,348,0.08
4,baseline,12,4.69
4,baseline,15,4.65
4,baseline,26,4.23
4,baseline,399,4.22
4,baseline,264,4.14
4,baseline,411,4.03
4,baseline,165,3.71
4,baseline,68,3.52
4,baseline,249,3.51
4,baseline,427,3.4
4,baseline,398,3.22
4,baseline,397,3.2
4,baseline,569,3.12
4,baseline,426,3.09
4,baseline,557,3.09
4,baseline,115,3.08
4,baseline,1,3.08
4,baseline,154,3.05
4,baseline,40,3.04
4,baseline,10,2.98
4,baseline,379,2.96
4,baseline,13,2.86
4,baseline,258,2.84
4,baseline,305,2.82
4,baseline,454,2.82
4,baseline,412,2.76
4,baseline,464,2.71
4,baseline,384,2.7
4,baseline,391,2.63
4,baseline,367,2.62
4,baseline,57,2.61
4,baseline,8,2.6
4,baseline,226,2.59
4,baseline,4,2.53
4,baseline,173,2.52
4,baseline,106,2.51
4,baseline,532,2.5
4,baseline,230,2.48
4,baseline,567,2.44
4,baseline,233,2.43
4,baseline,471,2.42
4,baseline,60,2.4
4,baseline,449,2.39
4,baseline,204,2.36
4,baseline,86,2.36
4,baseline,467,2.35
4,baseline,94,2.34
4,baseline,496,2.34
4,baseline,268,2.34
4,baseline,112,2.33
4,baseline,390,2.32
4,baseline,593,2.32
4,baseline,109,2.29
4,baseline,261,2.28
4,baseline,350,2.25
4,baseline,242,2.25
4,baseline,514,2.24
4,baseline,110,2.23
4,baseline,564,2.22
4,baseline,388,2.22
4,baseline,265,2.19
4,baseline,346,2.17
4,baseline,236,2.17
4,baseline,124,2.16
4,baseline,552,2.16
4,baseline,418,2.14
4,baseline,82,2.13
4,baseline,469,2.11
4,baseline,200,2.11
4,baseline,453,2.1
4,baseline,447,2.09
4,baseline,7,2.05
4,baseline,127,2.04
4,baseline,486,1.97
4,baseline,533,1.95
4,baseline,182,1.93
4,baseline,335,1.92
4,baseline,377,1.92
4,baseline,145,1.91
4,baseline,229,1.91
4,baseline,529,1.9
4,baseline,541,1.89
4,baseline,542,1.89
4,baseline,432,1.87
4,baseline,534,1.86
4,baseline,544,1.86
4,baseline,156,1.86
4,baseline,166,1.85
4,baseline,474,1.85
4,baseline,96,1.85
4,baseline,572,1.85
4,baseline,244,1.85
4,baseline,175,1.84
4,baseline,545,1.8
4,baseline,536,1.78
4,baseline,605,1.78
4,baseline,393,1.77
4,baseline,591,1.77
4,baseline,551,1.76
4,baseline,481,1.76
4,baseline,472,1.74
4,baseline,362,1.73
4,baseline,368,1.7
4,baseline,480,1.7
4,baseline,211,1.69
4,baseline,570,1.67
4,baseline,176,1.67
4,baseline,566,1.65
4,baseline,366,1.65
4,baseline,423,1.64
4,baseline,334,1.64
4,baseline,445,1.64
4,baseline,499,1.63
4,baseline,64,1.63
4,baseline,356,1.6
4,baseline,304,1.6
4,baseline,428,1.59
4,baseline,43,1.59
4,baseline,385,1.58
4,baseline,61,1.57
4,baseline,588,1.57
4,baseline,250,1.56
4,baseline,247,1.56
4,baseline,198,1.56
4,baseline,161,1.56
4,baseline,649,1.55
4,baseline,246,1.54
4,baseline,295,1.54
4,baseline,316,1.53
4,baseline,565,1.53
4,baseline,635,1.53
4,baseline,280,1.52
4,baseline,98,1.52
4,baseline,417,1.48
4,baseline,279,1.48
4,baseline,11,1.47
4,baseline,28,1.46
4,baseline,501,1.46
4,baseline,286,1.45
4,baseline,183,1.44
4,baseline,619,1.43
4,baseline,306,1.43
4,baseline,504,1.42
4,baseline,580,1.42
4,baseline,455,1.42
4,baseline,597,1.41
4,baseline,598,1.41
4,baseline,332,1.41
4,baseline,190,1.41
4,baseline,36,1.41
4,baseline,643,1.41
4,baseline,330,1.39
4,baseline,259,1.38
4,baseline,31,1.38
4,baseline,116,1.37
4,baseline,51,1.36
4,baseline,184,1.36
4,baseline,237,1.35
4,baseline,358,1.34
4,baseline,151,1.34
4,baseline,142,1.34
4,baseline,315,1.31
4,baseline,123,1.31
4,baseline,642,1.3
4,baseline,419,1.28
4,baseline,119,1.27
4,baseline,429,1.26
4,baseline,290,1.26
4,baseline,16,1.26
4,baseline,347,1.26
4,baseline,269,1.26
4,baseline,167,1.25
4,baseline,627,1.25
4,baseline,113,1.25
4,baseline,562,1.24
4,baseline,148,1.24
4,baseline,576,1.24
4,baseline,338,1.24
4,baseline,502,1.24
4,baseline,88,1.23
4,baseline,483,1.23
4,baseline,473,1.23
4,baseline,439,1.22
4,baseline,553,1.22
4,baseline,32,1.2
4,baseline,155,1.19
4,baseline,214,1.18
4,baseline,253,1.16
4,baseline,282,1.16
4,baseline,422,1.15
4,baseline,415,1.15
4,baseline,34,1.14
4,baseline,144,1.13
4,baseline,401,1.12
4,baseline,558,1.12
4,baseline,457,1.11
4,baseline,239,1.11
4,baseline,87,1.1
4,baseline,516,1.1
4,baseline,37,1.1
4,baseline,248,1.09
4,baseline,212,1.09
4,baseline,503,1.08
4,baseline,74,1.07
4,baseline,586,1.07
4,baseline,46,1.07
4,baseline,371,1.05
4,baseline,646,1.05
4,baseline,490,1.05
4,baseline,70,1.04
4,baseline,203,1.04
4,baseline,262,1.03
4,baseline,616,1.03
4,baseline,25,1.03
4,baseline,69,1.03
4,baseline,52,1.03
4,baseline,102,1.02
4,baseline,579,1.02
4,baseline,634,1.01
4,baseline,460,1.01
4,baseline,578,1.01
4,baseline,114,1.0
4,baseline,9,0.99
4,baseline,267,0.99
4,baseline,596,0.97
4,baseline,162,0.97
4,baseline,254,0.96
4,baseline,405,0.96
4,baseline,644,0.96
4,baseline,160,0.96
4,baseline,19,0.95
4,baseline,153,0.95
4,baseline,263,0.95
4,baseline,420,0.93
4,baseline,129,0.93
4,baseline,357,0.93
4,baseline,281,0.92
4,baseline,84,0.91
4,baseline,71,0.91
4,baseline,592,0.91
4,baseline,459,0.9
4,baseline,589,0.9
4,baseline,67,0.9
4,baseline,257,0.9
4,baseline,585,0.9
4,baseline,525,0.89
4,baseline,79,0.88
4,baseline,456,0.88
4,baseline,260,0.87
4,baseline,14,0.87
4,baseline,75,0.87
4,baseline,209,0.87
4,baseline,327,0.87
4,baseline,548,0.86
4,baseline,308,0.86
4,baseline,135,0.86
4,baseline,17,0.85
4,baseline,130,0.85
4,baseline,202,0.85
4,baseline,41,0.84
4,baseline,381,0.84
4,baseline,375,0.84
4,baseline,313,0.84
4,baseline,506,0.83
4,baseline,76,0.83
4,baseline,403,0.83
4,baseline,462,0.83
4,baseline,638,0.83
4,baseline,238,0.83
4,baseline,535,0.82
4,baseline,452,0.82
4,baseline,512,0.82
4,baseline,549,0.81
4,baseline,207,0.81
4,baseline,277,0.81
4,baseline,583,0.81
4,baseline,584,0.81
4,baseline,435,0.81
4,baseline,47,0.8
4,baseline,93,0.8
4,baseline,559,0.8
4,baseline,595,0.8
4,baseline,285,0.79
4,baseline,574,0.79
4,baseline,138,0.79
4,baseline,90,0.79
4,baseline,81,0.79
4,baseline,321,0.78
4,baseline,478,0.77
4,baseline,73,0.77
4,baseline,446,0.77
4,baseline,336,0.77
4,baseline,611,0.77
4,baseline,406,0.77
4,baseline,35,0.76
4,baseline,498,0.76
4,baseline,210,0.76
4,baseline,108,0.76
4,baseline,194,0.75
4,baseline,125,0.75
4,baseline,640,0.75
4,baseline,577,0.75
4,baseline,608,0.74
4,baseline,56,0.74
4,baseline,222,0.74
4,baseline,488,0.74
4,baseline,450,0.74
4,baseline,364,0.74
4,baseline,159,0.74
4,baseline,323,0.74
4,baseline,54,0.73
4,baseline,600,0.73
4,baseline,42,0.73
4,baseline,621,0.73
4,baseline,185,0.73
4,baseline,647,0.73
4,baseline,461,0.73
4,baseline,543,0.73
4,baseline,339,0.72
4,baseline,164,0.72
4,baseline,556,0.72
4,baseline,389,0.72
4,baseline,492,0.72
4,baseline,328,0.71
4,baseline,45,0.71
4,baseline,72,0.71
4,baseline,240,0.71
4,baseline,186,0.7
4,baseline,24,0.7
4,baseline,613,0.7
4,baseline,300,0.7
4,baseline,302,0.7
4,baseline,303,0.7
4,baseline,307,0.7
4,baseline,515,0.7
4,baseline,59,0.7
4,baseline,58,0.7
4,baseline,301,0.7
4,baseline,568,0.7
4,baseline,546,0.7
4,baseline,23,0.7
4,baseline,550,0.7
4,baseline,615,0.7
4,baseline,22,0.7
4,baseline,20,0.7
4,baseline,530,0.7
4,baseline,531,0.7
4,baseline,554,0.7
4,baseline,18,0.7
4,baseline,201,0.69
4,baseline,63,0.69
4,baseline,65,0.69
4,baseline,413,0.69
4,baseline,414,0.69
4,baseline,594,0.69
4,baseline,540,0.69
4,baseline,62,0.69
4,baseline,78,0.69
4,baseline,538,0.69
4,baseline,537,0.69
4,baseline,66,0.69
4,baseline,325,0.69
4,baseline,188,0.69
4,baseline,612,0.69
4,baseline,77,0.69
4,baseline,573,0.69
4,baseline,343,0.69
4,baseline,491,0.69
4,baseline,623,0.68
4,baseline,416,0.68
4,baseline,171,0.68
4,baseline,571,0.68
4,baseline,425,0.68
4,baseline,424,0.68
4,baseline,91,0.68
4,baseline,602,0.68
4,baseline,131,0.68
4,baseline,133,0.68
4,baseline,134,0.68
4,baseline,199,0.68
4,baseline,205,0.68
4,baseline,235,0.68
4,baseline,324,0.68
4,baseline,430,0.68
4,baseline,221,0.68
4,baseline,3,0.68
4,baseline,80,0.68
4,baseline,128,0.68
4,baseline,636,0.68
4,baseline,626,0.68
4,baseline,555,0.68
4,baseline,126,0.68
4,baseline,270,0.68
4,baseline,633,0.68
4,baseline,266,0.68
4,baseline,21,0.68
4,baseline,122,0.68
4,baseline,227,0.68
4,baseline,228,0.68
4,baseline,121,0.68
4,baseline,6,0.68
4,baseline,5,0.68
4,baseline,231,0.68
4,baseline,654,0.68
4,baseline,232,0.68
4,baseline,624,0.68
4,baseline,245,0.68
4,baseline,2,0.68
4,baseline,220,0.68
4,baseline,219,0.68
4,baseline,639,0.68
4,baseline,319,0.68
4,baseline,318,0.68
4,baseline,431,0.68
4,baseline,314,0.68
4,baseline,132,0.68
4,baseline,312,0.68
4,baseline,311,0.68
4,baseline,310,0.68
4,baseline,208,0.68
4,baseline,213,0.68
4,baseline,433,0.68
4,baseline,234,0.68
4,baseline,434,0.68
4,baseline,617,0.68
4,baseline,215,0.68
4,baseline,216,0.68
4,baseline,217,0.68
4,baseline,436,0.68
4,baseline,437,0.68
4,baseline,438,0.68
4,baseline,652,0.68
4,baseline,218,0.68
4,baseline,172,0.68
4,baseline,487,0.67
4,baseline,191,0.67
4,baseline,581,0.67
4,baseline,482,0.67
4,baseline,189,0.67
4,baseline,187,0.67
4,baseline,251,0.67
4,baseline,252,0.67
4,baseline,181,0.67
4,baseline,180,0.67
4,baseline,179,0.67
4,baseline,458,0.67
4,baseline,178,0.67
4,baseline,177,0.67
4,baseline,192,0.67
4,baseline,443,0.67
4,baseline,442,0.67
4,baseline,174,0.67
4,baseline,444,0.67
4,baseline,451,0.66
4,baseline,448,0.66
4,baseline,609,0.66
4,baseline,651,0.66
4,baseline,120,0.66
4,baseline,614,0.66
4,baseline,149,0.66
4,baseline,29,0.66
4,baseline,118,0.66
4,baseline,117,0.66
4,baseline,111,0.66
4,baseline,256,0.66
4,baseline,610,0.66
4,baseline,650,0.66
4,baseline,273,0.65
4,baseline,575,0.65
4,baseline,463,0.65
4,baseline,645,0.65
4,baseline,340,0.65
4,baseline,89,0.65
4,baseline,274,0.65
4,baseline,276,0.65
4,baseline,297,0.65
4,baseline,296,0.65
4,baseline,294,0.65
4,baseline,293,0.65
4,baseline,27,0.65
4,baseline,292,0.65
4,baseline,291,0.65
4,baseline,275,0.65
4,baseline,288,0.65
4,baseline,494,0.64
4,baseline,500,0.64
4,baseline,497,0.64
4,baseline,495,0.64
4,baseline,289,0.64
4,baseline,147,0.64
4,baseline,284,0.64
4,baseline,493,0.64
4,baseline,225,0.64
4,baseline,278,0.64
4,baseline,505,0.64
4,baseline,383,0.64
4,baseline,507,0.64
4,baseline,513,0.64
4,baseline,378,0.64
4,baseline,376,0.64
4,baseline,374,0.64
4,baseline,373,0.64
4,baseline,372,0.64
4,baseline,370,0.64
4,baseline,601,0.64
4,baseline,524,0.64
4,baseline,508,0.64
4,baseline,518,0.64
4,baseline,517,0.64
4,baseline,521,0.64
4,baseline,283,0.64
4,baseline,355,0.64
4,baseline,354,0.64
4,baseline,511,0.64
4,baseline,510,0.64
4,baseline,351,0.64
4,baseline,352,0.64
4,baseline,353,0.64
4,baseline,509,0.64
4,baseline,48,0.63
4,baseline,137,0.63
4,baseline,33,0.63
4,baseline,139,0.63
4,baseline,44,0.63
4,baseline,197,0.63
4,baseline,49,0.63
4,baseline,50,0.63
4,baseline,196,0.63
4,baseline,607,0.63
4,baseline,618,0.63
4,baseline,631,0.63
4,baseline,272,0.63
4,baseline,243,0.63
4,baseline,193,0.63
4,baseline,53,0.63
4,baseline,599,0.63
4,baseline,441,0.63
4,baseline,365,0.63
4,baseline,440,0.63
4,baseline,363,0.63
4,baseline,337,0.63
4,baseline,317,0.63
4,baseline,359,0.63
4,baseline,361,0.63
4,baseline,360,0.63
4,baseline,322,0.63
4,baseline,341,0.62
4,baseline,484,0.62
4,baseline,485,0.62
4,baseline,489,0.62
4,baseline,342,0.62
4,baseline,590,0.62
4,baseline,539,0.62
4,baseline,630,0.62
4,baseline,344,0.62
4,baseline,604,0.62
4,baseline,625,0.62
4,baseline,629,0.62
4,baseline,606,0.62
4,baseline,648,0.62
4,baseline,39,0.62
4,baseline,105,0.62
4,baseline,466,0.62
4,baseline,38,0.62
4,baseline,30,0.62
4,baseline,326,0.62
4,baseline,468,0.62
4,baseline,141,0.61
4,baseline,380,0.61
4,baseline,637,0.61
4,baseline,470,0.61
4,baseline,622,0.61
4,baseline,101,0.61
4,baseline,632,0.61
4,baseline,603,0.61
4,baseline,563,0.61
4,baseline,299,0.61
4,baseline,298,0.61
4,baseline,641,0.61
4,baseline,136,0.61
4,baseline,560,0.61
4,baseline,333,0.61
4,baseline,97,0.61
4,baseline,158,0.61
4,baseline,163,0.61
4,baseline,475,0.61
4,baseline,206,0.61
4,baseline,382,0.61
4,baseline,476,0.61
4,baseline,477,0.61
4,baseline,479,0.61
4,baseline,522,0.6
4,baseline,519,0.6
4,baseline,407,0.6
4,baseline,402,0.6
4,baseline,628,0.6
4,baseline,653,0.6
4,baseline,528,0.6
4,baseline,404,0.6
4,baseline,408,0.6
4,baseline,409,0.6
4,baseline,410,0.6
4,baseline,150,0.6
4,baseline,104,0.6
4,baseline,55,0.6
4,baseline,143,0.6
4,baseline,146,0.6
4,baseline,152,0.6
4,baseline,157,0.6
4,baseline,561,0.6
4,baseline,400,0.6
4,baseline,582,0.6
4,baseline,396,0.6
4,baseline,103,0.59
4,baseline,386,0.59
4,baseline,241,0.59
4,baseline,92,0.59
4,baseline,83,0.59
4,baseline,85,0.59
4,baseline,520,0.59
4,baseline,620,0.59
4,baseline,99,0.59
4,baseline,587,0.59
4,baseline,100,0.59
4,baseline,394,0.58
4,baseline,392,0.58
4,baseline,349,0.57
4,baseline,107,0.57
4,baseline,348,0.57
4,baseline,168,0.56
4,baseline,421,0.56
4,baseline,169,0.56
4,baseline,170,0.56
4,baseline,140,0.55
4,baseline,369,0.53
4,baseline,547,0.53
4,baseline,271,0.52
4,baseline,523,0.52
4,baseline,309,0.51
4,baseline,387,0.51
4,baseline,527,0.5
4,baseline,223,0.47
4,baseline,95,0.45
4,baseline,255,0.45
4,baseline,465,0.44
4,baseline,224,0.4
4,baseline,287,0.39
4,baseline,395,0.34
4,baseline,195,0.34
4,baseline,329,0.33
4,baseline,345,0.32
4,baseline,526,0.31
4,baseline,320,0.24
4,baseline,331,0.23
4,twohead,249,4.07
4,twohead,1,3.96
4,twohead,26,3.9
4,twohead,109,3.79
4,twohead,96,3.77
4,twohead,428,3.44
4,twohead,464,3.39
4,twohead,597,3.38
4,twohead,350,3.37
4,twohead,567,3.34
4,twohead,295,3.32
4,twohead,552,3.3
4,twohead,362,3.28
4,twohead,110,3.26
4,twohead,427,3.24
4,twohead,57,3.24
4,twohead,533,3.21
4,twohead,514,3.11
4,twohead,250,3.1
4,twohead,13,3.09
4,twohead,226,3.08
4,twohead,496,3.08
4,twohead,557,3.02
4,twohead,384,3.01
4,twohead,564,3.01
4,twohead,332,3.01
4,twohead,569,3.01
4,twohead,45,3.0
4,twohead,242,3.0
4,twohead,492,2.99
4,twohead,40,2.97
4,twohead,230,2.97
4,twohead,579,2.95
4,twohead,412,2.92
4,twohead,156,2.91
4,twohead,529,2.86
4,twohead,4,2.82
4,twohead,79,2.8
4,twohead,366,2.76
4,twohead,82,2.74
4,twohead,10,2.74
4,twohead,467,2.72
4,twohead,12,2.66
4,twohead,233,2.63
4,twohead,356,2.61
4,twohead,377,2.6
4,twohead,28,2.59
4,twohead,236,2.58
4,twohead,429,2.58
4,twohead,68,2.57
4,twohead,46,2.56
4,twohead,385,2.56
4,twohead,553,2.56
4,twohead,316,2.55
4,twohead,358,2.54
4,twohead,649,2.53
4,twohead,544,2.52
4,twohead,41,2.48
4,twohead,286,2.48
4,twohead,183,2.48
4,twohead,198,2.47
4,twohead,453,2.47
4,twohead,397,2.46
4,twohead,335,2.46
4,twohead,112,2.43
4,twohead,67,2.42
4,twohead,334,2.42
4,twohead,551,2.41
4,twohead,591,2.41
4,twohead,346,2.41
4,twohead,261,2.4
4,twohead,247,2.4
4,twohead,368,2.4
4,twohead,460,2.38
4,twohead,372,2.38
4,twohead,516,2.36
4,twohead,173,2.35
4,twohead,367,2.32
4,twohead,239,2.32
4,twohead,432,2.31
4,twohead,47,2.31
4,twohead,8,2.31
4,twohead,534,2.3
4,twohead,195,2.29
4,twohead,290,2.27
4,twohead,545,2.26
4,twohead,69,2.25
4,twohead,244,2.24
4,twohead,619,2.24
4,twohead,267,2.23
4,twohead,542,2.22
4,twohead,43,2.22
4,twohead,398,2.22
4,twohead,246,2.21
4,twohead,138,2.21
4,twohead,338,2.2
4,twohead,190,2.19
4,twohead,315,2.19
4,twohead,503,2.18
4,twohead,229,2.16
4,twohead,70,2.15
4,twohead,7,2.14
4,twohead,480,2.14
4,twohead,37,2.14
4,twohead,481,2.14
4,twohead,161,2.13
4,twohead,61,2.13
4,twohead,390,2.13
4,twohead,184,2.13
4,twohead,277,2.12
4,twohead,454,2.09
4,twohead,36,2.08
4,twohead,280,2.08
4,twohead,165,2.06
4,twohead,532,2.06
4,twohead,116,2.04
4,twohead,94,2.04
4,twohead,541,2.03
4,twohead,449,2.02
4,twohead,154,2.02
4,twohead,499,2.01
4,twohead,106,2.0
4,twohead,593,1.99
4,twohead,417,1.99
4,twohead,214,1.98
4,twohead,224,1.98
4,twohead,439,1.98
4,twohead,33,1.97
4,twohead,447,1.97
4,twohead,166,1.96
4,twohead,259,1.96
4,twohead,455,1.94
4,twohead,391,1.94
4,twohead,562,1.94
4,twohead,426,1.94
4,twohead,175,1.93
4,twohead,51,1.93
4,twohead,282,1.93
4,twohead,327,1.92
4,twohead,304,1.92
4,twohead,114,1.89
4,twohead,87,1.88
4,twohead,176,1.86
4,twohead,570,1.86
4,twohead,572,1.86
4,twohead,237,1.82
4,twohead,86,1.81
4,twohead,211,1.81
4,twohead,445,1.79
4,twohead,644,1.79
4,twohead,200,1.78
4,twohead,73,1.78
4,twohead,536,1.78
4,twohead,486,1.77
4,twohead,474,1.77
4,twohead,558,1.76
4,twohead,254,1.76
4,twohead,91,1.76
4,twohead,98,1.75
4,twohead,95,1.74
4,twohead,265,1.74
4,twohead,399,1.73
4,twohead,566,1.73
4,twohead,31,1.71
4,twohead,469,1.71
4,twohead,279,1.7
4,twohead,491,1.69
4,twohead,330,1.68
4,twohead,336,1.68
4,twohead,153,1.67
4,twohead,576,1.67
4,twohead,471,1.67
4,twohead,371,1.65
4,twohead,264,1.65
4,twohead,337,1.65
4,twohead,411,1.64
4,twohead,483,1.64
4,twohead,32,1.63
4,twohead,459,1.63
4,twohead,182,1.62
4,twohead,148,1.61
4,twohead,456,1.61
4,twohead,194,1.61
4,twohead,586,1.61
4,twohead,271,1.6
4,twohead,268,1.59
4,twohead,269,1.59
4,twohead,401,1.58
4,twohead,419,1.57
4,twohead,525,1.56
4,twohead,565,1.56
4,twohead,379,1.54
4,twohead,393,1.54
4,twohead,405,1.54
4,twohead,588,1.53
4,twohead,504,1.53
4,twohead,627,1.52
4,twohead,127,1.51
4,twohead,105,1.5
4,twohead,580,1.5
4,twohead,186,1.5
4,twohead,331,1.5
4,twohead,643,1.48
4,twohead,345,1.47
4,twohead,104,1.47
4,twohead,598,1.46
4,twohead,589,1.45
4,twohead,260,1.45
4,twohead,119,1.45
4,twohead,257,1.43
4,twohead,357,1.42
4,twohead,130,1.42
4,twohead,472,1.4
4,twohead,605,1.38
4,twohead,11,1.38
4,twohead,124,1.37
4,twohead,473,1.36
4,twohead,210,1.36
4,twohead,222,1.35
4,twohead,258,1.35
4,twohead,305,1.35
4,twohead,313,1.35
4,twohead,347,1.34
4,twohead,203,1.34
4,twohead,423,1.33
4,twohead,418,1.32
4,twohead,575,1.31
4,twohead,64,1.3
4,twohead,71,1.29
4,twohead,253,1.29
4,twohead,9,1.28
4,twohead,519,1.27
4,twohead,306,1.25
4,twohead,142,1.24
4,twohead,592,1.24
4,twohead,97,1.23
4,twohead,506,1.23
4,twohead,60,1.23
4,twohead,640,1.22
4,twohead,15,1.21
4,twohead,415,1.19
4,twohead,209,1.19
4,twohead,202,1.17
4,twohead,155,1.16
4,twohead,502,1.12
4,twohead,145,1.09
4,twohead,388,1.09
4,twohead,596,1.08
4,twohead,387,1.08
4,twohead,539,1.06
4,twohead,167,1.06
4,twohead,634,1.05
4,twohead,638,1.05
4,twohead,238,1.04
4,twohead,512,1.03
4,twohead,329,1.02
4,twohead,151,1.01
4,twohead,93,1.01
4,twohead,129,0.99
4,twohead,125,0.99
4,twohead,113,0.99
4,twohead,262,0.98
4,twohead,52,0.98
4,twohead,642,0.97
4,twohead,19,0.95
4,twohead,465,0.94
4,twohead,115,0.94
4,twohead,16,0.94
4,twohead,403,0.93
4,twohead,90,0.91
4,twohead,501,0.9
4,twohead,369,0.89
4,twohead,144,0.89
4,twohead,17,0.89
4,twohead,646,0.88
4,twohead,583,0.87
4,twohead,201,0.86
4,twohead,364,0.86
4,twohead,56,0.86
4,twohead,255,0.86
4,twohead,102,0.85
4,twohead,84,0.85
4,twohead,123,0.84
4,twohead,188,0.84
4,twohead,395,0.83
4,twohead,185,0.83
4,twohead,88,0.82
4,twohead,309,0.81
4,twohead,608,0.81
4,twohead,616,0.8
4,twohead,140,0.8
4,twohead,323,0.8
4,twohead,523,0.78
4,twohead,389,0.76
4,twohead,204,0.76
4,twohead,320,0.76
4,twohead,584,0.76
4,twohead,72,0.75
4,twohead,14,0.75
4,twohead,420,0.74
4,twohead,422,0.73
4,twohead,381,0.73
4,twohead,543,0.72
4,twohead,535,0.71
4,twohead,577,0.71
4,twohead,526,0.71
4,twohead,490,0.7
4,twohead,223,0.7
4,twohead,149,0.69
4,twohead,594,0.69
4,twohead,34,0.69
4,twohead,375,0.69
4,twohead,74,0.69
4,twohead,611,0.68
4,twohead,241,0.66
4,twohead,29,0.66
4,twohead,248,0.64
4,twohead,343,0.64
4,twohead,135,0.63
4,twohead,162,0.63
4,twohead,578,0.62
4,twohead,635,0.61
4,twohead,206,0.61
4,twohead,160,0.6
4,twohead,522,0.59
4,twohead,308,0.59
4,twohead,585,0.58
4,twohead,478,0.58
4,twohead,600,0.58
4,twohead,498,0.57
4,twohead,328,0.57
4,twohead,488,0.56
4,twohead,515,0.56
4,twohead,421,0.56
4,twohead,520,0.55
4,twohead,42,0.54
4,twohead,406,0.53
4,twohead,243,0.53
4,twohead,25,0.53
4,twohead,108,0.52
4,twohead,207,0.52
4,twohead,527,0.52
4,twohead,281,0.52
4,twohead,81,0.52
4,twohead,339,0.51
4,twohead,287,0.51
4,twohead,75,0.51
4,twohead,321,0.5
4,twohead,263,0.5
4,twohead,157,0.5
4,twohead,457,0.49
4,twohead,452,0.49
4,twohead,212,0.48
4,twohead,396,0.48
4,twohead,54,0.48
4,twohead,463,0.47
4,twohead,622,0.46
4,twohead,581,0.44
4,twohead,563,0.44
4,twohead,568,0.42
4,twohead,617,0.42
4,twohead,462,0.42
4,twohead,289,0.41
4,twohead,621,0.41
4,twohead,76,0.4
4,twohead,547,0.4
4,twohead,549,0.4
4,twohead,595,0.37
4,twohead,446,0.37
4,twohead,136,0.36
4,twohead,285,0.36
4,twohead,574,0.36
4,twohead,450,0.35
4,twohead,89,0.34
4,twohead,556,0.33
4,twohead,548,0.31
4,twohead,493,0.31
4,twohead,482,0.31
4,twohead,164,0.3
4,twohead,647,0.28
4,twohead,487,0.27
4,twohead,435,0.27
4,twohead,172,0.25
4,twohead,171,0.25
4,twohead,159,0.25
4,twohead,240,0.25
4,twohead,623,0.25
4,twohead,196,0.24
4,twohead,197,0.24
4,twohead,178,0.24
4,twohead,177,0.24
4,twohead,174,0.24
4,twohead,181,0.24
4,twohead,193,0.24
4,twohead,179,0.24
4,twohead,599,0.24
4,twohead,180,0.24
4,twohead,559,0.23
4,twohead,612,0.23
4,twohead,353,0.22
4,twohead,354,0.22
4,twohead,352,0.22
4,twohead,355,0.22
4,twohead,351,0.22
4,twohead,530,0.22
4,twohead,531,0.22
4,twohead,540,0.21
4,twohead,537,0.21
4,twohead,538,0.21
4,twohead,629,0.2
4,twohead,300,0.2
4,twohead,301,0.2
4,twohead,302,0.2
4,twohead,348,0.2
4,twohead,349,0.2
4,twohead,625,0.2
4,twohead,554,0.2
4,twohead,62,0.19
4,twohead,361,0.19
4,twohead,363,0.19
4,twohead,615,0.19
4,twohead,65,0.19
4,twohead,63,0.19
4,twohead,66,0.19
4,twohead,461,0.19
4,twohead,365,0.19
4,twohead,555,0.19
4,twohead,360,0.19
4,twohead,199,0.19
4,twohead,35,0.19
4,twohead,573,0.19
4,twohead,651,0.19
4,twohead,359,0.19
4,twohead,641,0.19
4,twohead,326,0.19
4,twohead,252,0.19
4,twohead,251,0.19
4,twohead,650,0.19
4,twohead,228,0.18
4,twohead,610,0.18
4,twohead,333,0.18
4,twohead,256,0.18
4,twohead,58,0.18
4,twohead,59,0.18
4,twohead,587,0.18
4,twohead,227,0.18
4,twohead,603,0.18
4,twohead,386,0.18
4,twohead,192,0.17
4,twohead,232,0.17
4,twohead,234,0.17
4,twohead,3,0.17
4,twohead,191,0.17
4,twohead,189,0.17
4,twohead,2,0.17
4,twohead,187,0.17
4,twohead,231,0.17
4,twohead,235,0.17
4,twohead,494,0.17
4,twohead,495,0.17
4,twohead,382,0.17
4,twohead,497,0.17
4,twohead,380,0.17
4,twohead,307,0.17
4,twohead,303,0.17
4,twohead,317,0.16
4,twohead,468,0.16
4,twohead,590,0.16
4,twohead,272,0.16
4,twohead,322,0.16
4,twohead,83,0.16
4,twohead,111,0.15
4,twohead,444,0.15
4,twohead,273,0.15
4,twohead,443,0.15
4,twohead,442,0.15
4,twohead,275,0.15
4,twohead,633,0.15
4,twohead,6,0.15
4,twohead,274,0.15
4,twohead,392,0.15
4,twohead,276,0.15
4,twohead,80,0.15
4,twohead,394,0.15
4,twohead,5,0.15
4,twohead,614,0.14
4,twohead,509,0.14
4,twohead,510,0.14
4,twohead,511,0.14
4,twohead,620,0.14
4,twohead,508,0.14
4,twohead,507,0.14
4,twohead,141,0.14
4,twohead,505,0.14
4,twohead,500,0.14
4,twohead,414,0.14
4,twohead,147,0.14
4,twohead,560,0.14
4,twohead,205,0.14
4,twohead,648,0.14
4,twohead,220,0.14
4,twohead,413,0.14
4,twohead,325,0.14
4,twohead,344,0.13
4,twohead,604,0.13
4,twohead,342,0.13
4,twohead,448,0.13
4,twohead,479,0.13
4,twohead,451,0.13
4,twohead,630,0.13
4,twohead,477,0.13
4,twohead,609,0.13
4,twohead,475,0.13
4,twohead,107,0.13
4,twohead,117,0.13
4,twohead,470,0.13
4,twohead,118,0.13
4,twohead,341,0.13
4,twohead,120,0.13
4,twohead,613,0.13
4,twohead,476,0.13
4,twohead,284,0.12
4,twohead,92,0.12
4,twohead,416,0.12
4,twohead,85,0.12
4,twohead,318,0.12
4,twohead,561,0.12
4,twohead,383,0.12
4,twohead,370,0.12
4,twohead,632,0.12
4,twohead,225,0.12
4,twohead,637,0.12
4,twohead,30,0.12
4,twohead,38,0.12
4,twohead,39,0.12
4,twohead,528,0.12
4,twohead,606,0.12
4,twohead,324,0.12
4,twohead,373,0.12
4,twohead,374,0.12
4,twohead,376,0.12
4,twohead,378,0.12
4,twohead,310,0.12
4,twohead,311,0.12
4,twohead,312,0.12
4,twohead,314,0.12
4,twohead,319,0.12
4,twohead,571,0.12
4,twohead,278,0.12
4,twohead,602,0.12
4,twohead,150,0.12
4,twohead,152,0.12
4,twohead,425,0.12
4,twohead,424,0.12
4,twohead,139,0.12
4,twohead,137,0.12
4,twohead,143,0.12
4,twohead,146,0.12
4,twohead,283,0.12
4,twohead,298,0.11
4,twohead,299,0.11
4,twohead,550,0.11
4,twohead,466,0.11
4,twohead,654,0.11
4,twohead,546,0.11
4,twohead,27,0.11
4,twohead,78,0.11
4,twohead,77,0.11
4,twohead,636,0.11
4,twohead,626,0.11
4,twohead,653,0.1
4,twohead,410,0.1
4,twohead,245,0.1
4,twohead,628,0.1
4,twohead,582,0.1
4,twohead,270,0.1
4,twohead,266,0.1
4,twohead,21,0.1
4,twohead,55,0.1
4,twohead,400,0.1
4,twohead,169,0.1
4,twohead,168,0.1
4,twohead,409,0.1
4,twohead,408,0.1
4,twohead,407,0.1
4,twohead,402,0.1
4,twohead,404,0.1
4,twohead,170,0.1
4,twohead,517,0.09
4,twohead,218,0.09
4,twohead,513,0.09
4,twohead,219,0.09
4,twohead,601,0.09
4,twohead,518,0.09
4,twohead,521,0.09
4,twohead,524,0.09
4,twohead,221,0.09
4,twohead,217,0.09
4,twohead,216,0.09
4,twohead,441,0.09
4,twohead,652,0.09
4,twohead,639,0.09
4,twohead,624,0.09
4,twohead,215,0.09
4,twohead,440,0.09
4,twohead,208,0.09
4,twohead,213,0.09
4,twohead,23,0.08
4,twohead,489,0.08
4,twohead,485,0.08
4,twohead,24,0.08
4,twohead,103,0.08
4,twohead,484,0.08
4,twohead,645,0.08
4,twohead,100,0.08
4,twohead,22,0.08
4,twohead,133,0.08
4,twohead,20,0.08
4,twohead,99,0.08
4,twohead,121,0.08
4,twohead,18,0.08
4,twohead,122,0.08
4,twohead,126,0.08
4,twohead,128,0.08
4,twohead,132,0.08
4,twohead,134,0.08
4,twohead,340,0.07
4,twohead,297,0.07
4,twohead,296,0.07
4,twohead,292,0.07
4,twohead,293,0.07
4,twohead,294,0.07
4,twohead,291,0.07
4,twohead,288,0.07
4,twohead,618,0.06
4,twohead,434,0.06
4,twohead,433,0.06
4,twohead,436,0.06
4,twohead,437,0.06
4,twohead,438,0.06
4,twohead,631,0.06
4,twohead,458,0.06
4,twohead,431,0.06
4,twohead,158,0.06
4,twohead,430,0.06
4,twohead,101,0.06
4,twohead,131,0.06
4,twohead,163,0.06
4,twohead,44,0.05
4,twohead,53,0.05
4,twohead,50,0.05
4,twohead,49,0.05
4,twohead,48,0.05
4,twohead,607,0.05
4,position_specific,115,5.24
4,position_specific,198,5.09
4,position_specific,165,5.07
4,position_specific,4,4.97
4,position_specific,1,4.92
4,position_specific,28,4.89
4,position_specific,109,4.81
4,position_specific,250,4.8
4,position_specific,249,4.76
4,position_specific,226,4.64
4,position_specific,114,4.51
4,position_specific,379,4.43
4,position_specific,384,4.39
4,position_specific,567,4.39
4,position_specific,564,4.36
4,position_specific,26,4.35
4,position_specific,597,4.32
4,position_specific,350,4.3
4,position_specific,346,4.26
4,position_specific,496,4.22
4,position_specific,82,4.21
4,position_specific,110,4.18
4,position_specific,10,4.14
4,position_specific,412,4.14
4,position_specific,467,4.1
4,position_specific,464,4.09
4,position_specific,572,4.01
4,position_specific,258,3.94
4,position_specific,68,3.92
4,position_specific,569,3.91
4,position_specific,277,3.81
4,position_specific,504,3.79
4,position_specific,305,3.79
4,position_specific,391,3.73
4,position_specific,411,3.73
4,position_specific,8,3.72
4,position_specific,529,3.71
4,position_specific,388,3.69
4,position_specific,390,3.69
4,position_specific,393,3.68
4,position_specific,204,3.67
4,position_specific,588,3.66
4,position_specific,259,3.65
4,position_specific,57,3.62
4,position_specific,79,3.62
4,position_specific,472,3.56
4,position_specific,330,3.5
4,position_specific,385,3.49
4,position_specific,306,3.45
4,position_specific,362,3.43
4,position_specific,295,3.42
4,position_specific,282,3.4
4,position_specific,106,3.37
4,position_specific,60,3.37
4,position_specific,643,3.36
4,position_specific,473,3.36
4,position_specific,423,3.36
4,position_specific,358,3.34
4,position_specific,224,3.33
4,position_specific,37,3.24
4,position_specific,116,3.23
4,position_specific,173,3.23
4,position_specific,449,3.23
4,position_specific,12,3.21
4,position_specific,264,3.2
4,position_specific,586,3.2
4,position_specific,397,3.18
4,position_specific,202,3.18
4,position_specific,257,3.18
4,position_specific,552,3.18
4,position_specific,254,3.18
4,position_specific,233,3.16
4,position_specific,236,3.1
4,position_specific,229,3.1
4,position_specific,474,3.1
4,position_specific,36,3.1
4,position_specific,316,3.08
4,position_specific,203,3.08
4,position_specific,279,3.07
4,position_specific,175,3.07
4,position_specific,15,3.06
4,position_specific,64,3.06
4,position_specific,304,3.03
4,position_specific,200,3.03
4,position_specific,426,3.02
4,position_specific,445,2.99
4,position_specific,242,2.99
4,position_specific,332,2.97
4,position_specific,127,2.97
4,position_specific,492,2.97
4,position_specific,176,2.93
4,position_specific,138,2.92
4,position_specific,356,2.92
4,position_specific,61,2.92
4,position_specific,566,2.91
4,position_specific,142,2.89
4,position_specific,145,2.89
4,position_specific,237,2.89
4,position_specific,553,2.87
4,position_specific,347,2.86
4,position_specific,112,2.85
4,position_specific,469,2.85
4,position_specific,269,2.83
4,position_specific,418,2.83
4,position_specific,334,2.82
4,position_specific,544,2.82
4,position_specific,40,2.8
4,position_specific,167,2.8
4,position_specific,439,2.76
4,position_specific,67,2.72
4,position_specific,253,2.71
4,position_specific,366,2.7
4,position_specific,399,2.68
4,position_specific,166,2.67
4,position_specific,230,2.66
4,position_specific,182,2.65
4,position_specific,536,2.65
4,position_specific,398,2.65
4,position_specific,367,2.64
4,position_specific,268,2.64
4,position_specific,401,2.64
4,position_specific,427,2.62
4,position_specific,593,2.62
4,position_specific,534,2.6
4,position_specific,591,2.57
4,position_specific,148,2.57
4,position_specific,545,2.54
4,position_specific,86,2.53
4,position_specific,153,2.53
4,position_specific,419,2.53
4,position_specific,501,2.52
4,position_specific,261,2.52
4,position_specific,579,2.52
4,position_specific,124,2.51
4,position_specific,31,2.5
4,position_specific,87,2.5
4,position_specific,471,2.49
4,position_specific,481,2.46
4,position_specific,88,2.46
4,position_specific,454,2.46
4,position_specific,156,2.45
4,position_specific,557,2.44
4,position_specific,598,2.43
4,position_specific,649,2.43
4,position_specific,499,2.42
4,position_specific,533,2.41
4,position_specific,151,2.39
4,position_specific,429,2.37
4,position_specific,32,2.37
4,position_specific,144,2.36
4,position_specific,447,2.33
4,position_specific,503,2.31
4,position_specific,486,2.31
4,position_specific,113,2.3
4,position_specific,570,2.29
4,position_specific,244,2.28
4,position_specific,417,2.28
4,position_specific,315,2.27
4,position_specific,491,2.26
4,position_specific,532,2.25
4,position_specific,70,2.24
4,position_specific,84,2.23
4,position_specific,541,2.22
4,position_specific,96,2.19
4,position_specific,368,2.19
4,position_specific,211,2.19
4,position_specific,290,2.18
4,position_specific,154,2.17
4,position_specific,94,2.16
4,position_specific,605,2.16
4,position_specific,11,2.16
4,position_specific,13,2.16
4,position_specific,247,2.1
4,position_specific,271,2.09
4,position_specific,255,2.08
4,position_specific,119,2.08
4,position_specific,161,2.08
4,position_specific,453,2.07
4,position_specific,43,2.04
4,position_specific,387,2.04
4,position_specific,428,2.04
4,position_specific,183,2.03
4,position_specific,195,2.03
4,position_specific,514,2.0
4,position_specific,125,2.0
4,position_specific,46,2.0
4,position_specific,201,2.0
4,position_specific,585,1.98
4,position_specific,69,1.98
4,position_specific,51,1.97
4,position_specific,286,1.97
4,position_specific,480,1.97
4,position_specific,98,1.97
4,position_specific,214,1.96
4,position_specific,465,1.95
4,position_specific,357,1.95
4,position_specific,280,1.94
4,position_specific,41,1.94
4,position_specific,345,1.92
4,position_specific,210,1.9
4,position_specific,562,1.9
4,position_specific,460,1.89
4,position_specific,335,1.89
4,position_specific,184,1.89
4,position_specific,542,1.84
4,position_specific,377,1.8
4,position_specific,7,1.79
4,position_specific,246,1.79
4,position_specific,558,1.78
4,position_specific,129,1.75
4,position_specific,456,1.75
4,position_specific,498,1.73
4,position_specific,516,1.71
4,position_specific,372,1.71
4,position_specific,331,1.7
4,position_specific,551,1.7
4,position_specific,619,1.7
4,position_specific,592,1.68
4,position_specific,506,1.68
4,position_specific,329,1.64
4,position_specific,95,1.64
4,position_specific,502,1.62
4,position_specific,267,1.62
4,position_specific,222,1.6
4,position_specific,483,1.59
4,position_specific,149,1.59
4,position_specific,93,1.58
4,position_specific,459,1.55
4,position_specific,155,1.55
4,position_specific,223,1.54
4,position_specific,265,1.53
4,position_specific,239,1.5
4,position_specific,327,1.49
4,position_specific,395,1.49
4,position_specific,33,1.47
4,position_specific,320,1.47
4,position_specific,640,1.47
4,position_specific,580,1.47
4,position_specific,47,1.47
4,position_specific,371,1.46
4,position_specific,194,1.46
4,position_specific,9,1.46
4,position_specific,45,1.44
4,position_specific,313,1.44
4,position_specific,338,1.43
4,position_specific,576,1.41
4,position_specific,589,1.4
4,position_specific,432,1.4
4,position_specific,455,1.39
4,position_specific,209,1.37
4,position_specific,405,1.35
4,position_specific,644,1.33
4,position_specific,190,1.33
4,position_specific,140,1.33
4,position_specific,526,1.32
4,position_specific,594,1.3
4,position_specific,105,1.3
4,position_specific,565,1.29
4,position_specific,490,1.28
4,position_specific,415,1.27
4,position_specific,635,1.27
4,position_specific,336,1.25
4,position_specific,260,1.24
4,position_specific,91,1.24
4,position_specific,634,1.23
4,position_specific,287,1.2
4,position_specific,123,1.19
4,position_specific,108,1.19
4,position_specific,248,1.18
4,position_specific,463,1.17
4,position_specific,577,1.16
4,position_specific,596,1.16
4,position_specific,90,1.13
4,position_specific,207,1.13
4,position_specific,309,1.11
4,position_specific,575,1.11
4,position_specific,73,1.09
4,position_specific,527,1.08
4,position_specific,56,1.08
4,position_specific,337,1.07
4,position_specific,583,1.05
4,position_specific,97,1.05
4,position_specific,420,1.03
4,position_specific,29,1.03
4,position_specific,611,1.03
4,position_specific,642,1.02
4,position_specific,627,1.02
4,position_specific,71,1.01
4,position_specific,389,1.01
4,position_specific,638,1.0
4,position_specific,543,0.98
4,position_specific,523,0.95
4,position_specific,102,0.95
4,position_specific,525,0.94
4,position_specific,519,0.92
4,position_specific,19,0.92
4,position_specific,403,0.91
4,position_specific,206,0.91
4,position_specific,281,0.91
4,position_specific,16,0.89
4,position_specific,328,0.88
4,position_specific,162,0.87
4,position_specific,512,0.87
4,position_specific,308,0.87
4,position_specific,104,0.87
4,position_specific,539,0.86
4,position_specific,285,0.82
4,position_specific,478,0.82
4,position_specific,396,0.81
4,position_specific,587,0.8
4,position_specific,494,0.8
4,position_specific,495,0.8
4,position_specific,386,0.8
4,position_specific,252,0.8
4,position_specific,251,0.8
4,position_specific,497,0.8
4,position_specific,522,0.79
4,position_specific,238,0.79
4,position_specific,622,0.77
4,position_specific,422,0.76
4,position_specific,136,0.76
4,position_specific,34,0.76
4,position_specific,130,0.75
4,position_specific,442,0.74
4,position_specific,535,0.74
4,position_specific,443,0.74
4,position_specific,616,0.74
4,position_specific,444,0.74
4,position_specific,111,0.72
4,position_specific,186,0.72
4,position_specific,617,0.72
4,position_specific,488,0.72
4,position_specific,560,0.71
4,position_specific,141,0.71
4,position_specific,581,0.71
4,position_specific,364,0.71
4,position_specific,323,0.7
4,position_specific,369,0.7
4,position_specific,160,0.7
4,position_specific,262,0.7
4,position_specific,414,0.69
4,position_specific,325,0.69
4,position_specific,273,0.69
4,position_specific,42,0.69
4,position_specific,413,0.69
4,position_specific,3,0.69
4,position_specific,274,0.69
4,position_specific,275,0.69
4,position_specific,462,0.69
4,position_specific,2,0.69
4,position_specific,276,0.69
4,position_specific,321,0.68
4,position_specific,171,0.68
4,position_specific,241,0.68
4,position_specific,172,0.68
4,position_specific,556,0.68
4,position_specific,421,0.68
4,position_specific,608,0.68
4,position_specific,289,0.68
4,position_specific,623,0.68
4,position_specific,450,0.68
4,position_specific,468,0.66
4,position_specific,590,0.66
4,position_specific,25,0.66
4,position_specific,554,0.66
4,position_specific,300,0.66
4,position_specific,302,0.66
4,position_specific,301,0.66
4,position_specific,17,0.65
4,position_specific,89,0.65
4,position_specific,227,0.65
4,position_specific,228,0.65
4,position_specific,531,0.64
4,position_specific,530,0.64
4,position_specific,83,0.63
4,position_specific,199,0.63
4,position_specific,74,0.63
4,position_specific,555,0.63
4,position_specific,58,0.62
4,position_specific,169,0.62
4,position_specific,59,0.62
4,position_specific,168,0.62
4,position_specific,170,0.62
4,position_specific,584,0.62
4,position_specific,446,0.62
4,position_specific,317,0.62
4,position_specific,563,0.62
4,position_specific,615,0.62
4,position_specific,646,0.62
4,position_specific,52,0.62
4,position_specific,322,0.62
4,position_specific,493,0.62
4,position_specific,382,0.61
4,position_specific,380,0.61
4,position_specific,185,0.6
4,position_specific,354,0.6
4,position_specific,351,0.6
4,position_specific,352,0.6
4,position_specific,353,0.6
4,position_specific,355,0.6
4,position_specific,137,0.59
4,position_specific,139,0.59
4,position_specific,14,0.59
4,position_specific,582,0.57
4,position_specific,55,0.57
4,position_specific,457,0.57
4,position_specific,651,0.57
4,position_specific,157,0.57
4,position_specific,81,0.56
4,position_specific,225,0.56
4,position_specific,212,0.55
4,position_specific,549,0.55
4,position_specific,326,0.55
4,position_specific,600,0.55
4,position_specific,515,0.55
4,position_specific,625,0.55
4,position_specific,629,0.55
4,position_specific,528,0.54
4,position_specific,406,0.54
4,position_specific,375,0.53
4,position_specific,107,0.53
4,position_specific,595,0.53
4,position_specific,578,0.52
4,position_specific,27,0.52
4,position_specific,548,0.51
4,position_specific,637,0.51
4,position_specific,632,0.51
4,position_specific,348,0.51
4,position_specific,80,0.51
4,position_specific,349,0.51
4,position_specific,298,0.51
4,position_specific,299,0.51
4,position_specific,263,0.51
4,position_specific,5,0.5
4,position_specific,6,0.5
4,position_specific,54,0.5
4,position_specific,188,0.5
4,position_specific,452,0.49
4,position_specific,647,0.49
4,position_specific,196,0.48
4,position_specific,520,0.48
4,position_specific,381,0.48
4,position_specific,599,0.48
4,position_specific,197,0.48
4,position_specific,193,0.48
4,position_specific,466,0.47
4,position_specific,440,0.46
4,position_specific,441,0.46
4,position_specific,76,0.46
4,position_specific,75,0.46
4,position_specific,343,0.46
4,position_specific,231,0.45
4,position_specific,234,0.45
4,position_specific,235,0.45
4,position_specific,72,0.45
4,position_specific,232,0.45
4,position_specific,35,0.45
4,position_specific,243,0.44
4,position_specific,303,0.43
4,position_specific,307,0.43
4,position_specific,559,0.43
4,position_specific,272,0.43
4,position_specific,118,0.42
4,position_specific,394,0.42
4,position_specific,117,0.42
4,position_specific,392,0.42
4,position_specific,614,0.42
4,position_specific,120,0.42
4,position_specific,547,0.42
4,position_specific,159,0.41
4,position_specific,621,0.41
4,position_specific,135,0.4
4,position_specific,435,0.4
4,position_specific,650,0.4
4,position_specific,633,0.4
4,position_specific,610,0.4
4,position_specific,256,0.4
4,position_specific,205,0.4
4,position_specific,220,0.4
4,position_specific,361,0.36
4,position_specific,359,0.36
4,position_specific,363,0.36
4,position_specific,461,0.36
4,position_specific,360,0.36
4,position_specific,365,0.36
4,position_specific,574,0.36
4,position_specific,164,0.36
4,position_specific,482,0.36
4,position_specific,240,0.36
4,position_specific,180,0.35
4,position_specific,181,0.35
4,position_specific,179,0.35
4,position_specific,568,0.35
4,position_specific,416,0.35
4,position_specific,174,0.35
4,position_specific,339,0.35
4,position_specific,178,0.35
4,position_specific,425,0.35
4,position_specific,177,0.35
4,position_specific,424,0.35
4,position_specific,451,0.34
4,position_specific,470,0.34
4,position_specific,475,0.34
4,position_specific,448,0.34
4,position_specific,476,0.34
4,position_specific,477,0.34
4,position_specific,479,0.34
4,position_specific,487,0.34
4,position_specific,609,0.34
4,position_specific,284,0.33
4,position_specific,283,0.33
4,position_specific,278,0.33
4,position_specific,63,0.32
4,position_specific,612,0.32
4,position_specific,540,0.32
4,position_specific,573,0.32
4,position_specific,333,0.32
4,position_specific,538,0.32
4,position_specific,537,0.32
4,position_specific,603,0.32
4,position_specific,66,0.32
4,position_specific,62,0.32
4,position_specific,641,0.32
4,position_specific,65,0.32
4,position_specific,92,0.31
4,position_specific,620,0.31
4,position_specific,85,0.31
4,position_specific,146,0.29
4,position_specific,505,0.29
4,position_specific,143,0.29
4,position_specific,606,0.29
4,position_specific,147,0.29
4,position_specific,39,0.29
4,position_specific,38,0.29
4,position_specific,561,0.29
4,position_specific,500,0.29
4,position_specific,508,0.29
4,position_specific,30,0.29
4,position_specific,510,0.29
4,position_specific,507,0.29
4,position_specific,152,0.29
4,position_specific,511,0.29
4,position_specific,150,0.29
4,position_specific,509,0.29
4,position_specific,630,0.29
4,position_specific,21,0.27
4,position_specific,654,0.27
4,position_specific,245,0.27
4,position_specific,189,0.26
4,position_specific,24,0.26
4,position_specific,23,0.26
4,position_specific,22,0.26
4,position_specific,20,0.26
4,position_specific,288,0.26
4,position_specific,18,0.26
4,position_specific,293,0.26
4,position_specific,340,0.26
4,position_specific,192,0.26
4,position_specific,458,0.26
4,position_specific,292,0.26
4,position_specific,645,0.26
4,position_specific,187,0.26
4,position_specific,296,0.26
4,position_specific,291,0.26
4,position_specific,294,0.26
4,position_specific,297,0.26
4,position_specific,191,0.26
4,position_specific,78,0.25
4,position_specific,216,0.25
4,position_specific,489,0.25
4,position_specific,218,0.25
4,position_specific,219,0.25
4,position_specific,208,0.25
4,position_specific,485,0.25
4,position_specific,484,0.25
4,position_specific,221,0.25
4,position_specific,215,0.25
4,position_specific,213,0.25
4,position_specific,77,0.25
4,position_specific,217,0.25
4,position_specific,517,0.24
4,position_specific,158,0.24
4,position_specific,513,0.24
4,position_specific,518,0.24
4,position_specific,546,0.24
4,position_specific,521,0.24
4,position_specific,524,0.24
4,position_specific,324,0.24
4,position_specific,163,0.24
4,position_specific,613,0.24
4,position_specific,601,0.24
4,position_specific,101,0.24
4,position_specific,571,0.24
4,position_specific,438,0.24
4,position_specific,437,0.24
4,position_specific,436,0.24
4,position_specific,434,0.24
4,position_specific,433,0.24
4,position_specific,431,0.24
4,position_specific,430,0.24
4,position_specific,602,0.24
4,position_specific,631,0.24
4,position_specific,99,0.24
4,position_specific,409,0.24
4,position_specific,653,0.24
4,position_specific,400,0.24
4,position_specific,402,0.24
4,position_specific,404,0.24
4,position_specific,407,0.24
4,position_specific,408,0.24
4,position_specific,410,0.24
4,position_specific,550,0.24
4,position_specific,628,0.24
4,position_specific,311,0.24
4,position_specific,607,0.24
4,position_specific,103,0.24
4,position_specific,314,0.24
4,position_specific,312,0.24
4,position_specific,310,0.24
4,position_specific,636,0.24
4,position_specific,53,0.24
4,position_specific,626,0.24
4,position_specific,618,0.24
4,position_specific,131,0.24
4,position_specific,100,0.24
4,position_specific,266,0.24
4,position_specific,44,0.24
4,position_specific,48,0.24
4,position_specific,270,0.24
4,position_specific,49,0.24
4,position_specific,50,0.24
4,position_specific,319,0.24
4,position_specific,318,0.24
4,position_specific,383,0.23
4,position_specific,342,0.23
4,position_specific,378,0.23
4,position_specific,128,0.23
4,position_specific,341,0.23
4,position_specific,134,0.23
4,position_specific,604,0.23
4,position_specific,126,0.23
4,position_specific,648,0.23
4,position_specific,652,0.23
4,position_specific,122,0.23
4,position_specific,121,0.23
4,position_specific,639,0.23
4,position_specific,624,0.23
4,position_specific,133,0.23
4,position_specific,376,0.23
4,position_specific,344,0.23
4,position_specific,374,0.23
4,position_specific,373,0.23
4,position_specific,370,0.23
4,position_specific,132,0.23
4,config_d,426,3.8
4,config_d,399,3.58
4,config_d,411,3.3
4,config_d,567,3.22
4,config_d,106,3.17
4,config_d,12,3.16
4,config_d,572,3.14
4,config_d,154,3.13
4,config_d,15,3.1
4,config_d,165,3.09
4,config_d,264,3.04
4,config_d,26,3.03
4,config_d,198,2.99
4,config_d,1,2.99
4,config_d,226,2.98
4,config_d,384,2.97
4,config_d,109,2.92
4,config_d,68,2.91
4,config_d,204,2.89
4,config_d,28,2.88
4,config_d,40,2.87
4,config_d,127,2.86
4,config_d,250,2.85
4,config_d,385,2.85
4,config_d,124,2.83
4,config_d,427,2.8
4,config_d,115,2.79
4,config_d,249,2.79
4,config_d,569,2.78
4,config_d,564,2.75
4,config_d,397,2.72
4,config_d,4,2.7
4,config_d,533,2.7
4,config_d,544,2.69
4,config_d,230,2.69
4,config_d,82,2.68
4,config_d,379,2.68
4,config_d,649,2.66
4,config_d,597,2.65
4,config_d,258,2.63
4,config_d,305,2.63
4,config_d,86,2.63
4,config_d,350,2.62
4,config_d,529,2.62
4,config_d,557,2.61
4,config_d,532,2.61
4,config_d,346,2.6
4,config_d,412,2.59
4,config_d,277,2.59
4,config_d,504,2.59
4,config_d,261,2.58
4,config_d,449,2.58
4,config_d,591,2.57
4,config_d,57,2.56
4,config_d,116,2.54
4,config_d,237,2.54
4,config_d,447,2.53
4,config_d,398,2.52
4,config_d,643,2.51
4,config_d,166,2.51
4,config_d,279,2.51
4,config_d,13,2.5
4,config_d,60,2.5
4,config_d,586,2.49
4,config_d,268,2.49
4,config_d,536,2.48
4,config_d,295,2.47
4,config_d,605,2.46
4,config_d,8,2.46
4,config_d,467,2.46
4,config_d,390,2.46
4,config_d,110,2.45
4,config_d,545,2.45
4,config_d,233,2.45
4,config_d,202,2.45
4,config_d,334,2.45
4,config_d,156,2.45
4,config_d,464,2.45
4,config_d,214,2.43
4,config_d,338,2.43
4,config_d,393,2.42
4,config_d,242,2.42
4,config_d,454,2.41
4,config_d,236,2.41
4,config_d,368,2.39
4,config_d,553,2.35
4,config_d,290,2.35
4,config_d,96,2.34
4,config_d,98,2.33
4,config_d,114,2.32
4,config_d,542,2.31
4,config_d,474,2.31
4,config_d,423,2.31
4,config_d,391,2.31
4,config_d,210,2.31
4,config_d,481,2.3
4,config_d,282,2.3
4,config_d,229,2.29
4,config_d,366,2.28
4,config_d,598,2.28
4,config_d,200,2.27
4,config_d,244,2.27
4,config_d,211,2.27
4,config_d,480,2.25
4,config_d,471,2.25
4,config_d,304,2.23
4,config_d,280,2.23
4,config_d,429,2.23
4,config_d,94,2.23
4,config_d,367,2.21
4,config_d,10,2.21
4,config_d,67,2.19
4,config_d,552,2.19
4,config_d,445,2.18
4,config_d,79,2.18
4,config_d,570,2.18
4,config_d,259,2.17
4,config_d,401,2.17
4,config_d,472,2.17
4,config_d,486,2.17
4,config_d,388,2.16
4,config_d,496,2.16
4,config_d,453,2.15
4,config_d,332,2.15
4,config_d,87,2.14
4,config_d,455,2.14
4,config_d,69,2.13
4,config_d,182,2.13
4,config_d,469,2.1
4,config_d,503,2.1
4,config_d,551,2.1
4,config_d,183,2.09
4,config_d,315,2.09
4,config_d,145,2.08
4,config_d,148,2.08
4,config_d,428,2.08
4,config_d,70,2.08
4,config_d,335,2.08
4,config_d,203,2.07
4,config_d,593,2.07
4,config_d,112,2.07
4,config_d,514,2.07
4,config_d,257,2.06
4,config_d,432,2.06
4,config_d,566,2.06
4,config_d,418,2.05
4,config_d,47,2.04
4,config_d,316,2.03
4,config_d,362,2.03
4,config_d,36,2.03
4,config_d,286,2.02
4,config_d,541,2.02
4,config_d,483,2.02
4,config_d,61,2.02
4,config_d,565,2.02
4,config_d,173,2.02
4,config_d,417,2.01
4,config_d,41,1.99
4,config_d,330,1.99
4,config_d,175,1.99
4,config_d,7,1.97
4,config_d,579,1.97
4,config_d,460,1.96
4,config_d,356,1.94
4,config_d,45,1.92
4,config_d,155,1.92
4,config_d,267,1.9
4,config_d,246,1.9
4,config_d,492,1.89
4,config_d,377,1.89
4,config_d,247,1.88
4,config_d,176,1.88
4,config_d,184,1.88
4,config_d,499,1.88
4,config_d,138,1.88
4,config_d,534,1.87
4,config_d,254,1.86
4,config_d,153,1.85
4,config_d,306,1.84
4,config_d,129,1.82
4,config_d,224,1.81
4,config_d,46,1.81
4,config_d,588,1.79
4,config_d,419,1.78
4,config_d,161,1.78
4,config_d,31,1.78
4,config_d,358,1.76
4,config_d,37,1.76
4,config_d,64,1.76
4,config_d,51,1.75
4,config_d,313,1.75
4,config_d,473,1.75
4,config_d,43,1.74
4,config_d,619,1.73
4,config_d,253,1.72
4,config_d,562,1.71
4,config_d,113,1.71
4,config_d,327,1.69
4,config_d,142,1.67
4,config_d,88,1.65
4,config_d,501,1.64
4,config_d,589,1.64
4,config_d,580,1.63
4,config_d,459,1.62
4,config_d,123,1.61
4,config_d,33,1.58
4,config_d,91,1.58
4,config_d,269,1.57
4,config_d,345,1.57
4,config_d,372,1.56
4,config_d,644,1.55
4,config_d,32,1.55
4,config_d,456,1.53
4,config_d,491,1.53
4,config_d,347,1.52
4,config_d,195,1.52
4,config_d,73,1.49
4,config_d,627,1.49
4,config_d,239,1.49
4,config_d,405,1.49
4,config_d,519,1.48
4,config_d,403,1.47
4,config_d,558,1.46
4,config_d,502,1.45
4,config_d,506,1.45
4,config_d,576,1.44
4,config_d,95,1.44
4,config_d,265,1.44
4,config_d,415,1.44
4,config_d,516,1.42
4,config_d,336,1.42
4,config_d,105,1.4
4,config_d,151,1.38
4,config_d,190,1.38
4,config_d,439,1.37
4,config_d,11,1.35
4,config_d,93,1.33
4,config_d,167,1.31
4,config_d,642,1.3
4,config_d,371,1.29
4,config_d,260,1.25
4,config_d,575,1.24
4,config_d,71,1.24
4,config_d,512,1.23
4,config_d,337,1.21
4,config_d,387,1.21
4,config_d,525,1.18
4,config_d,209,1.17
4,config_d,186,1.16
4,config_d,238,1.15
4,config_d,640,1.15
4,config_d,104,1.15
4,config_d,84,1.13
4,config_d,331,1.1
4,config_d,119,1.08
4,config_d,222,1.07
4,config_d,162,1.06
4,config_d,594,1.06
4,config_d,635,1.05
4,config_d,309,1.04
4,config_d,585,1.04
4,config_d,616,1.04
4,config_d,19,1.04
4,config_d,201,1.03
4,config_d,395,1.02
4,config_d,255,1.0
4,config_d,320,1.0
4,config_d,592,0.99
4,config_d,90,0.97
4,config_d,194,0.96
4,config_d,144,0.95
4,config_d,498,0.95
4,config_d,634,0.95
4,config_d,16,0.94
4,config_d,34,0.93
4,config_d,422,0.92
4,config_d,271,0.91
4,config_d,522,0.91
4,config_d,357,0.91
4,config_d,583,0.87
4,config_d,9,0.87
4,config_d,102,0.85
4,config_d,490,0.82
4,config_d,125,0.82
4,config_d,638,0.81
4,config_d,262,0.8
4,config_d,289,0.79
4,config_d,149,0.77
4,config_d,596,0.77
4,config_d,29,0.76
4,config_d,578,0.75
4,config_d,188,0.74
4,config_d,241,0.74
4,config_d,323,0.74
4,config_d,369,0.73
4,config_d,646,0.73
4,config_d,462,0.73
4,config_d,17,0.73
4,config_d,160,0.72
4,config_d,457,0.72
4,config_d,488,0.72
4,config_d,14,0.7
4,config_d,212,0.69
4,config_d,577,0.69
4,config_d,52,0.66
4,config_d,611,0.66
4,config_d,617,0.63
4,config_d,600,0.62
4,config_d,130,0.6
4,config_d,25,0.6
4,config_d,539,0.59
4,config_d,157,0.59
4,config_d,420,0.59
4,config_d,406,0.59
4,config_d,621,0.58
4,config_d,74,0.58
4,config_d,421,0.57
4,config_d,526,0.57
4,config_d,523,0.57
4,config_d,56,0.54
4,config_d,263,0.52
4,config_d,452,0.51
4,config_d,450,0.51
4,config_d,108,0.5
4,config_d,520,0.5
4,config_d,42,0.5
4,config_d,375,0.49
4,config_d,97,0.49
4,config_d,72,0.48
4,config_d,243,0.48
4,config_d,381,0.46
4,config_d,329,0.46
4,config_d,608,0.46
4,config_d,389,0.46
4,config_d,584,0.45
4,config_d,285,0.45
4,config_d,207,0.45
4,config_d,647,0.44
4,config_d,159,0.43
4,config_d,308,0.43
4,config_d,548,0.42
4,config_d,185,0.42
4,config_d,559,0.42
4,config_d,135,0.41
4,config_d,478,0.41
4,config_d,75,0.41
4,config_d,622,0.4
4,config_d,287,0.4
4,config_d,595,0.38
4,config_d,321,0.38
4,config_d,81,0.38
4,config_d,549,0.38
4,config_d,343,0.37
4,config_d,535,0.37
4,config_d,364,0.37
4,config_d,328,0.37
4,config_d,568,0.37
4,config_d,136,0.37
4,config_d,89,0.37
4,config_d,76,0.36
4,config_d,574,0.36
4,config_d,556,0.36
4,config_d,446,0.35
4,config_d,463,0.35
4,config_d,396,0.35
4,config_d,581,0.35
4,config_d,35,0.34
4,config_d,294,0.34
4,config_d,461,0.34
4,config_d,339,0.34
4,config_d,435,0.34
4,config_d,54,0.33
4,config_d,543,0.33
4,config_d,140,0.33
4,config_d,515,0.33
4,config_d,465,0.32
4,config_d,164,0.32
4,config_d,240,0.31
4,config_d,493,0.31
4,config_d,487,0.31
4,config_d,639,0.3
4,config_d,228,0.29
4,config_d,482,0.28
4,config_d,631,0.27
4,config_d,527,0.27
4,config_d,38,0.23
4,config_d,223,0.22
4,config_d,628,0.21
4,config_d,654,0.2
4,config_d,430,0.2
4,config_d,636,0.2
4,config_d,626,0.2
4,config_d,281,0.2
4,config_d,120,0.19
4,config_d,613,0.19
4,config_d,615,0.19
4,config_d,2,0.19
4,config_d,3,0.19
4,config_d,126,0.19
4,config_d,20,0.19
4,config_d,614,0.19
4,config_d,117,0.19
4,config_d,648,0.19
4,config_d,620,0.19
4,config_d,653,0.19
4,config_d,645,0.19
4,config_d,134,0.18
4,config_d,101,0.18
4,config_d,625,0.18
4,config_d,232,0.18
4,config_d,100,0.18
4,config_d,623,0.18
4,config_d,303,0.18
4,config_d,231,0.18
4,config_d,92,0.18
4,config_d,629,0.18
4,config_d,630,0.17
4,config_d,62,0.17
4,config_d,392,0.17
4,config_d,612,0.17
4,config_d,284,0.17
4,config_d,650,0.17
4,config_d,288,0.17
4,config_d,245,0.17
4,config_d,324,0.17
4,config_d,571,0.17
4,config_d,609,0.17
4,config_d,256,0.17
4,config_d,111,0.17
4,config_d,107,0.17
4,config_d,340,0.17
4,config_d,587,0.16
4,config_d,386,0.16
4,config_d,66,0.16
4,config_d,179,0.16
4,config_d,178,0.16
4,config_d,606,0.16
4,config_d,444,0.16
4,config_d,573,0.16
4,config_d,83,0.16
4,config_d,476,0.16
4,config_d,221,0.16
4,config_d,651,0.16
4,config_d,633,0.16
4,config_d,292,0.16
4,config_d,272,0.16
4,config_d,270,0.16
4,config_d,637,0.16
4,config_d,641,0.16
4,config_d,302,0.16
4,config_d,227,0.16
4,config_d,296,0.16
4,config_d,603,0.16
4,config_d,300,0.16
4,config_d,301,0.16
4,config_d,601,0.15
4,config_d,50,0.15
4,config_d,604,0.15
4,config_d,599,0.15
4,config_d,561,0.15
4,config_d,187,0.15
4,config_d,251,0.15
4,config_d,489,0.15
4,config_d,273,0.15
4,config_d,189,0.15
4,config_d,361,0.15
4,config_d,218,0.15
4,config_d,424,0.15
4,config_d,442,0.15
4,config_d,158,0.15
4,config_d,213,0.15
4,config_d,550,0.15
4,config_d,374,0.15
4,config_d,217,0.15
4,config_d,443,0.15
4,config_d,5,0.15
4,config_d,468,0.14
4,config_d,437,0.14
4,config_d,438,0.14
4,config_d,440,0.14
4,config_d,355,0.14
4,config_d,172,0.14
4,config_d,441,0.14
4,config_d,325,0.14
4,config_d,351,0.14
4,config_d,169,0.14
4,config_d,560,0.14
4,config_d,147,0.14
4,config_d,610,0.14
4,config_d,58,0.14
4,config_d,378,0.14
4,config_d,382,0.14
4,config_d,555,0.14
4,config_d,199,0.14
4,config_d,531,0.14
4,config_d,510,0.14
4,config_d,509,0.14
4,config_d,508,0.14
4,config_d,352,0.14
4,config_d,434,0.14
4,config_d,590,0.14
4,config_d,248,0.13
4,config_d,524,0.13
4,config_d,206,0.12
4,config_d,497,0.12
4,config_d,495,0.12
4,config_d,6,0.11
4,config_d,152,0.11
4,config_d,652,0.1
4,config_d,122,0.08
4,config_d,632,0.07
4,config_d,170,0.07
4,config_d,380,0.06
4,config_d,208,0.06
4,config_d,416,0.06
4,config_d,121,0.05
4,config_d,139,0.05
4,config_d,370,0.05
4,config_d,563,0.05
4,config_d,63,0.04
4,config_d,318,0.04
4,config_d,547,0.04
4,config_d,310,0.04
4,config_d,85,0.04
4,config_d,458,0.04
4,config_d,274,0.03
4,config_d,21,0.03
4,config_d,103,0.03
4,config_d,65,0.03
4,config_d,448,0.03
4,config_d,278,0.03
4,config_d,77,0.03
4,config_d,317,0.02
4,config_d,297,0.02
4,config_d,150,0.02
4,config_d,582,0.02
4,config_d,193,0.02
4,config_d,400,0.02
4,config_d,359,0.02
4,config_d,131,0.01
4,config_d,192,0.01
4,config_d,78,0.01
4,config_d,177,0.01
4,config_d,431,0.01
4,config_d,624,0.01
4,config_d,312,0.0
4,config_d,363,0.0
4,config_d,607,0.0
4,config_d,518,0.0
4,config_d,298,0.0
4,config_d,517,0.0
4,config_d,383,0.0
4,config_d,618,0.0
4,config_d,18,0.0
4,config_d,311,0.0
4,config_d,513,0.0
4,config_d,219,0.0
4,config_d,216,0.0
4,config_d,511,0.0
4,config_d,376,0.0
4,config_d,191,0.0
4,config_d,299,0.0
4,config_d,220,0.0
4,config_d,507,0.0
4,config_d,402,0.0
4,config_d,505,0.0
4,config_d,59,0.0
4,config_d,373,0.0
4,config_d,521,0.0
4,config_d,540,0.0
4,config_d,30,0.0
4,config_d,530,0.0
4,config_d,538,0.0
4,config_d,537,0.0
4,config_d,205,0.0
4,config_d,27,0.0
4,config_d,197,0.0
4,config_d,39,0.0
4,config_d,24,0.0
4,config_d,44,0.0
4,config_d,365,0.0
4,config_d,215,0.0
4,config_d,48,0.0
4,config_d,55,0.0
4,config_d,291,0.0
4,config_d,49,0.0
4,config_d,196,0.0
4,config_d,394,0.0
4,config_d,23,0.0
4,config_d,528,0.0
4,config_d,307,0.0
4,config_d,53,0.0
4,config_d,293,0.0
4,config_d,22,0.0
4,config_d,546,0.0
4,config_d,433,0.0
4,config_d,500,0.0
4,config_d,348,0.0
4,config_d,252,0.0
4,config_d,174,0.0
4,config_d,128,0.0
4,config_d,225,0.0
4,config_d,341,0.0
4,config_d,132,0.0
4,config_d,342,0.0
4,config_d,133,0.0
4,config_d,344,0.0
4,config_d,171,0.0
4,config_d,137,0.0
4,config_d,413,0.0
4,config_d,349,0.0
4,config_d,404,0.0
4,config_d,451,0.0
4,config_d,235,0.0
4,config_d,414,0.0
4,config_d,234,0.0
4,config_d,168,0.0
4,config_d,354,0.0
4,config_d,163,0.0
4,config_d,425,0.0
4,config_d,146,0.0
4,config_d,353,0.0
4,config_d,141,0.0
4,config_d,143,0.0
4,config_d,266,0.0
4,config_d,118,0.0
4,config_d,360,0.0
4,config_d,333,0.0
4,config_d,314,0.0
4,config_d,407,0.0
4,config_d,494,0.0
4,config_d,436,0.0
4,config_d,408,0.0
4,config_d,80,0.0
4,config_d,409,0.0
4,config_d,319,0.0
4,config_d,322,0.0
4,config_d,283,0.0
4,config_d,554,0.0
4,config_d,410,0.0
4,config_d,276,0.0
4,config_d,485,0.0
4,config_d,484,0.0
4,config_d,275,0.0
4,config_d,602,0.0
4,config_d,479,0.0
4,config_d,99,0.0
4,config_d,477,0.0
4,config_d,181,0.0
4,config_d,475,0.0
4,config_d,326,0.0
4,config_d,180,0.0
4,config_d,470,0.0
4,config_d,466,0.0
4,baseline_tweedie,9,1.09
4,baseline_tweedie,160,0.95
4,baseline_tweedie,52,0.88
4,baseline_tweedie,233,0.85
4,baseline_tweedie,34,0.84
4,baseline_tweedie,578,0.82
4,baseline_tweedie,611,0.81
4,baseline_tweedie,596,0.79
4,baseline_tweedie,226,0.76
4,baseline_tweedie,567,0.74
4,baseline_tweedie,646,0.74
4,baseline_tweedie,263,0.72
4,baseline_tweedie,462,0.71
4,baseline_tweedie,384,0.71
4,baseline_tweedie,207,0.7
4,baseline_tweedie,116,0.7
4,baseline_tweedie,304,0.7
4,baseline_tweedie,262,0.69
4,baseline_tweedie,597,0.68
4,baseline_tweedie,548,0.68
4,baseline_tweedie,321,0.67
4,baseline_tweedie,389,0.66
4,baseline_tweedie,393,0.66
4,baseline_tweedie,230,0.65
4,baseline_tweedie,549,0.65
4,baseline_tweedie,457,0.64
4,baseline_tweedie,452,0.63
4,baseline_tweedie,381,0.63
4,baseline_tweedie,212,0.62
4,baseline_tweedie,447,0.61
4,baseline_tweedie,35,0.61
4,baseline_tweedie,306,0.61
4,baseline_tweedie,93,0.6
4,baseline_tweedie,14,0.6
4,baseline_tweedie,56,0.6
4,baseline_tweedie,159,0.6
4,baseline_tweedie,1,0.6
4,baseline_tweedie,11,0.59
4,baseline_tweedie,375,0.58
4,baseline_tweedie,535,0.58
4,baseline_tweedie,478,0.58
4,baseline_tweedie,574,0.57
4,baseline_tweedie,435,0.57
4,baseline_tweedie,445,0.57
4,baseline_tweedie,36,0.56
4,baseline_tweedie,635,0.56
4,baseline_tweedie,564,0.55
4,baseline_tweedie,82,0.55
4,baseline_tweedie,238,0.54
4,baseline_tweedie,25,0.54
4,baseline_tweedie,592,0.54
4,baseline_tweedie,135,0.54
4,baseline_tweedie,259,0.54
4,baseline_tweedie,8,0.53
4,baseline_tweedie,406,0.53
4,baseline_tweedie,621,0.53
4,baseline_tweedie,240,0.53
4,baseline_tweedie,74,0.53
4,baseline_tweedie,593,0.52
4,baseline_tweedie,385,0.52
4,baseline_tweedie,109,0.52
4,baseline_tweedie,496,0.52
4,baseline_tweedie,328,0.51
4,baseline_tweedie,638,0.51
4,baseline_tweedie,420,0.51
4,baseline_tweedie,54,0.51
4,baseline_tweedie,450,0.5
4,baseline_tweedie,267,0.5
4,baseline_tweedie,87,0.5
4,baseline_tweedie,490,0.5
4,baseline_tweedie,16,0.5
4,baseline_tweedie,229,0.5
4,baseline_tweedie,94,0.5
4,baseline_tweedie,4,0.49
4,baseline_tweedie,42,0.49
4,baseline_tweedie,418,0.49
4,baseline_tweedie,419,0.49
4,baseline_tweedie,90,0.49
4,baseline_tweedie,255,0.49
4,baseline_tweedie,616,0.48
4,baseline_tweedie,323,0.48
4,baseline_tweedie,579,0.48
4,baseline_tweedie,556,0.47
4,baseline_tweedie,583,0.47
4,baseline_tweedie,247,0.47
4,baseline_tweedie,482,0.47
4,baseline_tweedie,581,0.47
4,baseline_tweedie,151,0.47
4,baseline_tweedie,388,0.47
4,baseline_tweedie,572,0.46
4,baseline_tweedie,19,0.46
4,baseline_tweedie,334,0.46
4,baseline_tweedie,595,0.46
4,baseline_tweedie,627,0.46
4,baseline_tweedie,257,0.46
4,baseline_tweedie,338,0.46
4,baseline_tweedie,182,0.46
4,baseline_tweedie,584,0.46
4,baseline_tweedie,471,0.45
4,baseline_tweedie,536,0.45
4,baseline_tweedie,194,0.45
4,baseline_tweedie,474,0.45
4,baseline_tweedie,527,0.45
4,baseline_tweedie,268,0.45
4,baseline_tweedie,136,0.45
4,baseline_tweedie,585,0.45
4,baseline_tweedie,248,0.45
4,baseline_tweedie,529,0.45
4,baseline_tweedie,37,0.45
4,baseline_tweedie,520,0.45
4,baseline_tweedie,250,0.45
4,baseline_tweedie,76,0.45
4,baseline_tweedie,371,0.45
4,baseline_tweedie,432,0.45
4,baseline_tweedie,244,0.44
4,baseline_tweedie,350,0.44
4,baseline_tweedie,339,0.44
4,baseline_tweedie,487,0.44
4,baseline_tweedie,647,0.44
4,baseline_tweedie,390,0.44
4,baseline_tweedie,422,0.44
4,baseline_tweedie,396,0.44
4,baseline_tweedie,516,0.44
4,baseline_tweedie,456,0.44
4,baseline_tweedie,277,0.43
4,baseline_tweedie,198,0.43
4,baseline_tweedie,285,0.43
4,baseline_tweedie,469,0.43
4,baseline_tweedie,488,0.42
4,baseline_tweedie,305,0.42
4,baseline_tweedie,446,0.42
4,baseline_tweedie,453,0.42
4,baseline_tweedie,281,0.42
4,baseline_tweedie,522,0.42
4,baseline_tweedie,28,0.41
4,baseline_tweedie,642,0.41
4,baseline_tweedie,467,0.41
4,baseline_tweedie,622,0.41
4,baseline_tweedie,362,0.41
4,baseline_tweedie,164,0.41
4,baseline_tweedie,31,0.41
4,baseline_tweedie,253,0.41
4,baseline_tweedie,206,0.41
4,baseline_tweedie,75,0.41
4,baseline_tweedie,412,0.4
4,baseline_tweedie,533,0.4
4,baseline_tweedie,459,0.4
4,baseline_tweedie,332,0.4
4,baseline_tweedie,337,0.4
4,baseline_tweedie,600,0.4
4,baseline_tweedie,454,0.4
4,baseline_tweedie,539,0.39
4,baseline_tweedie,29,0.39
4,baseline_tweedie,265,0.39
4,baseline_tweedie,364,0.39
4,baseline_tweedie,559,0.39
4,baseline_tweedie,188,0.39
4,baseline_tweedie,175,0.38
4,baseline_tweedie,47,0.38
4,baseline_tweedie,455,0.38
4,baseline_tweedie,377,0.38
4,baseline_tweedie,541,0.38
4,baseline_tweedie,17,0.38
4,baseline_tweedie,580,0.38
4,baseline_tweedie,89,0.38
4,baseline_tweedie,78,0.37
4,baseline_tweedie,185,0.37
4,baseline_tweedie,634,0.37
4,baseline_tweedie,308,0.37
4,baseline_tweedie,200,0.37
4,baseline_tweedie,532,0.37
4,baseline_tweedie,77,0.37
4,baseline_tweedie,449,0.37
4,baseline_tweedie,493,0.37
4,baseline_tweedie,269,0.37
4,baseline_tweedie,594,0.37
4,baseline_tweedie,153,0.37
4,baseline_tweedie,356,0.36
4,baseline_tweedie,279,0.36
4,baseline_tweedie,613,0.36
4,baseline_tweedie,461,0.36
4,baseline_tweedie,640,0.36
4,baseline_tweedie,472,0.36
4,baseline_tweedie,577,0.36
4,baseline_tweedie,113,0.36
4,baseline_tweedie,102,0.36
4,baseline_tweedie,546,0.36
4,baseline_tweedie,144,0.36
4,baseline_tweedie,550,0.36
4,baseline_tweedie,57,0.36
4,baseline_tweedie,551,0.35
4,baseline_tweedie,246,0.35
4,baseline_tweedie,398,0.35
4,baseline_tweedie,498,0.35
4,baseline_tweedie,162,0.35
4,baseline_tweedie,258,0.35
4,baseline_tweedie,649,0.35
4,baseline_tweedie,271,0.35
4,baseline_tweedie,61,0.34
4,baseline_tweedie,65,0.34
4,baseline_tweedie,331,0.34
4,baseline_tweedie,501,0.34
4,baseline_tweedie,62,0.34
4,baseline_tweedie,32,0.34
4,baseline_tweedie,591,0.34
4,baseline_tweedie,568,0.34
4,baseline_tweedie,66,0.34
4,baseline_tweedie,358,0.34
4,baseline_tweedie,515,0.34
4,baseline_tweedie,309,0.34
4,baseline_tweedie,605,0.34
4,baseline_tweedie,586,0.34
4,baseline_tweedie,573,0.34
4,baseline_tweedie,63,0.34
4,baseline_tweedie,483,0.34
4,baseline_tweedie,460,0.33
4,baseline_tweedie,547,0.33
4,baseline_tweedie,280,0.33
4,baseline_tweedie,415,0.33
4,baseline_tweedie,411,0.33
4,baseline_tweedie,598,0.33
4,baseline_tweedie,96,0.33
4,baseline_tweedie,289,0.32
4,baseline_tweedie,286,0.32
4,baseline_tweedie,464,0.32
4,baseline_tweedie,458,0.32
4,baseline_tweedie,335,0.32
4,baseline_tweedie,209,0.32
4,baseline_tweedie,72,0.32
4,baseline_tweedie,451,0.32
4,baseline_tweedie,421,0.32
4,baseline_tweedie,609,0.32
4,baseline_tweedie,264,0.32
4,baseline_tweedie,558,0.32
4,baseline_tweedie,448,0.32
4,baseline_tweedie,119,0.32
4,baseline_tweedie,575,0.32
4,baseline_tweedie,503,0.32
4,baseline_tweedie,73,0.31
4,baseline_tweedie,589,0.31
4,baseline_tweedie,110,0.31
4,baseline_tweedie,296,0.31
4,baseline_tweedie,340,0.31
4,baseline_tweedie,343,0.31
4,baseline_tweedie,291,0.31
4,baseline_tweedie,243,0.31
4,baseline_tweedie,292,0.31
4,baseline_tweedie,315,0.31
4,baseline_tweedie,290,0.31
4,baseline_tweedie,645,0.31
4,baseline_tweedie,297,0.31
4,baseline_tweedie,502,0.31
4,baseline_tweedie,566,0.31
4,baseline_tweedie,288,0.31
4,baseline_tweedie,293,0.31
4,baseline_tweedie,15,0.31
4,baseline_tweedie,294,0.31
4,baseline_tweedie,563,0.31
4,baseline_tweedie,391,0.3
4,baseline_tweedie,173,0.3
4,baseline_tweedie,283,0.3
4,baseline_tweedie,184,0.3
4,baseline_tweedie,512,0.3
4,baseline_tweedie,284,0.3
4,baseline_tweedie,387,0.3
4,baseline_tweedie,138,0.3
4,baseline_tweedie,12,0.3
4,baseline_tweedie,369,0.3
4,baseline_tweedie,347,0.3
4,baseline_tweedie,278,0.3
4,baseline_tweedie,67,0.29
4,baseline_tweedie,466,0.29
4,baseline_tweedie,612,0.29
4,baseline_tweedie,86,0.29
4,baseline_tweedie,540,0.29
4,baseline_tweedie,313,0.29
4,baseline_tweedie,538,0.29
4,baseline_tweedie,71,0.29
4,baseline_tweedie,108,0.29
4,baseline_tweedie,203,0.29
4,baseline_tweedie,537,0.29
4,baseline_tweedie,130,0.29
4,baseline_tweedie,79,0.29
4,baseline_tweedie,426,0.28
4,baseline_tweedie,104,0.28
4,baseline_tweedie,261,0.28
4,baseline_tweedie,91,0.28
4,baseline_tweedie,97,0.28
4,baseline_tweedie,543,0.28
4,baseline_tweedie,33,0.28
4,baseline_tweedie,158,0.28
4,baseline_tweedie,163,0.28
4,baseline_tweedie,101,0.28
4,baseline_tweedie,222,0.28
4,baseline_tweedie,112,0.28
4,baseline_tweedie,145,0.28
4,baseline_tweedie,10,0.28
4,baseline_tweedie,570,0.27
4,baseline_tweedie,210,0.27
4,baseline_tweedie,557,0.27
4,baseline_tweedie,152,0.27
4,baseline_tweedie,146,0.27
4,baseline_tweedie,21,0.27
4,baseline_tweedie,157,0.27
4,baseline_tweedie,143,0.27
4,baseline_tweedie,561,0.27
4,baseline_tweedie,504,0.27
4,baseline_tweedie,176,0.27
4,baseline_tweedie,127,0.27
4,baseline_tweedie,239,0.27
4,baseline_tweedie,98,0.27
4,baseline_tweedie,245,0.27
4,baseline_tweedie,397,0.27
4,baseline_tweedie,654,0.27
4,baseline_tweedie,150,0.27
4,baseline_tweedie,124,0.26
4,baseline_tweedie,125,0.26
4,baseline_tweedie,232,0.26
4,baseline_tweedie,26,0.26
4,baseline_tweedie,235,0.26
4,baseline_tweedie,49,0.26
4,baseline_tweedie,50,0.26
4,baseline_tweedie,48,0.26
4,baseline_tweedie,395,0.26
4,baseline_tweedie,607,0.26
4,baseline_tweedie,631,0.26
4,baseline_tweedie,231,0.26
4,baseline_tweedie,88,0.26
4,baseline_tweedie,234,0.26
4,baseline_tweedie,44,0.26
4,baseline_tweedie,618,0.26
4,baseline_tweedie,168,0.26
4,baseline_tweedie,201,0.26
4,baseline_tweedie,53,0.26
4,baseline_tweedie,169,0.26
4,baseline_tweedie,170,0.26
4,baseline_tweedie,442,0.25
4,baseline_tweedie,64,0.25
4,baseline_tweedie,428,0.25
4,baseline_tweedie,7,0.25
4,baseline_tweedie,13,0.25
4,baseline_tweedie,531,0.25
4,baseline_tweedie,443,0.25
4,baseline_tweedie,444,0.25
4,baseline_tweedie,608,0.25
4,baseline_tweedie,463,0.25
4,baseline_tweedie,336,0.25
4,baseline_tweedie,105,0.25
4,baseline_tweedie,565,0.25
4,baseline_tweedie,530,0.25
4,baseline_tweedie,560,0.25
4,baseline_tweedie,256,0.25
4,baseline_tweedie,295,0.25
4,baseline_tweedie,643,0.25
4,baseline_tweedie,266,0.25
4,baseline_tweedie,51,0.25
4,baseline_tweedie,195,0.25
4,baseline_tweedie,650,0.25
4,baseline_tweedie,636,0.25
4,baseline_tweedie,149,0.25
4,baseline_tweedie,626,0.25
4,baseline_tweedie,617,0.25
4,baseline_tweedie,610,0.25
4,baseline_tweedie,270,0.25
4,baseline_tweedie,141,0.25
4,baseline_tweedie,569,0.25
4,baseline_tweedie,161,0.24
4,baseline_tweedie,241,0.24
4,baseline_tweedie,619,0.24
4,baseline_tweedie,237,0.24
4,baseline_tweedie,316,0.24
4,baseline_tweedie,327,0.24
4,baseline_tweedie,399,0.24
4,baseline_tweedie,282,0.24
4,baseline_tweedie,115,0.24
4,baseline_tweedie,544,0.24
4,baseline_tweedie,166,0.24
4,baseline_tweedie,632,0.23
4,baseline_tweedie,59,0.23
4,baseline_tweedie,221,0.23
4,baseline_tweedie,84,0.23
4,baseline_tweedie,615,0.23
4,baseline_tweedie,236,0.23
4,baseline_tweedie,637,0.23
4,baseline_tweedie,81,0.23
4,baseline_tweedie,219,0.23
4,baseline_tweedie,653,0.23
4,baseline_tweedie,628,0.23
4,baseline_tweedie,68,0.23
4,baseline_tweedie,439,0.23
4,baseline_tweedie,481,0.23
4,baseline_tweedie,410,0.23
4,baseline_tweedie,409,0.23
4,baseline_tweedie,408,0.23
4,baseline_tweedie,407,0.23
4,baseline_tweedie,404,0.23
4,baseline_tweedie,402,0.23
4,baseline_tweedie,400,0.23
4,baseline_tweedie,208,0.23
4,baseline_tweedie,215,0.23
4,baseline_tweedie,216,0.23
4,baseline_tweedie,217,0.23
4,baseline_tweedie,218,0.23
4,baseline_tweedie,213,0.23
4,baseline_tweedie,58,0.23
4,baseline_tweedie,129,0.23
4,baseline_tweedie,311,0.23
4,baseline_tweedie,318,0.23
4,baseline_tweedie,319,0.23
4,baseline_tweedie,114,0.23
4,baseline_tweedie,310,0.23
4,baseline_tweedie,322,0.23
4,baseline_tweedie,324,0.23
4,baseline_tweedie,298,0.23
4,baseline_tweedie,299,0.23
4,baseline_tweedie,314,0.23
4,baseline_tweedie,312,0.23
4,baseline_tweedie,562,0.23
4,baseline_tweedie,571,0.23
4,baseline_tweedie,602,0.23
4,baseline_tweedie,317,0.23
4,baseline_tweedie,274,0.22
4,baseline_tweedie,140,0.22
4,baseline_tweedie,394,0.22
4,baseline_tweedie,510,0.22
4,baseline_tweedie,601,0.22
4,baseline_tweedie,60,0.22
4,baseline_tweedie,509,0.22
4,baseline_tweedie,508,0.22
4,baseline_tweedie,254,0.22
4,baseline_tweedie,518,0.22
4,baseline_tweedie,524,0.22
4,baseline_tweedie,507,0.22
4,baseline_tweedie,41,0.22
4,baseline_tweedie,517,0.22
4,baseline_tweedie,521,0.22
4,baseline_tweedie,275,0.22
4,baseline_tweedie,186,0.22
4,baseline_tweedie,392,0.22
4,baseline_tweedie,588,0.22
4,baseline_tweedie,513,0.22
4,baseline_tweedie,147,0.22
4,baseline_tweedie,273,0.22
4,baseline_tweedie,511,0.22
4,baseline_tweedie,227,0.22
4,baseline_tweedie,500,0.22
4,baseline_tweedie,228,0.22
4,baseline_tweedie,505,0.22
4,baseline_tweedie,276,0.22
4,baseline_tweedie,205,0.21
4,baseline_tweedie,606,0.21
4,baseline_tweedie,214,0.21
4,baseline_tweedie,39,0.21
4,baseline_tweedie,38,0.21
4,baseline_tweedie,379,0.21
4,baseline_tweedie,69,0.21
4,baseline_tweedie,372,0.21
4,baseline_tweedie,330,0.21
4,baseline_tweedie,220,0.21
4,baseline_tweedie,30,0.21
4,baseline_tweedie,576,0.21
4,baseline_tweedie,630,0.21
4,baseline_tweedie,633,0.21
4,baseline_tweedie,427,0.21
4,baseline_tweedie,80,0.21
4,baseline_tweedie,192,0.2
4,baseline_tweedie,27,0.2
4,baseline_tweedie,307,0.2
4,baseline_tweedie,303,0.2
4,baseline_tweedie,534,0.2
4,baseline_tweedie,191,0.2
4,baseline_tweedie,480,0.2
4,baseline_tweedie,189,0.2
4,baseline_tweedie,506,0.2
4,baseline_tweedie,187,0.2
4,baseline_tweedie,644,0.2
4,baseline_tweedie,555,0.2
4,baseline_tweedie,370,0.2
4,baseline_tweedie,45,0.2
4,baseline_tweedie,20,0.2
4,baseline_tweedie,18,0.2
4,baseline_tweedie,260,0.2
4,baseline_tweedie,24,0.2
4,baseline_tweedie,367,0.2
4,baseline_tweedie,368,0.2
4,baseline_tweedie,373,0.2
4,baseline_tweedie,374,0.2
4,baseline_tweedie,22,0.2
4,baseline_tweedie,376,0.2
4,baseline_tweedie,378,0.2
4,baseline_tweedie,383,0.2
4,baseline_tweedie,202,0.2
4,baseline_tweedie,199,0.2
4,baseline_tweedie,23,0.2
4,baseline_tweedie,525,0.19
4,baseline_tweedie,485,0.19
4,baseline_tweedie,484,0.19
4,baseline_tweedie,497,0.19
4,baseline_tweedie,489,0.19
4,baseline_tweedie,429,0.19
4,baseline_tweedie,495,0.19
4,baseline_tweedie,473,0.19
4,baseline_tweedie,494,0.19
4,baseline_tweedie,542,0.19
4,baseline_tweedie,651,0.19
4,baseline_tweedie,100,0.19
4,baseline_tweedie,148,0.19
4,baseline_tweedie,249,0.19
4,baseline_tweedie,46,0.19
4,baseline_tweedie,211,0.19
4,baseline_tweedie,99,0.19
4,baseline_tweedie,43,0.19
4,baseline_tweedie,103,0.19
4,baseline_tweedie,132,0.18
4,baseline_tweedie,363,0.18
4,baseline_tweedie,361,0.18
4,baseline_tweedie,360,0.18
4,baseline_tweedie,359,0.18
4,baseline_tweedie,126,0.18
4,baseline_tweedie,128,0.18
4,baseline_tweedie,242,0.18
4,baseline_tweedie,133,0.18
4,baseline_tweedie,121,0.18
4,baseline_tweedie,134,0.18
4,baseline_tweedie,624,0.18
4,baseline_tweedie,639,0.18
4,baseline_tweedie,519,0.18
4,baseline_tweedie,652,0.18
4,baseline_tweedie,122,0.18
4,baseline_tweedie,365,0.18
4,baseline_tweedie,499,0.18
4,baseline_tweedie,587,0.18
4,baseline_tweedie,5,0.18
4,baseline_tweedie,6,0.18
4,baseline_tweedie,70,0.18
4,baseline_tweedie,85,0.18
4,baseline_tweedie,251,0.18
4,baseline_tweedie,92,0.18
4,baseline_tweedie,106,0.18
4,baseline_tweedie,620,0.18
4,baseline_tweedie,252,0.18
4,baseline_tweedie,155,0.18
4,baseline_tweedie,386,0.18
4,baseline_tweedie,190,0.18
4,baseline_tweedie,204,0.18
4,baseline_tweedie,476,0.17
4,baseline_tweedie,470,0.17
4,baseline_tweedie,329,0.17
4,baseline_tweedie,178,0.17
4,baseline_tweedie,475,0.17
4,baseline_tweedie,179,0.17
4,baseline_tweedie,180,0.17
4,baseline_tweedie,479,0.17
4,baseline_tweedie,181,0.17
4,baseline_tweedie,174,0.17
4,baseline_tweedie,477,0.17
4,baseline_tweedie,177,0.17
4,baseline_tweedie,491,0.17
4,baseline_tweedie,156,0.17
4,baseline_tweedie,353,0.17
4,baseline_tweedie,545,0.17
4,baseline_tweedie,117,0.17
4,baseline_tweedie,118,0.17
4,baseline_tweedie,120,0.17
4,baseline_tweedie,354,0.17
4,baseline_tweedie,355,0.17
4,baseline_tweedie,352,0.17
4,baseline_tweedie,423,0.17
4,baseline_tweedie,523,0.17
4,baseline_tweedie,614,0.17
4,baseline_tweedie,346,0.17
4,baseline_tweedie,351,0.17
4,baseline_tweedie,40,0.16
4,baseline_tweedie,526,0.16
4,baseline_tweedie,403,0.16
4,baseline_tweedie,111,0.16
4,baseline_tweedie,95,0.16
4,baseline_tweedie,552,0.16
4,baseline_tweedie,287,0.16
4,baseline_tweedie,225,0.16
4,baseline_tweedie,300,0.16
4,baseline_tweedie,405,0.16
4,baseline_tweedie,366,0.16
4,baseline_tweedie,345,0.16
4,baseline_tweedie,554,0.16
4,baseline_tweedie,302,0.16
4,baseline_tweedie,301,0.16
4,baseline_tweedie,465,0.16
4,baseline_tweedie,272,0.16
4,baseline_tweedie,131,0.15
4,baseline_tweedie,431,0.15
4,baseline_tweedie,357,0.15
4,baseline_tweedie,438,0.15
4,baseline_tweedie,142,0.15
4,baseline_tweedie,437,0.15
4,baseline_tweedie,514,0.15
4,baseline_tweedie,154,0.15
4,baseline_tweedie,436,0.15
4,baseline_tweedie,434,0.15
4,baseline_tweedie,433,0.15
4,baseline_tweedie,139,0.15
4,baseline_tweedie,137,0.15
4,baseline_tweedie,430,0.15
4,baseline_tweedie,83,0.15
4,baseline_tweedie,582,0.15
4,baseline_tweedie,55,0.15
4,baseline_tweedie,401,0.15
4,baseline_tweedie,2,0.15
4,baseline_tweedie,3,0.15
4,baseline_tweedie,416,0.14
4,baseline_tweedie,425,0.14
4,baseline_tweedie,424,0.14
4,baseline_tweedie,382,0.14
4,baseline_tweedie,380,0.14
4,baseline_tweedie,486,0.14
4,baseline_tweedie,599,0.14
4,baseline_tweedie,528,0.14
4,baseline_tweedie,590,0.14
4,baseline_tweedie,197,0.14
4,baseline_tweedie,196,0.14
4,baseline_tweedie,193,0.14
4,baseline_tweedie,468,0.14
4,baseline_tweedie,342,0.13
4,baseline_tweedie,107,0.13
4,baseline_tweedie,165,0.13
4,baseline_tweedie,333,0.13
4,baseline_tweedie,223,0.13
4,baseline_tweedie,344,0.13
4,baseline_tweedie,603,0.13
4,baseline_tweedie,320,0.13
4,baseline_tweedie,341,0.13
4,baseline_tweedie,553,0.13
4,baseline_tweedie,648,0.13
4,baseline_tweedie,641,0.13
4,baseline_tweedie,604,0.13
4,baseline_tweedie,183,0.12
4,baseline_tweedie,224,0.12
4,baseline_tweedie,123,0.12
4,baseline_tweedie,167,0.11
4,baseline_tweedie,171,0.11
4,baseline_tweedie,623,0.11
4,baseline_tweedie,417,0.11
4,baseline_tweedie,172,0.11
4,baseline_tweedie,441,0.1
4,baseline_tweedie,440,0.1
4,baseline_tweedie,325,0.09
4,baseline_tweedie,326,0.09
4,baseline_tweedie,413,0.09
4,baseline_tweedie,414,0.09
4,baseline_tweedie,629,0.09
4,baseline_tweedie,492,0.09
4,baseline_tweedie,625,0.09
4,baseline_tweedie,349,0.08
4,baseline_tweedie,348,0.08
4,baseline,12,4.69
4,baseline,15,4.65
4,baseline,26,4.23
4,baseline,399,4.22
4,baseline,264,4.14
4,baseline,411,4.03
4,baseline,165,3.71
4,baseline,68,3.52
4,baseline,249,3.51
4,baseline,427,3.4
4,baseline,398,3.22
4,baseline,397,3.2
4,baseline,569,3.12
4,baseline,426,3.09
4,baseline,557,3.09
4,baseline,115,3.08
4,baseline,1,3.08
4,baseline,154,3.05
4,baseline,40,3.04
4,baseline,10,2.98
4,baseline,379,2.96
4,baseline,13,2.86
4,baseline,258,2.84
4,baseline,305,2.82
4,baseline,454,2.82
4,baseline,412,2.76
4,baseline,464,2.71
4,baseline,384,2.7
4,baseline,391,2.63
4,baseline,367,2.62
4,baseline,57,2.61
4,baseline,8,2.6
4,baseline,226,2.59
4,baseline,4,2.53
4,baseline,173,2.52
4,baseline,106,2.51
4,baseline,532,2.5
4,baseline,230,2.48
4,baseline,567,2.44
4,baseline,233,2.43
4,baseline,471,2.42
4,baseline,60,2.4
4,baseline,449,2.39
4,baseline,204,2.36
4,baseline,86,2.36
4,baseline,467,2.35
4,baseline,94,2.34
4,baseline,496,2.34
4,baseline,268,2.34
4,baseline,112,2.33
4,baseline,390,2.32
4,baseline,593,2.32
4,baseline,109,2.29
4,baseline,261,2.28
4,baseline,350,2.25
4,baseline,242,2.25
4,baseline,514,2.24
4,baseline,110,2.23
4,baseline,564,2.22
4,baseline,388,2.22
4,baseline,265,2.19
4,baseline,346,2.17
4,baseline,236,2.17
4,baseline,124,2.16
4,baseline,552,2.16
4,baseline,418,2.14
4,baseline,82,2.13
4,baseline,469,2.11
4,baseline,200,2.11
4,baseline,453,2.1
4,baseline,447,2.09
4,baseline,7,2.05
4,baseline,127,2.04
4,baseline,486,1.97
4,baseline,533,1.95
4,baseline,182,1.93
4,baseline,335,1.92
4,baseline,377,1.92
4,baseline,145,1.91
4,baseline,229,1.91
4,baseline,529,1.9
4,baseline,541,1.89
4,baseline,542,1.89
4,baseline,432,1.87
4,baseline,534,1.86
4,baseline,544,1.86
4,baseline,156,1.86
4,baseline,166,1.85
4,baseline,474,1.85
4,baseline,96,1.85
4,baseline,572,1.85
4,baseline,244,1.85
4,baseline,175,1.84
4,baseline,545,1.8
4,baseline,536,1.78
4,baseline,605,1.78
4,baseline,393,1.77
4,baseline,591,1.77
4,baseline,551,1.76
4,baseline,481,1.76
4,baseline,472,1.74
4,baseline,362,1.73
4,baseline,368,1.7
4,baseline,480,1.7
4,baseline,211,1.69
4,baseline,570,1.67
4,baseline,176,1.67
4,baseline,566,1.65
4,baseline,366,1.65
4,baseline,423,1.64
4,baseline,334,1.64
4,baseline,445,1.64
4,baseline,499,1.63
4,baseline,64,1.63
4,baseline,356,1.6
4,baseline,304,1.6
4,baseline,428,1.59
4,baseline,43,1.59
4,baseline,385,1.58
4,baseline,61,1.57
4,baseline,588,1.57
4,baseline,250,1.56
4,baseline,247,1.56
4,baseline,198,1.56
4,baseline,161,1.56
4,baseline,649,1.55
4,baseline,246,1.54
4,baseline,295,1.54
4,baseline,316,1.53
4,baseline,565,1.53
4,baseline,635,1.53
4,baseline,280,1.52
4,baseline,98,1.52
4,baseline,417,1.48
4,baseline,279,1.48
4,baseline,11,1.47
4,baseline,28,1.46
4,baseline,501,1.46
4,baseline,286,1.45
4,baseline,183,1.44
4,baseline,619,1.43
4,baseline,306,1.43
4,baseline,504,1.42
4,baseline,580,1.42
4,baseline,455,1.42
4,baseline,597,1.41
4,baseline,598,1.41
4,baseline,332,1.41
4,baseline,190,1.41
4,baseline,36,1.41
4,baseline,643,1.41
4,baseline,330,1.39
4,baseline,259,1.38
4,baseline,31,1.38
4,baseline,116,1.37
4,baseline,51,1.36
4,baseline,184,1.36
4,baseline,237,1.35
4,baseline,358,1.34
4,baseline,151,1.34
4,baseline,142,1.34
4,baseline,315,1.31
4,baseline,123,1.31
4,baseline,642,1.3
4,baseline,419,1.28
4,baseline,119,1.27
4,baseline,429,1.26
4,baseline,290,1.26
4,baseline,16,1.26
4,baseline,347,1.26
4,baseline,269,1.26
4,baseline,167,1.25
4,baseline,627,1.25
4,baseline,113,1.25
4,baseline,562,1.24
4,baseline,148,1.24
4,baseline,576,1.24
4,baseline,338,1.24
4,baseline,502,1.24
4,baseline,88,1.23
4,baseline,483,1.23
4,baseline,473,1.23
4,baseline,439,1.22
4,baseline,553,1.22
4,baseline,32,1.2
4,baseline,155,1.19
4,baseline,214,1.18
4,baseline,253,1.16
4,baseline,282,1.16
4,baseline,422,1.15
4,baseline,415,1.15
4,baseline,34,1.14
4,baseline,144,1.13
4,baseline,401,1.12
4,baseline,558,1.12
4,baseline,457,1.11
4,baseline,239,1.11
4,baseline,87,1.1
4,baseline,516,1.1
4,baseline,37,1.1
4,baseline,248,1.09
4,baseline,212,1.09
4,baseline,503,1.08
4,baseline,74,1.07
4,baseline,586,1.07
4,baseline,46,1.07
4,baseline,371,1.05
4,baseline,646,1.05
4,baseline,490,1.05
4,baseline,70,1.04
4,baseline,203,1.04
4,baseline,262,1.03
4,baseline,616,1.03
4,baseline,25,1.03
4,baseline,69,1.03
4,baseline,52,1.03
4,baseline,102,1.02
4,baseline,579,1.02
4,baseline,634,1.01
4,baseline,460,1.01
4,baseline,578,1.01
4,baseline,114,1.0
4,baseline,9,0.99
4,baseline,267,0.99
4,baseline,596,0.97
4,baseline,162,0.97
4,baseline,254,0.96
4,baseline,405,0.96
4,baseline,644,0.96
4,baseline,160,0.96
4,baseline,19,0.95
4,baseline,153,0.95
4,baseline,263,0.95
4,baseline,420,0.93
4,baseline,129,0.93
4,baseline,357,0.93
4,baseline,281,0.92
4,baseline,84,0.91
4,baseline,71,0.91
4,baseline,592,0.91
4,baseline,459,0.9
4,baseline,589,0.9
4,baseline,67,0.9
4,baseline,257,0.9
4,baseline,585,0.9
4,baseline,525,0.89
4,baseline,79,0.88
4,baseline,456,0.88
4,baseline,260,0.87
4,baseline,14,0.87
4,baseline,75,0.87
4,baseline,209,0.87
4,baseline,327,0.87
4,baseline,548,0.86
4,baseline,308,0.86
4,baseline,135,0.86
4,baseline,17,0.85
4,baseline,130,0.85
4,baseline,202,0.85
4,baseline,41,0.84
4,baseline,381,0.84
4,baseline,375,0.84
4,baseline,313,0.84
4,baseline,506,0.83
4,baseline,76,0.83
4,baseline,403,0.83
4,baseline,462,0.83
4,baseline,638,0.83
4,baseline,238,0.83
4,baseline,535,0.82
4,baseline,452,0.82
4,baseline,512,0.82
4,baseline,549,0.81
4,baseline,207,0.81
4,baseline,277,0.81
4,baseline,583,0.81
4,baseline,584,0.81
4,baseline,435,0.81
4,baseline,47,0.8
4,baseline,93,0.8
4,baseline,559,0.8
4,baseline,595,0.8
4,baseline,285,0.79
4,baseline,574,0.79
4,baseline,138,0.79
4,baseline,90,0.79
4,baseline,81,0.79
4,baseline,321,0.78
4,baseline,478,0.77
4,baseline,73,0.77
4,baseline,446,0.77
4,baseline,336,0.77
4,baseline,611,0.77
4,baseline,406,0.77
4,baseline,35,0.76
4,baseline,498,0.76
4,baseline,210,0.76
4,baseline,108,0.76
4,baseline,194,0.75
4,baseline,125,0.75
4,baseline,640,0.75
4,baseline,577,0.75
4,baseline,608,0.74
4,baseline,56,0.74
4,baseline,222,0.74
4,baseline,488,0.74
4,baseline,450,0.74
4,baseline,364,0.74
4,baseline,159,0.74
4,baseline,323,0.74
4,baseline,54,0.73
4,baseline,600,0.73
4,baseline,42,0.73
4,baseline,621,0.73
4,baseline,185,0.73
4,baseline,647,0.73
4,baseline,461,0.73
4,baseline,543,0.73
4,baseline,339,0.72
4,baseline,164,0.72
4,baseline,556,0.72
4,baseline,389,0.72
4,baseline,492,0.72
4,baseline,328,0.71
4,baseline,45,0.71
4,baseline,72,0.71
4,baseline,240,0.71
4,baseline,186,0.7
4,baseline,24,0.7
4,baseline,613,0.7
4,baseline,300,0.7
4,baseline,302,0.7
4,baseline,303,0.7
4,baseline,307,0.7
4,baseline,515,0.7
4,baseline,59,0.7
4,baseline,58,0.7
4,baseline,301,0.7
4,baseline,568,0.7
4,baseline,546,0.7
4,baseline,23,0.7
4,baseline,550,0.7
4,baseline,615,0.7
4,baseline,22,0.7
4,baseline,20,0.7
4,baseline,530,0.7
4,baseline,531,0.7
4,baseline,554,0.7
4,baseline,18,0.7
4,baseline,201,0.69
4,baseline,63,0.69
4,baseline,65,0.69
4,baseline,413,0.69
4,baseline,414,0.69
4,baseline,594,0.69
4,baseline,540,0.69
4,baseline,62,0.69
4,baseline,78,0.69
4,baseline,538,0.69
4,baseline,537,0.69
4,baseline,66,0.69
4,baseline,325,0.69
4,baseline,188,0.69
4,baseline,612,0.69
4,baseline,77,0.69
4,baseline,573,0.69
4,baseline,343,0.69
4,baseline,491,0.69
4,baseline,623,0.68
4,baseline,416,0.68
4,baseline,171,0.68
4,baseline,571,0.68
4,baseline,425,0.68
4,baseline,424,0.68
4,baseline,91,0.68
4,baseline,602,0.68
4,baseline,131,0.68
4,baseline,133,0.68
4,baseline,134,0.68
4,baseline,199,0.68
4,baseline,205,0.68
4,baseline,235,0.68
4,baseline,324,0.68
4,baseline,430,0.68
4,baseline,221,0.68
4,baseline,3,0.68
4,baseline,80,0.68
4,baseline,128,0.68
4,baseline,636,0.68
4,baseline,626,0.68
4,baseline,555,0.68
4,baseline,126,0.68
4,baseline,270,0.68
4,baseline,633,0.68
4,baseline,266,0.68
4,baseline,21,0.68
4,baseline,122,0.68
4,baseline,227,0.68
4,baseline,228,0.68
4,baseline,121,0.68
4,baseline,6,0.68
4,baseline,5,0.68
4,baseline,231,0.68
4,baseline,654,0.68
4,baseline,232,0.68
4,baseline,624,0.68
4,baseline,245,0.68
4,baseline,2,0.68
4,baseline,220,0.68
4,baseline,219,0.68
4,baseline,639,0.68
4,baseline,319,0.68
4,baseline,318,0.68
4,baseline,431,0.68
4,baseline,314,0.68
4,baseline,132,0.68
4,baseline,312,0.68
4,baseline,311,0.68
4,baseline,310,0.68
4,baseline,208,0.68
4,baseline,213,0.68
4,baseline,433,0.68
4,baseline,234,0.68
4,baseline,434,0.68
4,baseline,617,0.68
4,baseline,215,0.68
4,baseline,216,0.68
4,baseline,217,0.68
4,baseline,436,0.68
4,baseline,437,0.68
4,baseline,438,0.68
4,baseline,652,0.68
4,baseline,218,0.68
4,baseline,172,0.68
4,baseline,487,0.67
4,baseline,191,0.67
4,baseline,581,0.67
4,baseline,482,0.67
4,baseline,189,0.67
4,baseline,187,0.67
4,baseline,251,0.67
4,baseline,252,0.67
4,baseline,181,0.67
4,baseline,180,0.67
4,baseline,179,0.67
4,baseline,458,0.67
4,baseline,178,0.67
4,baseline,177,0.67
4,baseline,192,0.67
4,baseline,443,0.67
4,baseline,442,0.67
4,baseline,174,0.67
4,baseline,444,0.67
4,baseline,451,0.66
4,baseline,448,0.66
4,baseline,609,0.66
4,baseline,651,0.66
4,baseline,120,0.66
4,baseline,614,0.66
4,baseline,149,0.66
4,baseline,29,0.66
4,baseline,118,0.66
4,baseline,117,0.66
4,baseline,111,0.66
4,baseline,256,0.66
4,baseline,610,0.66
4,baseline,650,0.66
4,baseline,273,0.65
4,baseline,575,0.65
4,baseline,463,0.65
4,baseline,645,0.65
4,baseline,340,0.65
4,baseline,89,0.65
4,baseline,274,0.65
4,baseline,276,0.65
4,baseline,297,0.65
4,baseline,296,0.65
4,baseline,294,0.65
4,baseline,293,0.65
4,baseline,27,0.65
4,baseline,292,0.65
4,baseline,291,0.65
4,baseline,275,0.65
4,baseline,288,0.65
4,baseline,494,0.64
4,baseline,500,0.64
4,baseline,497,0.64
4,baseline,495,0.64
4,baseline,289,0.64
4,baseline,147,0.64
4,baseline,284,0.64
4,baseline,493,0.64
4,baseline,225,0.64
4,baseline,278,0.64
4,baseline,505,0.64
4,baseline,383,0.64
4,baseline,507,0.64
4,baseline,513,0.64
4,baseline,378,0.64
4,baseline,376,0.64
4,baseline,374,0.64
4,baseline,373,0.64
4,baseline,372,0.64
4,baseline,370,0.64
4,baseline,601,0.64
4,baseline,524,0.64
4,baseline,508,0.64
4,baseline,518,0.64
4,baseline,517,0.64
4,baseline,521,0.64
4,baseline,283,0.64
4,baseline,355,0.64
4,baseline,354,0.64
4,baseline,511,0.64
4,baseline,510,0.64
4,baseline,351,0.64
4,baseline,352,0.64
4,baseline,353,0.64
4,baseline,509,0.64
4,baseline,48,0.63
4,baseline,137,0.63
4,baseline,33,0.63
4,baseline,139,0.63
4,baseline,44,0.63
4,baseline,197,0.63
4,baseline,49,0.63
4,baseline,50,0.63
4,baseline,196,0.63
4,baseline,607,0.63
4,baseline,618,0.63
4,baseline,631,0.63
4,baseline,272,0.63
4,baseline,243,0.63
4,baseline,193,0.63
4,baseline,53,0.63
4,baseline,599,0.63
4,baseline,441,0.63
4,baseline,365,0.63
4,baseline,440,0.63
4,baseline,363,0.63
4,baseline,337,0.63
4,baseline,317,0.63
4,baseline,359,0.63
4,baseline,361,0.63
4,baseline,360,0.63
4,baseline,322,0.63
4,baseline,341,0.62
4,baseline,484,0.62
4,baseline,485,0.62
4,baseline,489,0.62
4,baseline,342,0.62
4,baseline,590,0.62
4,baseline,539,0.62
4,baseline,630,0.62
4,baseline,344,0.62
4,baseline,604,0.62
4,baseline,625,0.62
4,baseline,629,0.62
4,baseline,606,0.62
4,baseline,648,0.62
4,baseline,39,0.62
4,baseline,105,0.62
4,baseline,466,0.62
4,baseline,38,0.62
4,baseline,30,0.62
4,baseline,326,0.62
4,baseline,468,0.62
4,baseline,141,0.61
4,baseline,380,0.61
4,baseline,637,0.61
4,baseline,470,0.61
4,baseline,622,0.61
4,baseline,101,0.61
4,baseline,632,0.61
4,baseline,603,0.61
4,baseline,563,0.61
4,baseline,299,0.61
4,baseline,298,0.61
4,baseline,641,0.61
4,baseline,136,0.61
4,baseline,560,0.61
4,baseline,333,0.61
4,baseline,97,0.61
4,baseline,158,0.61
4,baseline,163,0.61
4,baseline,475,0.61
4,baseline,206,0.61
4,baseline,382,0.61
4,baseline,476,0.61
4,baseline,477,0.61
4,baseline,479,0.61
4,baseline,522,0.6
4,baseline,519,0.6
4,baseline,407,0.6
4,baseline,402,0.6
4,baseline,628,0.6
4,baseline,653,0.6
4,baseline,528,0.6
4,baseline,404,0.6
4,baseline,408,0.6
4,baseline,409,0.6
4,baseline,410,0.6
4,baseline,150,0.6
4,baseline,104,0.6
4,baseline,55,0.6
4,baseline,143,0.6
4,baseline,146,0.6
4,baseline,152,0.6
4,baseline,157,0.6
4,baseline,561,0.6
4,baseline,400,0.6
4,baseline,582,0.6
4,baseline,396,0.6
4,baseline,103,0.59
4,baseline,386,0.59
4,baseline,241,0.59
4,baseline,92,0.59
4,baseline,83,0.59
4,baseline,85,0.59
4,baseline,520,0.59
4,baseline,620,0.59
4,baseline,99,0.59
4,baseline,587,0.59
4,baseline,100,0.59
4,baseline,394,0.58
4,baseline,392,0.58
4,baseline,349,0.57
4,baseline,107,0.57
4,baseline,348,0.57
4,baseline,168,0.56
4,baseline,421,0.56
4,baseline,169,0.56
4,baseline,170,0.56
4,baseline,140,0.55
4,baseline,369,0.53
4,baseline,547,0.53
4,baseline,271,0.52
4,baseline,523,0.52
4,baseline,309,0.51
4,baseline,387,0.51
4,baseline,527,0.5
4,baseline,223,0.47
4,baseline,95,0.45
4,baseline,255,0.45
4,baseline,465,0.44
4,baseline,224,0.4
4,baseline,287,0.39
4,baseline,395,0.34
4,baseline,195,0.34
4,baseline,329,0.33
4,baseline,345,0.32
4,baseline,526,0.31
4,baseline,320,0.24
4,baseline,331,0.23
4,twohead,249,4.07
4,twohead,1,3.96
4,twohead,26,3.9
4,twohead,109,3.79
4,twohead,96,3.77
4,twohead,428,3.44
4,twohead,464,3.39
4,twohead,597,3.38
4,twohead,350,3.37
4,twohead,567,3.34
4,twohead,295,3.32
4,twohead,552,3.3
4,twohead,362,3.28
4,twohead,110,3.26
4,twohead,427,3.24
4,twohead,57,3.24
4,twohead,533,3.21
4,twohead,514,3.11
4,twohead,250,3.1
4,twohead,13,3.09
4,twohead,226,3.08
4,twohead,496,3.08
4,twohead,557,3.02
4,twohead,384,3.01
4,twohead,564,3.01
4,twohead,332,3.01
4,twohead,569,3.01
4,twohead,45,3.0
4,twohead,242,3.0
4,twohead,492,2.99
4,twohead,40,2.97
4,twohead,230,2.97
4,twohead,579,2.95
4,twohead,412,2.92
4,twohead,156,2.91
4,twohead,529,2.86
4,twohead,4,2.82
4,twohead,79,2.8
4,twohead,366,2.76
4,twohead,82,2.74
4,twohead,10,2.74
4,twohead,467,2.72
4,twohead,12,2.66
4,twohead,233,2.63
4,twohead,356,2.61
4,twohead,377,2.6
4,twohead,28,2.59
4,twohead,236,2.58
4,twohead,429,2.58
4,twohead,68,2.57
4,twohead,46,2.56
4,twohead,385,2.56
4,twohead,553,2.56
4,twohead,316,2.55
4,twohead,358,2.54
4,twohead,649,2.53
4,twohead,544,2.52
4,twohead,41,2.48
4,twohead,286,2.48
4,twohead,183,2.48
4,twohead,198,2.47
4,twohead,453,2.47
4,twohead,397,2.46
4,twohead,335,2.46
4,twohead,112,2.43
4,twohead,67,2.42
4,twohead,334,2.42
4,twohead,551,2.41
4,twohead,591,2.41
4,twohead,346,2.41
4,twohead,261,2.4
4,twohead,247,2.4
4,twohead,368,2.4
4,twohead,460,2.38
4,twohead,372,2.38
4,twohead,516,2.36
4,twohead,173,2.35
4,twohead,367,2.32
4,twohead,239,2.32
4,twohead,432,2.31
4,twohead,47,2.31
4,twohead,8,2.31
4,twohead,534,2.3
4,twohead,195,2.29
4,twohead,290,2.27
4,twohead,545,2.26
4,twohead,69,2.25
4,twohead,244,2.24
4,twohead,619,2.24
4,twohead,267,2.23
4,twohead,542,2.22
4,twohead,43,2.22
4,twohead,398,2.22
4,twohead,246,2.21
4,twohead,138,2.21
4,twohead,338,2.2
4,twohead,190,2.19
4,twohead,315,2.19
4,twohead,503,2.18
4,twohead,229,2.16
4,twohead,70,2.15
4,twohead,7,2.14
4,twohead,480,2.14
4,twohead,37,2.14
4,twohead,481,2.14
4,twohead,161,2.13
4,twohead,61,2.13
4,twohead,390,2.13
4,twohead,184,2.13
4,twohead,277,2.12
4,twohead,454,2.09
4,twohead,36,2.08
4,twohead,280,2.08
4,twohead,165,2.06
4,twohead,532,2.06
4,twohead,116,2.04
4,twohead,94,2.04
4,twohead,541,2.03
4,twohead,449,2.02
4,twohead,154,2.02
4,twohead,499,2.01
4,twohead,106,2.0
4,twohead,593,1.99
4,twohead,417,1.99
4,twohead,214,1.98
4,twohead,224,1.98
4,twohead,439,1.98
4,twohead,33,1.97
4,twohead,447,1.97
4,twohead,166,1.96
4,twohead,259,1.96
4,twohead,455,1.94
4,twohead,391,1.94
4,twohead,562,1.94
4,twohead,426,1.94
4,twohead,175,1.93
4,twohead,51,1.93
4,twohead,282,1.93
4,twohead,327,1.92
4,twohead,304,1.92
4,twohead,114,1.89
4,twohead,87,1.88
4,twohead,176,1.86
4,twohead,570,1.86
4,twohead,572,1.86
4,twohead,237,1.82
4,twohead,86,1.81
4,twohead,211,1.81
4,twohead,445,1.79
4,twohead,644,1.79
4,twohead,200,1.78
4,twohead,73,1.78
4,twohead,536,1.78
4,twohead,486,1.77
4,twohead,474,1.77
4,twohead,558,1.76
4,twohead,254,1.76
4,twohead,91,1.76
4,twohead,98,1.75
4,twohead,95,1.74
4,twohead,265,1.74
4,twohead,399,1.73
4,twohead,566,1.73
4,twohead,31,1.71
4,twohead,469,1.71
4,twohead,279,1.7
4,twohead,491,1.69
4,twohead,330,1.68
4,twohead,336,1.68
4,twohead,153,1.67
4,twohead,576,1.67
4,twohead,471,1.67
4,twohead,371,1.65
4,twohead,264,1.65
4,twohead,337,1.65
4,twohead,411,1.64
4,twohead,483,1.64
4,twohead,32,1.63
4,twohead,459,1.63
4,twohead,182,1.62
4,twohead,148,1.61
4,twohead,456,1.61
4,twohead,194,1.61
4,twohead,586,1.61
4,twohead,271,1.6
4,twohead,268,1.59
4,twohead,269,1.59
4,twohead,401,1.58
4,twohead,419,1.57
4,twohead,525,1.56
4,twohead,565,1.56
4,twohead,379,1.54
4,twohead,393,1.54
4,twohead,405,1.54
4,twohead,588,1.53
4,twohead,504,1.53
4,twohead,627,1.52
4,twohead,127,1.51
4,twohead,105,1.5
4,twohead,580,1.5
4,twohead,186,1.5
4,twohead,331,1.5
4,twohead,643,1.48
4,twohead,345,1.47
4,twohead,104,1.47
4,twohead,598,1.46
4,twohead,589,1.45
4,twohead,260,1.45
4,twohead,119,1.45
4,twohead,257,1.43
4,twohead,357,1.42
4,twohead,130,1.42
4,twohead,472,1.4
4,twohead,605,1.38
4,twohead,11,1.38
4,twohead,124,1.37
4,twohead,473,1.36
4,twohead,210,1.36
4,twohead,222,1.35
4,twohead,258,1.35
4,twohead,305,1.35
4,twohead,313,1.35
4,twohead,347,1.34
4,twohead,203,1.34
4,twohead,423,1.33
4,twohead,418,1.32
4,twohead,575,1.31
4,twohead,64,1.3
4,twohead,71,1.29
4,twohead,253,1.29
4,twohead,9,1.28
4,twohead,519,1.27
4,twohead,306,1.25
4,twohead,142,1.24
4,twohead,592,1.24
4,twohead,97,1.23
4,twohead,506,1.23
4,twohead,60,1.23
4,twohead,640,1.22
4,twohead,15,1.21
4,twohead,415,1.19
4,twohead,209,1.19
4,twohead,202,1.17
4,twohead,155,1.16
4,twohead,502,1.12
4,twohead,145,1.09
4,twohead,388,1.09
4,twohead,596,1.08
4,twohead,387,1.08
4,twohead,539,1.06
4,twohead,167,1.06
4,twohead,634,1.05
4,twohead,638,1.05
4,twohead,238,1.04
4,twohead,512,1.03
4,twohead,329,1.02
4,twohead,151,1.01
4,twohead,93,1.01
4,twohead,129,0.99
4,twohead,125,0.99
4,twohead,113,0.99
4,twohead,262,0.98
4,twohead,52,0.98
4,twohead,642,0.97
4,twohead,19,0.95
4,twohead,465,0.94
4,twohead,115,0.94
4,twohead,16,0.94
4,twohead,403,0.93
4,twohead,90,0.91
4,twohead,501,0.9
4,twohead,369,0.89
4,twohead,144,0.89
4,twohead,17,0.89
4,twohead,646,0.88
4,twohead,583,0.87
4,twohead,201,0.86
4,twohead,364,0.86
4,twohead,56,0.86
4,twohead,255,0.86
4,twohead,102,0.85
4,twohead,84,0.85
4,twohead,123,0.84
4,twohead,188,0.84
4,twohead,395,0.83
4,twohead,185,0.83
4,twohead,88,0.82
4,twohead,309,0.81
4,twohead,608,0.81
4,twohead,616,0.8
4,twohead,140,0.8
4,twohead,323,0.8
4,twohead,523,0.78
4,twohead,389,0.76
4,twohead,204,0.76
4,twohead,320,0.76
4,twohead,584,0.76
4,twohead,72,0.75
4,twohead,14,0.75
4,twohead,420,0.74
4,twohead,422,0.73
4,twohead,381,0.73
4,twohead,543,0.72
4,twohead,535,0.71
4,twohead,577,0.71
4,twohead,526,0.71
4,twohead,490,0.7
4,twohead,223,0.7
4,twohead,149,0.69
4,twohead,594,0.69
4,twohead,34,0.69
4,twohead,375,0.69
4,twohead,74,0.69
4,twohead,611,0.68
4,twohead,241,0.66
4,twohead,29,0.66
4,twohead,248,0.64
4,twohead,343,0.64
4,twohead,135,0.63
4,twohead,162,0.63
4,twohead,578,0.62
4,twohead,635,0.61
4,twohead,206,0.61
4,twohead,160,0.6
4,twohead,522,0.59
4,twohead,308,0.59
4,twohead,585,0.58
4,twohead,478,0.58
4,twohead,600,0.58
4,twohead,498,0.57
4,twohead,328,0.57
4,twohead,488,0.56
4,twohead,515,0.56
4,twohead,421,0.56
4,twohead,520,0.55
4,twohead,42,0.54
4,twohead,406,0.53
4,twohead,243,0.53
4,twohead,25,0.53
4,twohead,108,0.52
4,twohead,207,0.52
4,twohead,527,0.52
4,twohead,281,0.52
4,twohead,81,0.52
4,twohead,339,0.51
4,twohead,287,0.51
4,twohead,75,0.51
4,twohead,321,0.5
4,twohead,263,0.5
4,twohead,157,0.5
4,twohead,457,0.49
4,twohead,452,0.49
4,twohead,212,0.48
4,twohead,396,0.48
4,twohead,54,0.48
4,twohead,463,0.47
4,twohead,622,0.46
4,twohead,581,0.44
4,twohead,563,0.44
4,twohead,568,0.42
4,twohead,617,0.42
4,twohead,462,0.42
4,twohead,289,0.41
4,twohead,621,0.41
4,twohead,76,0.4
4,twohead,547,0.4
4,twohead,549,0.4
4,twohead,595,0.37
4,twohead,446,0.37
4,twohead,136,0.36
4,twohead,285,0.36
4,twohead,574,0.36
4,twohead,450,0.35
4,twohead,89,0.34
4,twohead,556,0.33
4,twohead,548,0.31
4,twohead,493,0.31
4,twohead,482,0.31
4,twohead,164,0.3
4,twohead,647,0.28
4,twohead,487,0.27
4,twohead,435,0.27
4,twohead,172,0.25
4,twohead,171,0.25
4,twohead,159,0.25
4,twohead,240,0.25
4,twohead,623,0.25
4,twohead,196,0.24
4,twohead,197,0.24
4,twohead,178,0.24
4,twohead,177,0.24
4,twohead,174,0.24
4,twohead,181,0.24
4,twohead,193,0.24
4,twohead,179,0.24
4,twohead,599,0.24
4,twohead,180,0.24
4,twohead,559,0.23
4,twohead,612,0.23
4,twohead,353,0.22
4,twohead,354,0.22
4,twohead,352,0.22
4,twohead,355,0.22
4,twohead,351,0.22
4,twohead,530,0.22
4,twohead,531,0.22
4,twohead,540,0.21
4,twohead,537,0.21
4,twohead,538,0.21
4,twohead,629,0.2
4,twohead,300,0.2
4,twohead,301,0.2
4,twohead,302,0.2
4,twohead,348,0.2
4,twohead,349,0.2
4,twohead,625,0.2
4,twohead,554,0.2
4,twohead,62,0.19
4,twohead,361,0.19
4,twohead,363,0.19
4,twohead,615,0.19
4,twohead,65,0.19
4,twohead,63,0.19
4,twohead,66,0.19
4,twohead,461,0.19
4,twohead,365,0.19
4,twohead,555,0.19
4,twohead,360,0.19
4,twohead,199,0.19
4,twohead,35,0.19
4,twohead,573,0.19
4,twohead,651,0.19
4,twohead,359,0.19
4,twohead,641,0.19
4,twohead,326,0.19
4,twohead,252,0.19
4,twohead,251,0.19
4,twohead,650,0.19
4,twohead,228,0.18
4,twohead,610,0.18
4,twohead,333,0.18
4,twohead,256,0.18
4,twohead,58,0.18
4,twohead,59,0.18
4,twohead,587,0.18
4,twohead,227,0.18
4,twohead,603,0.18
4,twohead,386,0.18
4,twohead,192,0.17
4,twohead,232,0.17
4,twohead,234,0.17
4,twohead,3,0.17
4,twohead,191,0.17
4,twohead,189,0.17
4,twohead,2,0.17
4,twohead,187,0.17
4,twohead,231,0.17
4,twohead,235,0.17
4,twohead,494,0.17
4,twohead,495,0.17
4,twohead,382,0.17
4,twohead,497,0.17
4,twohead,380,0.17
4,twohead,307,0.17
4,twohead,303,0.17
4,twohead,317,0.16
4,twohead,468,0.16
4,twohead,590,0.16
4,twohead,272,0.16
4,twohead,322,0.16
4,twohead,83,0.16
4,twohead,111,0.15
4,twohead,444,0.15
4,twohead,273,0.15
4,twohead,443,0.15
4,twohead,442,0.15
4,twohead,275,0.15
4,twohead,633,0.15
4,twohead,6,0.15
4,twohead,274,0.15
4,twohead,392,0.15
4,twohead,276,0.15
4,twohead,80,0.15
4,twohead,394,0.15
4,twohead,5,0.15
4,twohead,614,0.14
4,twohead,509,0.14
4,twohead,510,0.14
4,twohead,511,0.14
4,twohead,620,0.14
4,twohead,508,0.14
4,twohead,507,0.14
4,twohead,141,0.14
4,twohead,505,0.14
4,twohead,500,0.14
4,twohead,414,0.14
4,twohead,147,0.14
4,twohead,560,0.14
4,twohead,205,0.14
4,twohead,648,0.14
4,twohead,220,0.14
4,twohead,413,0.14
4,twohead,325,0.14
4,twohead,344,0.13
4,twohead,604,0.13
4,twohead,342,0.13
4,twohead,448,0.13
4,twohead,479,0.13
4,twohead,451,0.13
4,twohead,630,0.13
4,twohead,477,0.13
4,twohead,609,0.13
4,twohead,475,0.13
4,twohead,107,0.13
4,twohead,117,0.13
4,twohead,470,0.13
4,twohead,118,0.13
4,twohead,341,0.13
4,twohead,120,0.13
4,twohead,613,0.13
4,twohead,476,0.13
4,twohead,284,0.12
4,twohead,92,0.12
4,twohead,416,0.12
4,twohead,85,0.12
4,twohead,318,0.12
4,twohead,561,0.12
4,twohead,383,0.12
4,twohead,370,0.12
4,twohead,632,0.12
4,twohead,225,0.12
4,twohead,637,0.12
4,twohead,30,0.12
4,twohead,38,0.12
4,twohead,39,0.12
4,twohead,528,0.12
4,twohead,606,0.12
4,twohead,324,0.12
4,twohead,373,0.12
4,twohead,374,0.12
4,twohead,376,0.12
4,twohead,378,0.12
4,twohead,310,0.12
4,twohead,311,0.12
4,twohead,312,0.12
4,twohead,314,0.12
4,twohead,319,0.12
4,twohead,571,0.12
4,twohead,278,0.12
4,twohead,602,0.12
4,twohead,150,0.12
4,twohead,152,0.12
4,twohead,425,0.12
4,twohead,424,0.12
4,twohead,139,0.12
4,twohead,137,0.12
4,twohead,143,0.12
4,twohead,146,0.12
4,twohead,283,0.12
4,twohead,298,0.11
4,twohead,299,0.11
4,twohead,550,0.11
4,twohead,466,0.11
4,twohead,654,0.11
4,twohead,546,0.11
4,twohead,27,0.11
4,twohead,78,0.11
4,twohead,77,0.11
4,twohead,636,0.11
4,twohead,626,0.11
4,twohead,653,0.1
4,twohead,410,0.1
4,twohead,245,0.1
4,twohead,628,0.1
4,twohead,582,0.1
4,twohead,270,0.1
4,twohead,266,0.1
4,twohead,21,0.1
4,twohead,55,0.1
4,twohead,400,0.1
4,twohead,169,0.1
4,twohead,168,0.1
4,twohead,409,0.1
4,twohead,408,0.1
4,twohead,407,0.1
4,twohead,402,0.1
4,twohead,404,0.1
4,twohead,170,0.1
4,twohead,517,0.09
4,twohead,218,0.09
4,twohead,513,0.09
4,twohead,219,0.09
4,twohead,601,0.09
4,twohead,518,0.09
4,twohead,521,0.09
4,twohead,524,0.09
4,twohead,221,0.09
4,twohead,217,0.09
4,twohead,216,0.09
4,twohead,441,0.09
4,twohead,652,0.09
4,twohead,639,0.09
4,twohead,624,0.09
4,twohead,215,0.09
4,twohead,440,0.09
4,twohead,208,0.09
4,twohead,213,0.09
4,twohead,23,0.08
4,twohead,489,0.08
4,twohead,485,0.08
4,twohead,24,0.08
4,twohead,103,0.08
4,twohead,484,0.08
4,twohead,645,0.08
4,twohead,100,0.08
4,twohead,22,0.08
4,twohead,133,0.08
4,twohead,20,0.08
4,twohead,99,0.08
4,twohead,121,0.08
4,twohead,18,0.08
4,twohead,122,0.08
4,twohead,126,0.08
4,twohead,128,0.08
4,twohead,132,0.08
4,twohead,134,0.08
4,twohead,340,0.07
4,twohead,297,0.07
4,twohead,296,0.07
4,twohead,292,0.07
4,twohead,293,0.07
4,twohead,294,0.07
4,twohead,291,0.07
4,twohead,288,0.07
4,twohead,618,0.06
4,twohead,434,0.06
4,twohead,433,0.06
4,twohead,436,0.06
4,twohead,437,0.06
4,twohead,438,0.06
4,twohead,631,0.06
4,twohead,458,0.06
4,twohead,431,0.06
4,twohead,158,0.06
4,twohead,430,0.06
4,twohead,101,0.06
4,twohead,131,0.06
4,twohead,163,0.06
4,twohead,44,0.05
4,twohead,53,0.05
4,twohead,50,0.05
4,twohead,49,0.05
4,twohead,48,0.05
4,twohead,607,0.05
4,position_specific,115,5.24
4,position_specific,198,5.09
4,position_specific,165,5.07
4,position_specific,4,4.97
4,position_specific,1,4.92
4,position_specific,28,4.89
4,position_specific,109,4.81
4,position_specific,250,4.8
4,position_specific,249,4.76
4,position_specific,226,4.64
4,position_specific,114,4.51
4,position_specific,379,4.43
4,position_specific,384,4.39
4,position_specific,567,4.39
4,position_specific,564,4.36
4,position_specific,26,4.35
4,position_specific,597,4.32
4,position_specific,350,4.3
4,position_specific,346,4.26
4,position_specific,496,4.22
4,position_specific,82,4.21
4,position_specific,110,4.18
4,position_specific,10,4.14
4,position_specific,412,4.14
4,position_specific,467,4.1
4,position_specific,464,4.09
4,position_specific,572,4.01
4,position_specific,258,3.94
4,position_specific,68,3.92
4,position_specific,569,3.91
4,position_specific,277,3.81
4,position_specific,504,3.79
4,position_specific,305,3.79
4,position_specific,391,3.73
4,position_specific,411,3.73
4,position_specific,8,3.72
4,position_specific,529,3.71
4,position_specific,388,3.69
4,position_specific,390,3.69
4,position_specific,393,3.68
4,position_specific,204,3.67
4,position_specific,588,3.66
4,position_specific,259,3.65
4,position_specific,57,3.62
4,position_specific,79,3.62
4,position_specific,472,3.56
4,position_specific,330,3.5
4,position_specific,385,3.49
4,position_specific,306,3.45
4,position_specific,362,3.43
4,position_specific,295,3.42
4,position_specific,282,3.4
4,position_specific,106,3.37
4,position_specific,60,3.37
4,position_specific,643,3.36
4,position_specific,473,3.36
4,position_specific,423,3.36
4,position_specific,358,3.34
4,position_specific,224,3.33
4,position_specific,37,3.24
4,position_specific,116,3.23
4,position_specific,173,3.23
4,position_specific,449,3.23
4,position_specific,12,3.21
4,position_specific,264,3.2
4,position_specific,586,3.2
4,position_specific,397,3.18
4,position_specific,202,3.18
4,position_specific,257,3.18
4,position_specific,552,3.18
4,position_specific,254,3.18
4,position_specific,233,3.16
4,position_specific,236,3.1
4,position_specific,229,3.1
4,position_specific,474,3.1
4,position_specific,36,3.1
4,position_specific,316,3.08
4,position_specific,203,3.08
4,position_specific,279,3.07
4,position_specific,175,3.07
4,position_specific,15,3.06
4,position_specific,64,3.06
4,position_specific,304,3.03
4,position_specific,200,3.03
4,position_specific,426,3.02
4,position_specific,445,2.99
4,position_specific,242,2.99
4,position_specific,332,2.97
4,position_specific,127,2.97
4,position_specific,492,2.97
4,position_specific,176,2.93
4,position_specific,138,2.92
4,position_specific,356,2.92
4,position_specific,61,2.92
4,position_specific,566,2.91
4,position_specific,142,2.89
4,position_specific,145,2.89
4,position_specific,237,2.89
4,position_specific,553,2.87
4,position_specific,347,2.86
4,position_specific,112,2.85
4,position_specific,469,2.85
4,position_specific,269,2.83
4,position_specific,418,2.83
4,position_specific,334,2.82
4,position_specific,544,2.82
4,position_specific,40,2.8
4,position_specific,167,2.8
4,position_specific,439,2.76
4,position_specific,67,2.72
4,position_specific,253,2.71
4,position_specific,366,2.7
4,position_specific,399,2.68
4,position_specific,166,2.67
4,position_specific,230,2.66
4,position_specific,182,2.65
4,position_specific,536,2.65
4,position_specific,398,2.65
4,position_specific,367,2.64
4,position_specific,268,2.64
4,position_specific,401,2.64
4,position_specific,427,2.62
4,position_specific,593,2.62
4,position_specific,534,2.6
4,position_specific,591,2.57
4,position_specific,148,2.57
4,position_specific,545,2.54
4,position_specific,86,2.53
4,position_specific,153,2.53
4,position_specific,419,2.53
4,position_specific,501,2.52
4,position_specific,261,2.52
4,position_specific,579,2.52
4,position_specific,124,2.51
4,position_specific,31,2.5
4,position_specific,87,2.5
4,position_specific,471,2.49
4,position_specific,481,2.46
4,position_specific,88,2.46
4,position_specific,454,2.46
4,position_specific,156,2.45
4,position_specific,557,2.44
4,position_specific,598,2.43
4,position_specific,649,2.43
4,position_specific,499,2.42
4,position_specific,533,2.41
4,position_specific,151,2.39
4,position_specific,429,2.37
4,position_specific,32,2.37
4,position_specific,144,2.36
4,position_specific,447,2.33
4,position_specific,503,2.31
4,position_specific,486,2.31
4,position_specific,113,2.3
4,position_specific,570,2.29
4,position_specific,244,2.28
4,position_specific,417,2.28
4,position_specific,315,2.27
4,position_specific,491,2.26
4,position_specific,532,2.25
4,position_specific,70,2.24
4,position_specific,84,2.23
4,position_specific,541,2.22
4,position_specific,96,2.19
4,position_specific,368,2.19
4,position_specific,211,2.19
4,position_specific,290,2.18
4,position_specific,154,2.17
4,position_specific,94,2.16
4,position_specific,605,2.16
4,position_specific,11,2.16
4,position_specific,13,2.16
4,position_specific,247,2.1
4,position_specific,271,2.09
4,position_specific,255,2.08
4,position_specific,119,2.08
4,position_specific,161,2.08
4,position_specific,453,2.07
4,position_specific,43,2.04
4,position_specific,387,2.04
4,position_specific,428,2.04
4,position_specific,183,2.03
4,position_specific,195,2.03
4,position_specific,514,2.0
4,position_specific,125,2.0
4,position_specific,46,2.0
4,position_specific,201,2.0
4,position_specific,585,1.98
4,position_specific,69,1.98
4,position_specific,51,1.97
4,position_specific,286,1.97
4,position_specific,480,1.97
4,position_specific,98,1.97
4,position_specific,214,1.96
4,position_specific,465,1.95
4,position_specific,357,1.95
4,position_specific,280,1.94
4,position_specific,41,1.94
4,position_specific,345,1.92
4,position_specific,210,1.9
4,position_specific,562,1.9
4,position_specific,460,1.89
4,position_specific,335,1.89
4,position_specific,184,1.89
4,position_specific,542,1.84
4,position_specific,377,1.8
4,position_specific,7,1.79
4,position_specific,246,1.79
4,position_specific,558,1.78
4,position_specific,129,1.75
4,position_specific,456,1.75
4,position_specific,498,1.73
4,position_specific,516,1.71
4,position_specific,372,1.71
4,position_specific,331,1.7
4,position_specific,551,1.7
4,position_specific,619,1.7
4,position_specific,592,1.68
4,position_specific,506,1.68
4,position_specific,329,1.64
4,position_specific,95,1.64
4,position_specific,502,1.62
4,position_specific,267,1.62
4,position_specific,222,1.6
4,position_specific,483,1.59
4,position_specific,149,1.59
4,position_specific,93,1.58
4,position_specific,459,1.55
4,position_specific,155,1.55
4,position_specific,223,1.54
4,position_specific,265,1.53
4,position_specific,239,1.5
4,position_specific,327,1.49
4,position_specific,395,1.49
4,position_specific,33,1.47
4,position_specific,320,1.47
4,position_specific,640,1.47
4,position_specific,580,1.47
4,position_specific,47,1.47
4,position_specific,371,1.46
4,position_specific,194,1.46
4,position_specific,9,1.46
4,position_specific,45,1.44
4,position_specific,313,1.44
4,position_specific,338,1.43
4,position_specific,576,1.41
4,position_specific,589,1.4
4,position_specific,432,1.4
4,position_specific,455,1.39
4,position_specific,209,1.37
4,position_specific,405,1.35
4,position_specific,644,1.33
4,position_specific,190,1.33
4,position_specific,140,1.33
4,position_specific,526,1.32
4,position_specific,594,1.3
4,position_specific,105,1.3
4,position_specific,565,1.29
4,position_specific,490,1.28
4,position_specific,415,1.27
4,position_specific,635,1.27
4,position_specific,336,1.25
4,position_specific,260,1.24
4,position_specific,91,1.24
4,position_specific,634,1.23
4,position_specific,287,1.2
4,position_specific,123,1.19
4,position_specific,108,1.19
4,position_specific,248,1.18
4,position_specific,463,1.17
4,position_specific,577,1.16
4,position_specific,596,1.16
4,position_specific,90,1.13
4,position_specific,207,1.13
4,position_specific,309,1.11
4,position_specific,575,1.11
4,position_specific,73,1.09
4,position_specific,527,1.08
4,position_specific,56,1.08
4,position_specific,337,1.07
4,position_specific,583,1.05
4,position_specific,97,1.05
4,position_specific,420,1.03
4,position_specific,29,1.03
4,position_specific,611,1.03
4,position_specific,642,1.02
4,position_specific,627,1.02
4,position_specific,71,1.01
4,position_specific,389,1.01
4,position_specific,638,1.0
4,position_specific,543,0.98
4,position_specific,523,0.95
4,position_specific,102,0.95
4,position_specific,525,0.94
4,position_specific,519,0.92
4,position_specific,19,0.92
4,position_specific,403,0.91
4,position_specific,206,0.91
4,position_specific,281,0.91
4,position_specific,16,0.89
4,position_specific,328,0.88
4,position_specific,162,0.87
4,position_specific,512,0.87
4,position_specific,308,0.87
4,position_specific,104,0.87
4,position_specific,539,0.86
4,position_specific,285,0.82
4,position_specific,478,0.82
4,position_specific,396,0.81
4,position_specific,587,0.8
4,position_specific,494,0.8
4,position_specific,495,0.8
4,position_specific,386,0.8
4,position_specific,252,0.8
4,position_specific,251,0.8
4,position_specific,497,0.8
4,position_specific,522,0.79
4,position_specific,238,0.79
4,position_specific,622,0.77
4,position_specific,422,0.76
4,position_specific,136,0.76
4,position_specific,34,0.76
4,position_specific,130,0.75
4,position_specific,442,0.74
4,position_specific,535,0.74
4,position_specific,443,0.74
4,position_specific,616,0.74
4,position_specific,444,0.74
4,position_specific,111,0.72
4,position_specific,186,0.72
4,position_specific,617,0.72
4,position_specific,488,0.72
4,position_specific,560,0.71
4,position_specific,141,0.71
4,position_specific,581,0.71
4,position_specific,364,0.71
4,position_specific,323,0.7
4,position_specific,369,0.7
4,position_specific,160,0.7
4,position_specific,262,0.7
4,position_specific,414,0.69
4,position_specific,325,0.69
4,position_specific,273,0.69
4,position_specific,42,0.69
4,position_specific,413,0.69
4,position_specific,3,0.69
4,position_specific,274,0.69
4,position_specific,275,0.69
4,position_specific,462,0.69
4,position_specific,2,0.69
4,position_specific,276,0.69
4,position_specific,321,0.68
4,position_specific,171,0.68
4,position_specific,241,0.68
4,position_specific,172,0.68
4,position_specific,556,0.68
4,position_specific,421,0.68
4,position_specific,608,0.68
4,position_specific,289,0.68
4,position_specific,623,0.68
4,position_specific,450,0.68
4,position_specific,468,0.66
4,position_specific,590,0.66
4,position_specific,25,0.66
4,position_specific,554,0.66
4,position_specific,300,0.66
4,position_specific,302,0.66
4,position_specific,301,0.66
4,position_specific,17,0.65
4,position_specific,89,0.65
4,position_specific,227,0.65
4,position_specific,228,0.65
4,position_specific,531,0.64
4,position_specific,530,0.64
4,position_specific,83,0.63
4,position_specific,199,0.63
4,position_specific,74,0.63
4,position_specific,555,0.63
4,position_specific,58,0.62
4,position_specific,169,0.62
4,position_specific,59,0.62
4,position_specific,168,0.62
4,position_specific,170,0.62
4,position_specific,584,0.62
4,position_specific,446,0.62
4,position_specific,317,0.62
4,position_specific,563,0.62
4,position_specific,615,0.62
4,position_specific,646,0.62
4,position_specific,52,0.62
4,position_specific,322,0.62
4,position_specific,493,0.62
4,position_specific,382,0.61
4,position_specific,380,0.61
4,position_specific,185,0.6
4,position_specific,354,0.6
4,position_specific,351,0.6
4,position_specific,352,0.6
4,position_specific,353,0.6
4,position_specific,355,0.6
4,position_specific,137,0.59
4,position_specific,139,0.59
4,position_specific,14,0.59
4,position_specific,582,0.57
4,position_specific,55,0.57
4,position_specific,457,0.57
4,position_specific,651,0.57
4,position_specific,157,0.57
4,position_specific,81,0.56
4,position_specific,225,0.56
4,position_specific,212,0.55
4,position_specific,549,0.55
4,position_specific,326,0.55
4,position_specific,600,0.55
4,position_specific,515,0.55
4,position_specific,625,0.55
4,position_specific,629,0.55
4,position_specific,528,0.54
4,position_specific,406,0.54
4,position_specific,375,0.53
4,position_specific,107,0.53
4,position_specific,595,0.53
4,position_specific,578,0.52
4,position_specific,27,0.52
4,position_specific,548,0.51
4,position_specific,637,0.51
4,position_specific,632,0.51
4,position_specific,348,0.51
4,position_specific,80,0.51
4,position_specific,349,0.51
4,position_specific,298,0.51
4,position_specific,299,0.51
4,position_specific,263,0.51
4,position_specific,5,0.5
4,position_specific,6,0.5
4,position_specific,54,0.5
4,position_specific,188,0.5
4,position_specific,452,0.49
4,position_specific,647,0.49
4,position_specific,196,0.48
4,position_specific,520,0.48
4,position_specific,381,0.48
4,position_specific,599,0.48
4,position_specific,197,0.48
4,position_specific,193,0.48
4,position_specific,466,0.47
4,position_specific,440,0.46
4,position_specific,441,0.46
4,position_specific,76,0.46
4,position_specific,75,0.46
4,position_specific,343,0.46
4,position_specific,231,0.45
4,position_specific,234,0.45
4,position_specific,235,0.45
4,position_specific,72,0.45
4,position_specific,232,0.45
4,position_specific,35,0.45
4,position_specific,243,0.44
4,position_specific,303,0.43
4,position_specific,307,0.43
4,position_specific,559,0.43
4,position_specific,272,0.43
4,position_specific,118,0.42
4,position_specific,394,0.42
4,position_specific,117,0.42
4,position_specific,392,0.42
4,position_specific,614,0.42
4,position_specific,120,0.42
4,position_specific,547,0.42
4,position_specific,159,0.41
4,position_specific,621,0.41
4,position_specific,135,0.4
4,position_specific,435,0.4
4,position_specific,650,0.4
4,position_specific,633,0.4
4,position_specific,610,0.4
4,position_specific,256,0.4
4,position_specific,205,0.4
4,position_specific,220,0.4
4,position_specific,361,0.36
4,position_specific,359,0.36
4,position_specific,363,0.36
4,position_specific,461,0.36
4,position_specific,360,0.36
4,position_specific,365,0.36
4,position_specific,574,0.36
4,position_specific,164,0.36
4,position_specific,482,0.36
4,position_specific,240,0.36
4,position_specific,180,0.35
4,position_specific,181,0.35
4,position_specific,179,0.35
4,position_specific,568,0.35
4,position_specific,416,0.35
4,position_specific,174,0.35
4,position_specific,339,0.35
4,position_specific,178,0.35
4,position_specific,425,0.35
4,position_specific,177,0.35
4,position_specific,424,0.35
4,position_specific,451,0.34
4,position_specific,470,0.34
4,position_specific,475,0.34
4,position_specific,448,0.34
4,position_specific,476,0.34
4,position_specific,477,0.34
4,position_specific,479,0.34
4,position_specific,487,0.34
4,position_specific,609,0.34
4,position_specific,284,0.33
4,position_specific,283,0.33
4,position_specific,278,0.33
4,position_specific,63,0.32
4,position_specific,612,0.32
4,position_specific,540,0.32
4,position_specific,573,0.32
4,position_specific,333,0.32
4,position_specific,538,0.32
4,position_specific,537,0.32
4,position_specific,603,0.32
4,position_specific,66,0.32
4,position_specific,62,0.32
4,position_specific,641,0.32
4,position_specific,65,0.32
4,position_specific,92,0.31
4,position_specific,620,0.31
4,position_specific,85,0.31
4,position_specific,146,0.29
4,position_specific,505,0.29
4,position_specific,143,0.29
4,position_specific,606,0.29
4,position_specific,147,0.29
4,position_specific,39,0.29
4,position_specific,38,0.29
4,position_specific,561,0.29
4,position_specific,500,0.29
4,position_specific,508,0.29
4,position_specific,30,0.29
4,position_specific,510,0.29
4,position_specific,507,0.29
4,position_specific,152,0.29
4,position_specific,511,0.29
4,position_specific,150,0.29
4,position_specific,509,0.29
4,position_specific,630,0.29
4,position_specific,21,0.27
4,position_specific,654,0.27
4,position_specific,245,0.27
4,position_specific,189,0.26
4,position_specific,24,0.26
4,position_specific,23,0.26
4,position_specific,22,0.26
4,position_specific,20,0.26
4,position_specific,288,0.26
4,position_specific,18,0.26
4,position_specific,293,0.26
4,position_specific,340,0.26
4,position_specific,192,0.26
4,position_specific,458,0.26
4,position_specific,292,0.26
4,position_specific,645,0.26
4,position_specific,187,0.26
4,position_specific,296,0.26
4,position_specific,291,0.26
4,position_specific,294,0.26
4,position_specific,297,0.26
4,position_specific,191,0.26
4,position_specific,78,0.25
4,position_specific,216,0.25
4,position_specific,489,0.25
4,position_specific,218,0.25
4,position_specific,219,0.25
4,position_specific,208,0.25
4,position_specific,485,0.25
4,position_specific,484,0.25
4,position_specific,221,0.25
4,position_specific,215,0.25
4,position_specific,213,0.25
4,position_specific,77,0.25
4,position_specific,217,0.25
4,position_specific,517,0.24
4,position_specific,158,0.24
4,position_specific,513,0.24
4,position_specific,518,0.24
4,position_specific,546,0.24
4,position_specific,521,0.24
4,position_specific,524,0.24
4,position_specific,324,0.24
4,position_specific,163,0.24
4,position_specific,613,0.24
4,position_specific,601,0.24
4,position_specific,101,0.24
4,position_specific,571,0.24
4,position_specific,438,0.24
4,position_specific,437,0.24
4,position_specific,436,0.24
4,position_specific,434,0.24
4,position_specific,433,0.24
4,position_specific,431,0.24
4,position_specific,430,0.24
4,position_specific,602,0.24
4,position_specific,631,0.24
4,position_specific,99,0.24
4,position_specific,409,0.24
4,position_specific,653,0.24
4,position_specific,400,0.24
4,position_specific,402,0.24
4,position_specific,404,0.24
4,position_specific,407,0.24
4,position_specific,408,0.24
4,position_specific,410,0.24
4,position_specific,550,0.24
4,position_specific,628,0.24
4,position_specific,311,0.24
4,position_specific,607,0.24
4,position_specific,103,0.24
4,position_specific,314,0.24
4,position_specific,312,0.24
4,position_specific,310,0.24
4,position_specific,636,0.24
4,position_specific,53,0.24
4,position_specific,626,0.24
4,position_specific,618,0.24
4,position_specific,131,0.24
4,position_specific,100,0.24
4,position_specific,266,0.24
4,position_specific,44,0.24
4,position_specific,48,0.24
4,position_specific,270,0.24
4,position_specific,49,0.24
4,position_specific,50,0.24
4,position_specific,319,0.24
4,position_specific,318,0.24
4,position_specific,383,0.23
4,position_specific,342,0.23
4,position_specific,378,0.23
4,position_specific,128,0.23
4,position_specific,341,0.23
4,position_specific,134,0.23
4,position_specific,604,0.23
4,position_specific,126,0.23
4,position_specific,648,0.23
4,position_specific,652,0.23
4,position_specific,122,0.23
4,position_specific,121,0.23
4,position_specific,639,0.23
4,position_specific,624,0.23
4,position_specific,133,0.23
4,position_specific,376,0.23
4,position_specific,344,0.23
4,position_specific,374,0.23
4,position_specific,373,0.23
4,position_specific,370,0.23
4,position_specific,132,0.23
4,config_d,426,4.4
4,config_d,12,3.48
4,config_d,1,3.47
4,config_d,26,3.31
4,config_d,411,3.15
4,config_d,4,3.03
4,config_d,399,3.02
4,config_d,8,2.99
4,config_d,165,2.99
4,config_d,154,2.97
4,config_d,572,2.92
4,config_d,40,2.9
4,config_d,368,2.89
4,config_d,10,2.89
4,config_d,124,2.86
4,config_d,13,2.84
4,config_d,427,2.84
4,config_d,68,2.76
4,config_d,236,2.7
4,config_d,567,2.69
4,config_d,529,2.69
4,config_d,15,2.66
4,config_d,82,2.65
4,config_d,226,2.65
4,config_d,454,2.65
4,config_d,557,2.64
4,config_d,384,2.64
4,config_d,204,2.64
4,config_d,127,2.63
4,config_d,268,2.63
4,config_d,597,2.62
4,config_d,532,2.62
4,config_d,242,2.6
4,config_d,250,2.59
4,config_d,533,2.59
4,config_d,230,2.59
4,config_d,264,2.58
4,config_d,249,2.57
4,config_d,94,2.56
4,config_d,28,2.56
4,config_d,200,2.54
4,config_d,564,2.54
4,config_d,649,2.53
4,config_d,591,2.53
4,config_d,367,2.51
4,config_d,412,2.51
4,config_d,69,2.51
4,config_d,542,2.51
4,config_d,109,2.5
4,config_d,464,2.5
4,config_d,258,2.5
4,config_d,385,2.49
4,config_d,467,2.48
4,config_d,390,2.47
4,config_d,471,2.47
4,config_d,397,2.45
4,config_d,366,2.44
4,config_d,110,2.44
4,config_d,277,2.43
4,config_d,57,2.42
4,config_d,279,2.42
4,config_d,211,2.42
4,config_d,229,2.41
4,config_d,536,2.4
4,config_d,643,2.39
4,config_d,173,2.38
4,config_d,198,2.37
4,config_d,393,2.37
4,config_d,214,2.37
4,config_d,544,2.36
4,config_d,305,2.36
4,config_d,244,2.36
4,config_d,116,2.35
4,config_d,350,2.35
4,config_d,480,2.35
4,config_d,432,2.34
4,config_d,423,2.34
4,config_d,481,2.34
4,config_d,233,2.32
4,config_d,86,2.32
4,config_d,428,2.3
4,config_d,469,2.29
4,config_d,391,2.29
4,config_d,115,2.28
4,config_d,398,2.26
4,config_d,156,2.25
4,config_d,356,2.24
4,config_d,237,2.22
4,config_d,379,2.22
4,config_d,47,2.22
4,config_d,315,2.21
4,config_d,202,2.21
4,config_d,388,2.2
4,config_d,553,2.19
4,config_d,87,2.18
4,config_d,106,2.18
4,config_d,290,2.17
4,config_d,282,2.17
4,config_d,552,2.16
4,config_d,545,2.16
4,config_d,295,2.15
4,config_d,334,2.15
4,config_d,453,2.14
4,config_d,586,2.14
4,config_d,98,2.14
4,config_d,261,2.13
4,config_d,472,2.12
4,config_d,286,2.12
4,config_d,447,2.12
4,config_d,504,2.11
4,config_d,79,2.1
4,config_d,362,2.09
4,config_d,43,2.09
4,config_d,7,2.09
4,config_d,145,2.08
4,config_d,449,2.08
4,config_d,46,2.08
4,config_d,184,2.05
4,config_d,565,2.04
4,config_d,474,2.03
4,config_d,429,2.03
4,config_d,335,2.03
4,config_d,569,2.02
4,config_d,541,2.01
4,config_d,377,2.01
4,config_d,96,2.01
4,config_d,51,2.01
4,config_d,316,2.0
4,config_d,486,2.0
4,config_d,224,2.0
4,config_d,418,1.99
4,config_d,605,1.99
4,config_d,566,1.99
4,config_d,31,1.99
4,config_d,346,1.98
4,config_d,332,1.98
4,config_d,210,1.97
4,config_d,338,1.97
4,config_d,67,1.97
4,config_d,551,1.97
4,config_d,175,1.95
4,config_d,41,1.94
4,config_d,483,1.91
4,config_d,138,1.91
4,config_d,304,1.88
4,config_d,496,1.87
4,config_d,460,1.87
4,config_d,33,1.86
4,config_d,148,1.86
4,config_d,579,1.85
4,config_d,593,1.84
4,config_d,588,1.84
4,config_d,203,1.82
4,config_d,570,1.81
4,config_d,36,1.81
4,config_d,267,1.8
4,config_d,11,1.8
4,config_d,182,1.78
4,config_d,455,1.78
4,config_d,280,1.78
4,config_d,259,1.78
4,config_d,499,1.78
4,config_d,114,1.78
4,config_d,61,1.77
4,config_d,445,1.76
4,config_d,358,1.76
4,config_d,419,1.75
4,config_d,161,1.75
4,config_d,166,1.74
4,config_d,45,1.74
4,config_d,151,1.73
4,config_d,176,1.71
4,config_d,91,1.69
4,config_d,153,1.69
4,config_d,525,1.69
4,config_d,558,1.69
4,config_d,142,1.69
4,config_d,37,1.68
4,config_d,246,1.68
4,config_d,60,1.66
4,config_d,330,1.66
4,config_d,534,1.65
4,config_d,112,1.65
4,config_d,32,1.65
4,config_d,70,1.64
4,config_d,129,1.6
4,config_d,401,1.59
4,config_d,306,1.59
4,config_d,598,1.59
4,config_d,439,1.59
4,config_d,514,1.57
4,config_d,417,1.56
4,config_d,503,1.56
4,config_d,619,1.55
4,config_d,64,1.54
4,config_d,501,1.53
4,config_d,372,1.51
4,config_d,155,1.51
4,config_d,88,1.49
4,config_d,257,1.48
4,config_d,345,1.48
4,config_d,73,1.47
4,config_d,580,1.47
4,config_d,183,1.46
4,config_d,492,1.46
4,config_d,516,1.44
4,config_d,644,1.44
4,config_d,253,1.43
4,config_d,459,1.43
4,config_d,473,1.39
4,config_d,247,1.38
4,config_d,589,1.34
4,config_d,491,1.33
4,config_d,123,1.33
4,config_d,576,1.32
4,config_d,313,1.32
4,config_d,519,1.3
4,config_d,167,1.3
4,config_d,506,1.3
4,config_d,415,1.3
4,config_d,456,1.3
4,config_d,347,1.28
4,config_d,575,1.28
4,config_d,403,1.28
4,config_d,562,1.26
4,config_d,327,1.25
4,config_d,405,1.25
4,config_d,186,1.24
4,config_d,209,1.24
4,config_d,254,1.24
4,config_d,502,1.23
4,config_d,239,1.22
4,config_d,627,1.22
4,config_d,95,1.21
4,config_d,371,1.21
4,config_d,331,1.21
4,config_d,113,1.19
4,config_d,195,1.17
4,config_d,336,1.17
4,config_d,265,1.16
4,config_d,93,1.15
4,config_d,387,1.13
4,config_d,269,1.12
4,config_d,71,1.1
4,config_d,190,1.1
4,config_d,238,1.07
4,config_d,512,1.06
4,config_d,642,1.04
4,config_d,144,1.04
4,config_d,104,1.03
4,config_d,19,1.02
4,config_d,616,1.0
4,config_d,309,0.99
4,config_d,9,0.99
4,config_d,585,0.98
4,config_d,201,0.98
4,config_d,635,0.97
4,config_d,640,0.96
4,config_d,119,0.96
4,config_d,162,0.95
4,config_d,105,0.94
4,config_d,16,0.94
4,config_d,337,0.92
4,config_d,90,0.91
4,config_d,583,0.91
4,config_d,422,0.89
4,config_d,260,0.89
4,config_d,17,0.88
4,config_d,638,0.87
4,config_d,596,0.86
4,config_d,125,0.85
4,config_d,594,0.85
4,config_d,617,0.85
4,config_d,592,0.84
4,config_d,222,0.83
4,config_d,271,0.82
4,config_d,228,0.81
4,config_d,634,0.81
4,config_d,160,0.79
4,config_d,194,0.79
4,config_d,490,0.79
4,config_d,157,0.78
4,config_d,255,0.78
4,config_d,102,0.77
4,config_d,241,0.77
4,config_d,262,0.76
4,config_d,462,0.74
4,config_d,323,0.74
4,config_d,577,0.74
4,config_d,25,0.73
4,config_d,457,0.72
4,config_d,320,0.72
4,config_d,149,0.72
4,config_d,395,0.72
4,config_d,420,0.71
4,config_d,52,0.71
4,config_d,212,0.71
4,config_d,14,0.7
4,config_d,369,0.69
4,config_d,611,0.69
4,config_d,646,0.69
4,config_d,357,0.67
4,config_d,578,0.66
4,config_d,84,0.66
4,config_d,526,0.65
4,config_d,488,0.64
4,config_d,421,0.64
4,config_d,34,0.63
4,config_d,539,0.62
4,config_d,406,0.62
4,config_d,375,0.61
4,config_d,621,0.61
4,config_d,498,0.61
4,config_d,600,0.61
4,config_d,522,0.6
4,config_d,29,0.59
4,config_d,289,0.59
4,config_d,56,0.59
4,config_d,452,0.58
4,config_d,188,0.58
4,config_d,243,0.57
4,config_d,74,0.56
4,config_d,381,0.55
4,config_d,207,0.55
4,config_d,647,0.54
4,config_d,42,0.54
4,config_d,108,0.53
4,config_d,608,0.53
4,config_d,223,0.53
4,config_d,136,0.53
4,config_d,389,0.52
4,config_d,343,0.51
4,config_d,364,0.5
4,config_d,185,0.5
4,config_d,72,0.49
4,config_d,263,0.49
4,config_d,450,0.49
4,config_d,159,0.48
4,config_d,584,0.48
4,config_d,75,0.45
4,config_d,574,0.45
4,config_d,478,0.44
4,config_d,568,0.43
4,config_d,463,0.43
4,config_d,515,0.43
4,config_d,595,0.43
4,config_d,308,0.42
4,config_d,622,0.42
4,config_d,520,0.41
4,config_d,559,0.41
4,config_d,135,0.4
4,config_d,548,0.4
4,config_d,285,0.4
4,config_d,164,0.37
4,config_d,396,0.37
4,config_d,435,0.36
4,config_d,35,0.35
4,config_d,581,0.34
4,config_d,76,0.33
4,config_d,130,0.32
4,config_d,321,0.31
4,config_d,461,0.31
4,config_d,328,0.3
4,config_d,54,0.3
4,config_d,535,0.3
4,config_d,549,0.3
4,config_d,81,0.29
4,config_d,89,0.29
4,config_d,487,0.28
4,config_d,446,0.28
4,config_d,38,0.28
4,config_d,140,0.27
4,config_d,493,0.27
4,config_d,294,0.27
4,config_d,101,0.27
4,config_d,482,0.27
4,config_d,20,0.26
4,config_d,2,0.26
4,config_d,556,0.26
4,config_d,3,0.26
4,config_d,240,0.25
4,config_d,523,0.23
4,config_d,339,0.23
4,config_d,631,0.22
4,config_d,430,0.21
4,config_d,5,0.21
4,config_d,97,0.21
4,config_d,465,0.2
4,config_d,639,0.2
4,config_d,543,0.2
4,config_d,231,0.19
4,config_d,158,0.19
4,config_d,561,0.19
4,config_d,169,0.19
4,config_d,248,0.19
4,config_d,232,0.19
4,config_d,587,0.18
4,config_d,392,0.18
4,config_d,560,0.18
4,config_d,424,0.18
4,config_d,628,0.18
4,config_d,527,0.18
4,config_d,440,0.17
4,config_d,361,0.17
4,config_d,386,0.17
4,config_d,382,0.17
4,config_d,441,0.17
4,config_d,287,0.17
4,config_d,227,0.17
4,config_d,245,0.17
4,config_d,654,0.17
4,config_d,329,0.17
4,config_d,378,0.16
4,config_d,355,0.16
4,config_d,352,0.16
4,config_d,434,0.16
4,config_d,437,0.16
4,config_d,438,0.16
4,config_d,351,0.16
4,config_d,653,0.16
4,config_d,221,0.16
4,config_d,374,0.16
4,config_d,325,0.16
4,config_d,555,0.15
4,config_d,633,0.15
4,config_d,609,0.15
4,config_d,444,0.15
4,config_d,152,0.15
4,config_d,217,0.15
4,config_d,218,0.15
4,config_d,573,0.15
4,config_d,213,0.15
4,config_d,630,0.15
4,config_d,606,0.15
4,config_d,199,0.15
4,config_d,476,0.15
4,config_d,206,0.14
4,config_d,442,0.14
4,config_d,150,0.14
4,config_d,443,0.14
4,config_d,50,0.14
4,config_d,489,0.13
4,config_d,179,0.13
4,config_d,281,0.13
4,config_d,6,0.13
4,config_d,590,0.13
4,config_d,178,0.13
4,config_d,468,0.13
4,config_d,599,0.12
4,config_d,189,0.12
4,config_d,187,0.12
4,config_d,510,0.12
4,config_d,601,0.12
4,config_d,509,0.12
4,config_d,508,0.12
4,config_d,147,0.12
4,config_d,172,0.12
4,config_d,303,0.12
4,config_d,650,0.11
4,config_d,284,0.11
4,config_d,623,0.11
4,config_d,340,0.11
4,config_d,120,0.11
4,config_d,571,0.11
4,config_d,324,0.11
4,config_d,117,0.11
4,config_d,300,0.11
4,config_d,302,0.11
4,config_d,301,0.11
4,config_d,288,0.1
4,config_d,612,0.1
4,config_d,256,0.1
4,config_d,524,0.1
4,config_d,497,0.1
4,config_d,495,0.1
4,config_d,272,0.1
4,config_d,620,0.1
4,config_d,637,0.1
4,config_d,614,0.1
4,config_d,170,0.1
4,config_d,126,0.09
4,config_d,251,0.09
4,config_d,652,0.09
4,config_d,62,0.09
4,config_d,270,0.09
4,config_d,626,0.09
4,config_d,651,0.09
4,config_d,296,0.09
4,config_d,273,0.09
4,config_d,292,0.09
4,config_d,645,0.09
4,config_d,636,0.09
4,config_d,111,0.08
4,config_d,615,0.08
4,config_d,134,0.08
4,config_d,107,0.08
4,config_d,92,0.08
4,config_d,100,0.08
4,config_d,66,0.08
4,config_d,27,0.07
4,config_d,531,0.07
4,config_d,58,0.07
4,config_d,550,0.07
4,config_d,22,0.07
4,config_d,613,0.07
4,config_d,83,0.07
4,config_d,610,0.06
4,config_d,24,0.06
4,config_d,23,0.06
4,config_d,18,0.06
4,config_d,208,0.05
4,config_d,380,0.04
4,config_d,477,0.04
4,config_d,416,0.04
4,config_d,603,0.04
4,config_d,146,0.03
4,config_d,641,0.03
4,config_d,317,0.03
4,config_d,563,0.03
4,config_d,143,0.02
4,config_d,370,0.02
4,config_d,604,0.02
4,config_d,141,0.02
4,config_d,625,0.02
4,config_d,235,0.01
4,config_d,131,0.01
4,config_d,648,0.01
4,config_d,400,0.01
4,config_d,629,0.01
4,config_d,168,0.01
4,config_d,163,0.01
4,config_d,394,0.01
4,config_d,554,0.0
4,config_d,99,0.0
4,config_d,49,0.0
4,config_d,118,0.0
4,config_d,85,0.0
4,config_d,505,0.0
4,config_d,48,0.0
4,config_d,44,0.0
4,config_d,360,0.0
4,config_d,39,0.0
4,config_d,359,0.0
4,config_d,500,0.0
4,config_d,30,0.0
4,config_d,546,0.0
4,config_d,341,0.0
4,config_d,103,0.0
4,config_d,353,0.0
4,config_d,547,0.0
4,config_d,333,0.0
4,config_d,354,0.0
4,config_d,494,0.0
4,config_d,618,0.0
4,config_d,602,0.0
4,config_d,507,0.0
4,config_d,530,0.0
4,config_d,326,0.0
4,config_d,607,0.0
4,config_d,349,0.0
4,config_d,528,0.0
4,config_d,59,0.0
4,config_d,582,0.0
4,config_d,63,0.0
4,config_d,319,0.0
4,config_d,65,0.0
4,config_d,55,0.0
4,config_d,521,0.0
4,config_d,77,0.0
4,config_d,78,0.0
4,config_d,518,0.0
4,config_d,517,0.0
4,config_d,53,0.0
4,config_d,80,0.0
4,config_d,537,0.0
4,config_d,538,0.0
4,config_d,513,0.0
4,config_d,348,0.0
4,config_d,511,0.0
4,config_d,540,0.0
4,config_d,322,0.0
4,config_d,139,0.0
4,config_d,121,0.0
4,config_d,122,0.0
4,config_d,219,0.0
4,config_d,278,0.0
4,config_d,431,0.0
4,config_d,283,0.0
4,config_d,433,0.0
4,config_d,216,0.0
4,config_d,436,0.0
4,config_d,291,0.0
4,config_d,215,0.0
4,config_d,293,0.0
4,config_d,297,0.0
4,config_d,298,0.0
4,config_d,299,0.0
4,config_d,205,0.0
4,config_d,342,0.0
4,config_d,220,0.0
4,config_d,276,0.0
4,config_d,225,0.0
4,config_d,414,0.0
4,config_d,410,0.0
4,config_d,266,0.0
4,config_d,409,0.0
4,config_d,408,0.0
4,config_d,252,0.0
4,config_d,413,0.0
4,config_d,407,0.0
4,config_d,425,0.0
4,config_d,274,0.0
4,config_d,404,0.0
4,config_d,234,0.0
4,config_d,402,0.0
4,config_d,21,0.0
4,config_d,275,0.0
4,config_d,448,0.0
4,config_d,632,0.0
4,config_d,197,0.0
4,config_d,137,0.0
4,config_d,470,0.0
4,config_d,314,0.0
4,config_d,475,0.0
4,config_d,624,0.0
4,config_d,479,0.0
4,config_d,365,0.0
4,config_d,484,0.0
4,config_d,311,0.0
4,config_d,485,0.0
4,config_d,133,0.0
4,config_d,132,0.0
4,config_d,318,0.0
4,config_d,128,0.0
4,config_d,363,0.0
4,config_d,312,0.0
4,config_d,310,0.0
4,config_d,451,0.0
4,config_d,181,0.0
4,config_d,196,0.0
4,config_d,193,0.0
4,config_d,192,0.0
4,config_d,191,0.0
4,config_d,458,0.0
4,config_d,383,0.0
4,config_d,180,0.0
4,config_d,307,0.0
4,config_d,376,0.0
4,config_d,177,0.0
4,config_d,466,0.0
4,config_d,174,0.0
4,config_d,373,0.0
4,config_d,171,0.0
4,config_d,344,0.0
4,baseline_tweedie,572,2.77
4,baseline_tweedie,226,2.63
4,baseline_tweedie,567,2.62
4,baseline_tweedie,1,2.56
4,baseline_tweedie,384,2.53
4,baseline_tweedie,419,2.21
4,baseline_tweedie,412,2.16
4,baseline_tweedie,82,2.15
4,baseline_tweedie,529,2.04
4,baseline_tweedie,597,2.03
4,baseline_tweedie,447,2.01
4,baseline_tweedie,593,1.98
4,baseline_tweedie,445,1.98
4,baseline_tweedie,182,1.92
4,baseline_tweedie,496,1.91
4,baseline_tweedie,233,1.91
4,baseline_tweedie,501,1.86
4,baseline_tweedie,304,1.85
4,baseline_tweedie,564,1.85
4,baseline_tweedie,244,1.84
4,baseline_tweedie,536,1.8
4,baseline_tweedie,277,1.78
4,baseline_tweedie,57,1.75
4,baseline_tweedie,467,1.73
4,baseline_tweedie,385,1.73
4,baseline_tweedie,109,1.69
4,baseline_tweedie,393,1.6
4,baseline_tweedie,37,1.58
4,baseline_tweedie,94,1.57
4,baseline_tweedie,151,1.56
4,baseline_tweedie,28,1.56
4,baseline_tweedie,250,1.55
4,baseline_tweedie,471,1.55
4,baseline_tweedie,306,1.53
4,baseline_tweedie,110,1.52
4,baseline_tweedie,638,1.52
4,baseline_tweedie,229,1.51
4,baseline_tweedie,418,1.51
4,baseline_tweedie,9,1.51
4,baseline_tweedie,453,1.5
4,baseline_tweedie,87,1.49
4,baseline_tweedie,230,1.49
4,baseline_tweedie,47,1.48
4,baseline_tweedie,198,1.47
4,baseline_tweedie,469,1.47
4,baseline_tweedie,533,1.46
4,baseline_tweedie,362,1.41
4,baseline_tweedie,290,1.4
4,baseline_tweedie,516,1.39
4,baseline_tweedie,267,1.39
4,baseline_tweedie,246,1.37
4,baseline_tweedie,200,1.36
4,baseline_tweedie,532,1.36
4,baseline_tweedie,585,1.33
4,baseline_tweedie,449,1.32
4,baseline_tweedie,4,1.31
4,baseline_tweedie,116,1.3
4,baseline_tweedie,566,1.28
4,baseline_tweedie,338,1.28
4,baseline_tweedie,64,1.27
4,baseline_tweedie,432,1.26
4,baseline_tweedie,455,1.26
4,baseline_tweedie,589,1.26
4,baseline_tweedie,184,1.24
4,baseline_tweedie,61,1.24
4,baseline_tweedie,279,1.23
4,baseline_tweedie,31,1.23
4,baseline_tweedie,358,1.22
4,baseline_tweedie,558,1.21
4,baseline_tweedie,91,1.21
4,baseline_tweedie,209,1.2
4,baseline_tweedie,67,1.19
4,baseline_tweedie,175,1.19
4,baseline_tweedie,331,1.19
4,baseline_tweedie,160,1.18
4,baseline_tweedie,259,1.18
4,baseline_tweedie,124,1.17
4,baseline_tweedie,8,1.16
4,baseline_tweedie,356,1.15
4,baseline_tweedie,459,1.15
4,baseline_tweedie,462,1.15
4,baseline_tweedie,145,1.15
4,baseline_tweedie,153,1.13
4,baseline_tweedie,332,1.13
4,baseline_tweedie,173,1.13
4,baseline_tweedie,579,1.13
4,baseline_tweedie,127,1.12
4,baseline_tweedie,578,1.12
4,baseline_tweedie,642,1.12
4,baseline_tweedie,253,1.11
4,baseline_tweedie,286,1.11
4,baseline_tweedie,236,1.11
4,baseline_tweedie,86,1.1
4,baseline_tweedie,551,1.1
4,baseline_tweedie,334,1.09
4,baseline_tweedie,454,1.07
4,baseline_tweedie,34,1.05
4,baseline_tweedie,544,1.04
4,baseline_tweedie,574,1.02
4,baseline_tweedie,580,1.02
4,baseline_tweedie,247,1.02
4,baseline_tweedie,129,1.01
4,baseline_tweedie,591,1.01
4,baseline_tweedie,586,1.01
4,baseline_tweedie,142,1.0
4,baseline_tweedie,295,1.0
4,baseline_tweedie,96,1.0
4,baseline_tweedie,12,1.0
4,baseline_tweedie,257,0.99
4,baseline_tweedie,238,0.98
4,baseline_tweedie,460,0.98
4,baseline_tweedie,605,0.98
4,baseline_tweedie,69,0.98
4,baseline_tweedie,282,0.97
4,baseline_tweedie,70,0.97
4,baseline_tweedie,237,0.97
4,baseline_tweedie,11,0.96
4,baseline_tweedie,646,0.96
4,baseline_tweedie,420,0.96
4,baseline_tweedie,32,0.96
4,baseline_tweedie,138,0.95
4,baseline_tweedie,596,0.94
4,baseline_tweedie,263,0.94
4,baseline_tweedie,472,0.94
4,baseline_tweedie,239,0.94
4,baseline_tweedie,68,0.94
4,baseline_tweedie,428,0.93
4,baseline_tweedie,15,0.93
4,baseline_tweedie,427,0.93
4,baseline_tweedie,262,0.92
4,baseline_tweedie,60,0.92
4,baseline_tweedie,242,0.91
4,baseline_tweedie,583,0.91
4,baseline_tweedie,176,0.91
4,baseline_tweedie,315,0.91
4,baseline_tweedie,611,0.91
4,baseline_tweedie,423,0.9
4,baseline_tweedie,154,0.9
4,baseline_tweedie,112,0.89
4,baseline_tweedie,457,0.89
4,baseline_tweedie,73,0.89
4,baseline_tweedie,7,0.88
4,baseline_tweedie,79,0.88
4,baseline_tweedie,52,0.88
4,baseline_tweedie,576,0.88
4,baseline_tweedie,45,0.88
4,baseline_tweedie,337,0.88
4,baseline_tweedie,397,0.88
4,baseline_tweedie,203,0.87
4,baseline_tweedie,619,0.86
4,baseline_tweedie,335,0.86
4,baseline_tweedie,93,0.86
4,baseline_tweedie,98,0.86
4,baseline_tweedie,627,0.86
4,baseline_tweedie,43,0.84
4,baseline_tweedie,464,0.84
4,baseline_tweedie,212,0.84
4,baseline_tweedie,575,0.84
4,baseline_tweedie,280,0.84
4,baseline_tweedie,592,0.83
4,baseline_tweedie,104,0.83
4,baseline_tweedie,10,0.83
4,baseline_tweedie,541,0.82
4,baseline_tweedie,305,0.82
4,baseline_tweedie,375,0.82
4,baseline_tweedie,542,0.81
4,baseline_tweedie,552,0.81
4,baseline_tweedie,598,0.81
4,baseline_tweedie,106,0.81
4,baseline_tweedie,161,0.81
4,baseline_tweedie,249,0.81
4,baseline_tweedie,51,0.8
4,baseline_tweedie,519,0.8
4,baseline_tweedie,144,0.79
4,baseline_tweedie,19,0.79
4,baseline_tweedie,16,0.79
4,baseline_tweedie,13,0.78
4,baseline_tweedie,503,0.78
4,baseline_tweedie,41,0.77
4,baseline_tweedie,522,0.77
4,baseline_tweedie,377,0.77
4,baseline_tweedie,388,0.77
4,baseline_tweedie,36,0.77
4,baseline_tweedie,261,0.76
4,baseline_tweedie,165,0.76
4,baseline_tweedie,33,0.76
4,baseline_tweedie,90,0.76
4,baseline_tweedie,545,0.76
4,baseline_tweedie,210,0.75
4,baseline_tweedie,616,0.75
4,baseline_tweedie,155,0.75
4,baseline_tweedie,186,0.75
4,baseline_tweedie,535,0.74
4,baseline_tweedie,456,0.74
4,baseline_tweedie,411,0.74
4,baseline_tweedie,56,0.74
4,baseline_tweedie,156,0.74
4,baseline_tweedie,313,0.74
4,baseline_tweedie,202,0.73
4,baseline_tweedie,35,0.73
4,baseline_tweedie,46,0.73
4,baseline_tweedie,506,0.73
4,baseline_tweedie,74,0.72
4,baseline_tweedie,372,0.72
4,baseline_tweedie,429,0.72
4,baseline_tweedie,415,0.72
4,baseline_tweedie,26,0.72
4,baseline_tweedie,499,0.72
4,baseline_tweedie,207,0.72
4,baseline_tweedie,115,0.71
4,baseline_tweedie,265,0.71
4,baseline_tweedie,391,0.71
4,baseline_tweedie,188,0.7
4,baseline_tweedie,381,0.7
4,baseline_tweedie,149,0.7
4,baseline_tweedie,371,0.69
4,baseline_tweedie,285,0.69
4,baseline_tweedie,549,0.69
4,baseline_tweedie,557,0.69
4,baseline_tweedie,539,0.69
4,baseline_tweedie,644,0.69
4,baseline_tweedie,264,0.68
4,baseline_tweedie,214,0.68
4,baseline_tweedie,40,0.68
4,baseline_tweedie,584,0.67
4,baseline_tweedie,422,0.67
4,baseline_tweedie,478,0.67
4,baseline_tweedie,321,0.67
4,baseline_tweedie,29,0.66
4,baseline_tweedie,25,0.66
4,baseline_tweedie,368,0.66
4,baseline_tweedie,635,0.65
4,baseline_tweedie,401,0.65
4,baseline_tweedie,54,0.65
4,baseline_tweedie,435,0.64
4,baseline_tweedie,281,0.64
4,baseline_tweedie,577,0.63
4,baseline_tweedie,481,0.63
4,baseline_tweedie,483,0.63
4,baseline_tweedie,562,0.63
4,baseline_tweedie,556,0.63
4,baseline_tweedie,452,0.63
4,baseline_tweedie,417,0.62
4,baseline_tweedie,185,0.62
4,baseline_tweedie,148,0.62
4,baseline_tweedie,480,0.62
4,baseline_tweedie,504,0.62
4,baseline_tweedie,548,0.61
4,baseline_tweedie,649,0.61
4,baseline_tweedie,206,0.61
4,baseline_tweedie,14,0.61
4,baseline_tweedie,162,0.6
4,baseline_tweedie,534,0.6
4,baseline_tweedie,367,0.6
4,baseline_tweedie,71,0.59
4,baseline_tweedie,17,0.59
4,baseline_tweedie,498,0.59
4,baseline_tweedie,569,0.58
4,baseline_tweedie,167,0.58
4,baseline_tweedie,588,0.58
4,baseline_tweedie,514,0.58
4,baseline_tweedie,345,0.58
4,baseline_tweedie,336,0.58
4,baseline_tweedie,114,0.57
4,baseline_tweedie,520,0.57
4,baseline_tweedie,323,0.57
4,baseline_tweedie,159,0.57
4,baseline_tweedie,403,0.57
4,baseline_tweedie,488,0.56
4,baseline_tweedie,486,0.56
4,baseline_tweedie,421,0.56
4,baseline_tweedie,316,0.56
4,baseline_tweedie,42,0.56
4,baseline_tweedie,194,0.56
4,baseline_tweedie,95,0.56
4,baseline_tweedie,573,0.56
4,baseline_tweedie,366,0.55
4,baseline_tweedie,204,0.55
4,baseline_tweedie,398,0.55
4,baseline_tweedie,621,0.55
4,baseline_tweedie,490,0.55
4,baseline_tweedie,634,0.55
4,baseline_tweedie,166,0.54
4,baseline_tweedie,258,0.54
4,baseline_tweedie,502,0.54
4,baseline_tweedie,308,0.53
4,baseline_tweedie,640,0.53
4,baseline_tweedie,240,0.53
4,baseline_tweedie,473,0.53
4,baseline_tweedie,389,0.53
4,baseline_tweedie,527,0.53
4,baseline_tweedie,595,0.52
4,baseline_tweedie,565,0.52
4,baseline_tweedie,559,0.52
4,baseline_tweedie,157,0.52
4,baseline_tweedie,406,0.52
4,baseline_tweedie,328,0.51
4,baseline_tweedie,450,0.5
4,baseline_tweedie,525,0.5
4,baseline_tweedie,399,0.5
4,baseline_tweedie,190,0.5
4,baseline_tweedie,255,0.49
4,baseline_tweedie,260,0.49
4,baseline_tweedie,222,0.49
4,baseline_tweedie,343,0.49
4,baseline_tweedie,88,0.48
4,baseline_tweedie,269,0.48
4,baseline_tweedie,135,0.48
4,baseline_tweedie,515,0.48
4,baseline_tweedie,76,0.48
4,baseline_tweedie,254,0.47
4,baseline_tweedie,346,0.47
4,baseline_tweedie,482,0.47
4,baseline_tweedie,581,0.47
4,baseline_tweedie,570,0.47
4,baseline_tweedie,84,0.46
4,baseline_tweedie,543,0.46
4,baseline_tweedie,369,0.46
4,baseline_tweedie,347,0.46
4,baseline_tweedie,289,0.46
4,baseline_tweedie,364,0.46
4,baseline_tweedie,136,0.45
4,baseline_tweedie,563,0.45
4,baseline_tweedie,268,0.45
4,baseline_tweedie,474,0.45
4,baseline_tweedie,241,0.45
4,baseline_tweedie,119,0.44
4,baseline_tweedie,512,0.44
4,baseline_tweedie,617,0.44
4,baseline_tweedie,487,0.44
4,baseline_tweedie,568,0.44
4,baseline_tweedie,390,0.44
4,baseline_tweedie,350,0.44
4,baseline_tweedie,248,0.44
4,baseline_tweedie,396,0.44
4,baseline_tweedie,647,0.44
4,baseline_tweedie,600,0.43
4,baseline_tweedie,195,0.43
4,baseline_tweedie,594,0.43
4,baseline_tweedie,164,0.42
4,baseline_tweedie,446,0.42
4,baseline_tweedie,622,0.41
4,baseline_tweedie,75,0.41
4,baseline_tweedie,327,0.41
4,baseline_tweedie,309,0.41
4,baseline_tweedie,330,0.4
4,baseline_tweedie,89,0.38
4,baseline_tweedie,183,0.38
4,baseline_tweedie,491,0.37
4,baseline_tweedie,493,0.37
4,baseline_tweedie,339,0.37
4,baseline_tweedie,78,0.37
4,baseline_tweedie,105,0.37
4,baseline_tweedie,77,0.37
4,baseline_tweedie,439,0.37
4,baseline_tweedie,546,0.36
4,baseline_tweedie,102,0.36
4,baseline_tweedie,130,0.36
4,baseline_tweedie,613,0.36
4,baseline_tweedie,492,0.36
4,baseline_tweedie,461,0.36
4,baseline_tweedie,113,0.36
4,baseline_tweedie,550,0.36
4,baseline_tweedie,643,0.36
4,baseline_tweedie,379,0.35
4,baseline_tweedie,271,0.34
4,baseline_tweedie,63,0.34
4,baseline_tweedie,62,0.34
4,baseline_tweedie,65,0.34
4,baseline_tweedie,66,0.34
4,baseline_tweedie,243,0.34
4,baseline_tweedie,329,0.34
4,baseline_tweedie,357,0.33
4,baseline_tweedie,287,0.33
4,baseline_tweedie,609,0.32
4,baseline_tweedie,448,0.32
4,baseline_tweedie,458,0.32
4,baseline_tweedie,72,0.32
4,baseline_tweedie,451,0.32
4,baseline_tweedie,292,0.31
4,baseline_tweedie,293,0.31
4,baseline_tweedie,294,0.31
4,baseline_tweedie,296,0.31
4,baseline_tweedie,288,0.31
4,baseline_tweedie,340,0.31
4,baseline_tweedie,645,0.31
4,baseline_tweedie,291,0.31
4,baseline_tweedie,297,0.31
4,baseline_tweedie,387,0.31
4,baseline_tweedie,283,0.3
4,baseline_tweedie,278,0.3
4,baseline_tweedie,284,0.3
4,baseline_tweedie,612,0.29
4,baseline_tweedie,465,0.29
4,baseline_tweedie,540,0.29
4,baseline_tweedie,466,0.29
4,baseline_tweedie,125,0.29
4,baseline_tweedie,537,0.29
4,baseline_tweedie,538,0.29
4,baseline_tweedie,101,0.28
4,baseline_tweedie,163,0.28
4,baseline_tweedie,158,0.28
4,baseline_tweedie,395,0.28
4,baseline_tweedie,426,0.28
4,baseline_tweedie,245,0.27
4,baseline_tweedie,654,0.27
4,baseline_tweedie,523,0.27
4,baseline_tweedie,146,0.27
4,baseline_tweedie,21,0.27
4,baseline_tweedie,81,0.27
4,baseline_tweedie,150,0.27
4,baseline_tweedie,152,0.27
4,baseline_tweedie,143,0.27
4,baseline_tweedie,561,0.27
4,baseline_tweedie,170,0.26
4,baseline_tweedie,631,0.26
4,baseline_tweedie,168,0.26
4,baseline_tweedie,169,0.26
4,baseline_tweedie,235,0.26
4,baseline_tweedie,234,0.26
4,baseline_tweedie,607,0.26
4,baseline_tweedie,201,0.26
4,baseline_tweedie,108,0.26
4,baseline_tweedie,232,0.26
4,baseline_tweedie,231,0.26
4,baseline_tweedie,224,0.26
4,baseline_tweedie,618,0.26
4,baseline_tweedie,228,0.26
4,baseline_tweedie,50,0.26
4,baseline_tweedie,44,0.26
4,baseline_tweedie,49,0.26
4,baseline_tweedie,48,0.26
4,baseline_tweedie,53,0.26
4,baseline_tweedie,444,0.25
4,baseline_tweedie,531,0.25
4,baseline_tweedie,560,0.25
4,baseline_tweedie,443,0.25
4,baseline_tweedie,256,0.25
4,baseline_tweedie,266,0.25
4,baseline_tweedie,270,0.25
4,baseline_tweedie,610,0.25
4,baseline_tweedie,626,0.25
4,baseline_tweedie,636,0.25
4,baseline_tweedie,530,0.25
4,baseline_tweedie,650,0.25
4,baseline_tweedie,442,0.25
4,baseline_tweedie,141,0.25
4,baseline_tweedie,608,0.24
4,baseline_tweedie,463,0.24
4,baseline_tweedie,208,0.23
4,baseline_tweedie,547,0.23
4,baseline_tweedie,653,0.23
4,baseline_tweedie,628,0.23
4,baseline_tweedie,213,0.23
4,baseline_tweedie,216,0.23
4,baseline_tweedie,299,0.23
4,baseline_tweedie,217,0.23
4,baseline_tweedie,218,0.23
4,baseline_tweedie,410,0.23
4,baseline_tweedie,409,0.23
4,baseline_tweedie,408,0.23
4,baseline_tweedie,615,0.23
4,baseline_tweedie,215,0.23
4,baseline_tweedie,318,0.23
4,baseline_tweedie,632,0.23
4,baseline_tweedie,637,0.23
4,baseline_tweedie,219,0.23
4,baseline_tweedie,602,0.23
4,baseline_tweedie,571,0.23
4,baseline_tweedie,310,0.23
4,baseline_tweedie,311,0.23
4,baseline_tweedie,553,0.23
4,baseline_tweedie,324,0.23
4,baseline_tweedie,312,0.23
4,baseline_tweedie,322,0.23
4,baseline_tweedie,314,0.23
4,baseline_tweedie,319,0.23
4,baseline_tweedie,407,0.23
4,baseline_tweedie,317,0.23
4,baseline_tweedie,404,0.23
4,baseline_tweedie,298,0.23
4,baseline_tweedie,402,0.23
4,baseline_tweedie,58,0.23
4,baseline_tweedie,59,0.23
4,baseline_tweedie,221,0.23
4,baseline_tweedie,400,0.23
4,baseline_tweedie,601,0.22
4,baseline_tweedie,524,0.22
4,baseline_tweedie,273,0.22
4,baseline_tweedie,521,0.22
4,baseline_tweedie,508,0.22
4,baseline_tweedie,140,0.22
4,baseline_tweedie,276,0.22
4,baseline_tweedie,147,0.22
4,baseline_tweedie,518,0.22
4,baseline_tweedie,227,0.22
4,baseline_tweedie,500,0.22
4,baseline_tweedie,505,0.22
4,baseline_tweedie,507,0.22
4,baseline_tweedie,275,0.22
4,baseline_tweedie,509,0.22
4,baseline_tweedie,394,0.22
4,baseline_tweedie,392,0.22
4,baseline_tweedie,517,0.22
4,baseline_tweedie,513,0.22
4,baseline_tweedie,274,0.22
4,baseline_tweedie,510,0.22
4,baseline_tweedie,511,0.22
4,baseline_tweedie,606,0.21
4,baseline_tweedie,30,0.21
4,baseline_tweedie,38,0.21
4,baseline_tweedie,220,0.21
4,baseline_tweedie,633,0.21
4,baseline_tweedie,630,0.21
4,baseline_tweedie,80,0.21
4,baseline_tweedie,205,0.21
4,baseline_tweedie,39,0.21
4,baseline_tweedie,376,0.2
4,baseline_tweedie,555,0.2
4,baseline_tweedie,374,0.2
4,baseline_tweedie,373,0.2
4,baseline_tweedie,307,0.2
4,baseline_tweedie,370,0.2
4,baseline_tweedie,303,0.2
4,baseline_tweedie,378,0.2
4,baseline_tweedie,18,0.2
4,baseline_tweedie,24,0.2
4,baseline_tweedie,23,0.2
4,baseline_tweedie,383,0.2
4,baseline_tweedie,20,0.2
4,baseline_tweedie,192,0.2
4,baseline_tweedie,191,0.2
4,baseline_tweedie,189,0.2
4,baseline_tweedie,187,0.2
4,baseline_tweedie,27,0.2
4,baseline_tweedie,199,0.2
4,baseline_tweedie,22,0.2
4,baseline_tweedie,103,0.19
4,baseline_tweedie,494,0.19
4,baseline_tweedie,489,0.19
4,baseline_tweedie,100,0.19
4,baseline_tweedie,485,0.19
4,baseline_tweedie,484,0.19
4,baseline_tweedie,497,0.19
4,baseline_tweedie,99,0.19
4,baseline_tweedie,97,0.19
4,baseline_tweedie,495,0.19
4,baseline_tweedie,651,0.19
4,baseline_tweedie,211,0.19
4,baseline_tweedie,363,0.18
4,baseline_tweedie,134,0.18
4,baseline_tweedie,92,0.18
4,baseline_tweedie,359,0.18
4,baseline_tweedie,360,0.18
4,baseline_tweedie,6,0.18
4,baseline_tweedie,620,0.18
4,baseline_tweedie,121,0.18
4,baseline_tweedie,122,0.18
4,baseline_tweedie,587,0.18
4,baseline_tweedie,126,0.18
4,baseline_tweedie,128,0.18
4,baseline_tweedie,132,0.18
4,baseline_tweedie,133,0.18
4,baseline_tweedie,386,0.18
4,baseline_tweedie,85,0.18
4,baseline_tweedie,365,0.18
4,baseline_tweedie,5,0.18
4,baseline_tweedie,639,0.18
4,baseline_tweedie,252,0.18
4,baseline_tweedie,624,0.18
4,baseline_tweedie,652,0.18
4,baseline_tweedie,251,0.18
4,baseline_tweedie,361,0.18
4,baseline_tweedie,355,0.17
4,baseline_tweedie,177,0.17
4,baseline_tweedie,526,0.17
4,baseline_tweedie,352,0.17
4,baseline_tweedie,353,0.17
4,baseline_tweedie,174,0.17
4,baseline_tweedie,180,0.17
4,baseline_tweedie,351,0.17
4,baseline_tweedie,179,0.17
4,baseline_tweedie,181,0.17
4,baseline_tweedie,475,0.17
4,baseline_tweedie,476,0.17
4,baseline_tweedie,118,0.17
4,baseline_tweedie,120,0.17
4,baseline_tweedie,354,0.17
4,baseline_tweedie,178,0.17
4,baseline_tweedie,470,0.17
4,baseline_tweedie,614,0.17
4,baseline_tweedie,479,0.17
4,baseline_tweedie,477,0.17
4,baseline_tweedie,117,0.17
4,baseline_tweedie,302,0.16
4,baseline_tweedie,272,0.16
4,baseline_tweedie,554,0.16
4,baseline_tweedie,225,0.16
4,baseline_tweedie,301,0.16
4,baseline_tweedie,405,0.16
4,baseline_tweedie,111,0.16
4,baseline_tweedie,300,0.16
4,baseline_tweedie,83,0.15
4,baseline_tweedie,437,0.15
4,baseline_tweedie,3,0.15
4,baseline_tweedie,2,0.15
4,baseline_tweedie,139,0.15
4,baseline_tweedie,137,0.15
4,baseline_tweedie,438,0.15
4,baseline_tweedie,223,0.15
4,baseline_tweedie,582,0.15
4,baseline_tweedie,436,0.15
4,baseline_tweedie,131,0.15
4,baseline_tweedie,434,0.15
4,baseline_tweedie,433,0.15
4,baseline_tweedie,430,0.15
4,baseline_tweedie,55,0.15
4,baseline_tweedie,431,0.15
4,baseline_tweedie,528,0.14
4,baseline_tweedie,193,0.14
4,baseline_tweedie,380,0.14
4,baseline_tweedie,416,0.14
4,baseline_tweedie,468,0.14
4,baseline_tweedie,599,0.14
4,baseline_tweedie,197,0.14
4,baseline_tweedie,196,0.14
4,baseline_tweedie,424,0.14
4,baseline_tweedie,425,0.14
4,baseline_tweedie,382,0.14
4,baseline_tweedie,590,0.14
4,baseline_tweedie,604,0.13
4,baseline_tweedie,341,0.13
4,baseline_tweedie,333,0.13
4,baseline_tweedie,603,0.13
4,baseline_tweedie,107,0.13
4,baseline_tweedie,641,0.13
4,baseline_tweedie,648,0.13
4,baseline_tweedie,342,0.13
4,baseline_tweedie,320,0.13
4,baseline_tweedie,344,0.13
4,baseline_tweedie,123,0.12
4,baseline_tweedie,171,0.11
4,baseline_tweedie,172,0.11
4,baseline_tweedie,623,0.11
4,baseline_tweedie,440,0.1
4,baseline_tweedie,441,0.1
4,baseline_tweedie,326,0.09
4,baseline_tweedie,625,0.09
4,baseline_tweedie,629,0.09
4,baseline_tweedie,325,0.09
4,baseline_tweedie,413,0.09
4,baseline_tweedie,414,0.09
4,baseline_tweedie,348,0.08
4,baseline_tweedie,349,0.08
4,baseline,12,3.63
4,baseline,264,3.43
4,baseline,1,3.3
4,baseline,426,3.09
4,baseline,82,3.01
4,baseline,377,2.97
4,baseline,249,2.95
4,baseline,4,2.91
4,baseline,384,2.9
4,baseline,26,2.8
4,baseline,529,2.8
4,baseline,57,2.73
4,baseline,226,2.72
4,baseline,564,2.71
4,baseline,109,2.7
4,baseline,464,2.68
4,baseline,471,2.68
4,baseline,36,2.63
4,baseline,10,2.63
4,baseline,15,2.62
4,baseline,411,2.61
4,baseline,454,2.61
4,baseline,124,2.6
4,baseline,94,2.59
4,baseline,165,2.57
4,baseline,173,2.56
4,baseline,230,2.55
4,baseline,467,2.55
4,baseline,572,2.52
4,baseline,110,2.47
4,baseline,593,2.45
4,baseline,567,2.43
4,baseline,306,2.42
4,baseline,597,2.42
4,baseline,399,2.41
4,baseline,244,2.4
4,baseline,367,2.4
4,baseline,233,2.36
4,baseline,268,2.34
4,baseline,390,2.32
4,baseline,7,2.28
4,baseline,557,2.27
4,baseline,350,2.25
4,baseline,68,2.22
4,baseline,115,2.21
4,baseline,366,2.2
4,baseline,258,2.18
4,baseline,116,2.18
4,baseline,242,2.17
4,baseline,127,2.17
4,baseline,237,2.17
4,baseline,427,2.16
4,baseline,536,2.16
4,baseline,250,2.16
4,baseline,61,2.15
4,baseline,391,2.15
4,baseline,13,2.14
4,baseline,569,2.13
4,baseline,64,2.13
4,baseline,51,2.12
4,baseline,200,2.11
4,baseline,397,2.06
4,baseline,412,2.06
4,baseline,203,2.05
4,baseline,214,2.03
4,baseline,305,2.02
4,baseline,356,2.01
4,baseline,496,2.01
4,baseline,388,2.0
4,baseline,269,2.0
4,baseline,552,1.99
4,baseline,486,1.98
4,baseline,106,1.96
4,baseline,605,1.96
4,baseline,31,1.93
4,baseline,40,1.93
4,baseline,385,1.92
4,baseline,43,1.91
4,baseline,480,1.89
4,baseline,114,1.89
4,baseline,8,1.88
4,baseline,469,1.86
4,baseline,335,1.86
4,baseline,295,1.85
4,baseline,393,1.85
4,baseline,229,1.85
4,baseline,474,1.85
4,baseline,514,1.85
4,baseline,453,1.85
4,baseline,167,1.84
4,baseline,368,1.83
4,baseline,439,1.83
4,baseline,542,1.83
4,baseline,566,1.83
4,baseline,198,1.82
4,baseline,362,1.82
4,baseline,183,1.82
4,baseline,69,1.79
4,baseline,580,1.79
4,baseline,138,1.78
4,baseline,304,1.78
4,baseline,161,1.77
4,baseline,541,1.77
4,baseline,60,1.76
4,baseline,423,1.75
4,baseline,491,1.74
4,baseline,176,1.72
4,baseline,156,1.72
4,baseline,332,1.71
4,baseline,532,1.7
4,baseline,586,1.69
4,baseline,175,1.69
4,baseline,211,1.69
4,baseline,570,1.69
4,baseline,516,1.68
4,baseline,184,1.68
4,baseline,398,1.68
4,baseline,449,1.67
4,baseline,576,1.66
4,baseline,11,1.66
4,baseline,129,1.66
4,baseline,447,1.65
4,baseline,635,1.64
4,baseline,591,1.64
4,baseline,346,1.63
4,baseline,472,1.63
4,baseline,96,1.63
4,baseline,67,1.63
4,baseline,347,1.62
4,baseline,428,1.61
4,baseline,334,1.61
4,baseline,246,1.6
4,baseline,145,1.6
4,baseline,182,1.59
4,baseline,253,1.57
4,baseline,533,1.57
4,baseline,588,1.57
4,baseline,643,1.57
4,baseline,87,1.56
4,baseline,33,1.56
4,baseline,649,1.55
4,baseline,151,1.54
4,baseline,286,1.54
4,baseline,236,1.54
4,baseline,86,1.53
4,baseline,429,1.53
4,baseline,204,1.52
4,baseline,210,1.52
4,baseline,28,1.52
4,baseline,481,1.51
4,baseline,123,1.5
4,baseline,562,1.5
4,baseline,112,1.5
4,baseline,558,1.49
4,baseline,154,1.49
4,baseline,551,1.48
4,baseline,79,1.48
4,baseline,91,1.47
4,baseline,142,1.46
4,baseline,316,1.45
4,baseline,265,1.42
4,baseline,545,1.41
4,baseline,418,1.41
4,baseline,419,1.41
4,baseline,644,1.41
4,baseline,166,1.4
4,baseline,280,1.39
4,baseline,483,1.38
4,baseline,544,1.38
4,baseline,499,1.38
4,baseline,259,1.38
4,baseline,417,1.38
4,baseline,282,1.37
4,baseline,445,1.37
4,baseline,501,1.36
4,baseline,32,1.34
4,baseline,279,1.33
4,baseline,70,1.32
4,baseline,579,1.32
4,baseline,460,1.31
4,baseline,228,1.29
4,baseline,155,1.28
4,baseline,209,1.27
4,baseline,261,1.26
4,baseline,627,1.25
4,baseline,113,1.25
4,baseline,262,1.25
4,baseline,338,1.24
4,baseline,153,1.24
4,baseline,37,1.24
4,baseline,401,1.24
4,baseline,290,1.22
4,baseline,638,1.22
4,baseline,415,1.22
4,baseline,553,1.22
4,baseline,41,1.21
4,baseline,98,1.21
4,baseline,490,1.21
4,baseline,93,1.2
4,baseline,267,1.2
4,baseline,619,1.2
4,baseline,459,1.19
4,baseline,315,1.19
4,baseline,119,1.19
4,baseline,473,1.19
4,baseline,257,1.19
4,baseline,71,1.18
4,baseline,202,1.18
4,baseline,185,1.18
4,baseline,455,1.18
4,baseline,46,1.17
4,baseline,589,1.17
4,baseline,144,1.16
4,baseline,506,1.16
4,baseline,372,1.16
4,baseline,9,1.16
4,baseline,247,1.14
4,baseline,457,1.13
4,baseline,16,1.13
4,baseline,248,1.11
4,baseline,456,1.1
4,baseline,45,1.1
4,baseline,74,1.1
4,baseline,212,1.1
4,baseline,88,1.1
4,baseline,403,1.09
4,baseline,585,1.09
4,baseline,534,1.09
4,baseline,34,1.09
4,baseline,598,1.09
4,baseline,519,1.09
4,baseline,583,1.08
4,baseline,492,1.07
4,baseline,646,1.07
4,baseline,331,1.07
4,baseline,90,1.06
4,baseline,642,1.06
4,baseline,148,1.06
4,baseline,617,1.06
4,baseline,108,1.06
4,baseline,336,1.05
4,baseline,73,1.04
4,baseline,162,1.04
4,baseline,634,1.03
4,baseline,616,1.03
4,baseline,52,1.03
4,baseline,277,1.03
4,baseline,25,1.03
4,baseline,578,1.03
4,baseline,358,1.03
4,baseline,102,1.02
4,baseline,406,1.02
4,baseline,281,1.01
4,baseline,135,1.01
4,baseline,381,1.01
4,baseline,379,1.0
4,baseline,596,0.99
4,baseline,420,0.98
4,baseline,502,0.98
4,baseline,432,0.98
4,baseline,160,0.98
4,baseline,19,0.98
4,baseline,17,0.97
4,baseline,405,0.96
4,baseline,263,0.96
4,baseline,313,0.96
4,baseline,592,0.95
4,baseline,357,0.95
4,baseline,574,0.93
4,baseline,14,0.92
4,baseline,539,0.92
4,baseline,238,0.92
4,baseline,364,0.91
4,baseline,222,0.91
4,baseline,149,0.91
4,baseline,188,0.9
4,baseline,339,0.9
4,baseline,375,0.89
4,baseline,594,0.89
4,baseline,504,0.89
4,baseline,337,0.88
4,baseline,462,0.88
4,baseline,543,0.88
4,baseline,512,0.88
4,baseline,621,0.88
4,baseline,608,0.88
4,baseline,75,0.87
4,baseline,422,0.87
4,baseline,56,0.87
4,baseline,308,0.86
4,baseline,584,0.86
4,baseline,548,0.86
4,baseline,345,0.86
4,baseline,503,0.86
4,baseline,573,0.85
4,baseline,369,0.85
4,baseline,47,0.84
4,baseline,522,0.84
4,baseline,42,0.84
4,baseline,577,0.84
4,baseline,525,0.83
4,baseline,76,0.83
4,baseline,323,0.83
4,baseline,239,0.83
4,baseline,243,0.82
4,baseline,535,0.82
4,baseline,389,0.82
4,baseline,452,0.82
4,baseline,435,0.81
4,baseline,207,0.81
4,baseline,600,0.81
4,baseline,549,0.81
4,baseline,194,0.81
4,baseline,575,0.81
4,baseline,565,0.81
4,baseline,130,0.8
4,baseline,595,0.8
4,baseline,559,0.8
4,baseline,568,0.8
4,baseline,309,0.79
4,baseline,241,0.79
4,baseline,81,0.79
4,baseline,285,0.79
4,baseline,260,0.78
4,baseline,371,0.78
4,baseline,343,0.78
4,baseline,321,0.78
4,baseline,611,0.77
4,baseline,54,0.77
4,baseline,186,0.77
4,baseline,640,0.77
4,baseline,446,0.77
4,baseline,478,0.77
4,baseline,527,0.77
4,baseline,224,0.76
4,baseline,35,0.76
4,baseline,104,0.75
4,baseline,105,0.75
4,baseline,159,0.74
4,baseline,450,0.74
4,baseline,488,0.74
4,baseline,647,0.73
4,baseline,465,0.73
4,baseline,461,0.73
4,baseline,556,0.72
4,baseline,164,0.72
4,baseline,328,0.71
4,baseline,72,0.71
4,baseline,240,0.71
4,baseline,515,0.71
4,baseline,307,0.7
4,baseline,301,0.7
4,baseline,303,0.7
4,baseline,22,0.7
4,baseline,23,0.7
4,baseline,302,0.7
4,baseline,554,0.7
4,baseline,550,0.7
4,baseline,300,0.7
4,baseline,20,0.7
4,baseline,59,0.7
4,baseline,530,0.7
4,baseline,18,0.7
4,baseline,327,0.7
4,baseline,58,0.7
4,baseline,613,0.7
4,baseline,546,0.7
4,baseline,531,0.7
4,baseline,615,0.7
4,baseline,24,0.7
4,baseline,78,0.69
4,baseline,66,0.69
4,baseline,612,0.69
4,baseline,63,0.69
4,baseline,537,0.69
4,baseline,413,0.69
4,baseline,77,0.69
4,baseline,540,0.69
4,baseline,201,0.69
4,baseline,325,0.69
4,baseline,62,0.69
4,baseline,65,0.69
4,baseline,414,0.69
4,baseline,538,0.69
4,baseline,199,0.68
4,baseline,128,0.68
4,baseline,424,0.68
4,baseline,5,0.68
4,baseline,3,0.68
4,baseline,6,0.68
4,baseline,623,0.68
4,baseline,430,0.68
4,baseline,425,0.68
4,baseline,132,0.68
4,baseline,205,0.68
4,baseline,220,0.68
4,baseline,208,0.68
4,baseline,213,0.68
4,baseline,416,0.68
4,baseline,131,0.68
4,baseline,215,0.68
4,baseline,216,0.68
4,baseline,421,0.68
4,baseline,555,0.68
4,baseline,217,0.68
4,baseline,218,0.68
4,baseline,121,0.68
4,baseline,126,0.68
4,baseline,219,0.68
4,baseline,122,0.68
4,baseline,221,0.68
4,baseline,431,0.68
4,baseline,266,0.68
4,baseline,133,0.68
4,baseline,235,0.68
4,baseline,639,0.68
4,baseline,652,0.68
4,baseline,314,0.68
4,baseline,232,0.68
4,baseline,312,0.68
4,baseline,134,0.68
4,baseline,310,0.68
4,baseline,234,0.68
4,baseline,245,0.68
4,baseline,319,0.68
4,baseline,80,0.68
4,baseline,654,0.68
4,baseline,2,0.68
4,baseline,171,0.68
4,baseline,636,0.68
4,baseline,172,0.68
4,baseline,626,0.68
4,baseline,270,0.68
4,baseline,318,0.68
4,baseline,311,0.68
4,baseline,571,0.68
4,baseline,227,0.68
4,baseline,434,0.68
4,baseline,433,0.68
4,baseline,436,0.68
4,baseline,633,0.68
4,baseline,438,0.68
4,baseline,437,0.68
4,baseline,602,0.68
4,baseline,624,0.68
4,baseline,324,0.68
4,baseline,231,0.68
4,baseline,21,0.68
4,baseline,174,0.67
4,baseline,487,0.67
4,baseline,178,0.67
4,baseline,482,0.67
4,baseline,179,0.67
4,baseline,252,0.67
4,baseline,192,0.67
4,baseline,251,0.67
4,baseline,442,0.67
4,baseline,289,0.67
4,baseline,458,0.67
4,baseline,191,0.67
4,baseline,443,0.67
4,baseline,581,0.67
4,baseline,180,0.67
4,baseline,181,0.67
4,baseline,189,0.67
4,baseline,444,0.67
4,baseline,187,0.67
4,baseline,177,0.67
4,baseline,523,0.66
4,baseline,448,0.66
4,baseline,609,0.66
4,baseline,451,0.66
4,baseline,651,0.66
4,baseline,117,0.66
4,baseline,614,0.66
4,baseline,120,0.66
4,baseline,111,0.66
4,baseline,256,0.66
4,baseline,610,0.66
4,baseline,650,0.66
4,baseline,118,0.66
4,baseline,288,0.65
4,baseline,276,0.65
4,baseline,89,0.65
4,baseline,274,0.65
4,baseline,291,0.65
4,baseline,273,0.65
4,baseline,292,0.65
4,baseline,293,0.65
4,baseline,296,0.65
4,baseline,297,0.65
4,baseline,340,0.65
4,baseline,275,0.65
4,baseline,294,0.65
4,baseline,645,0.65
4,baseline,27,0.65
4,baseline,524,0.64
4,baseline,601,0.64
4,baseline,507,0.64
4,baseline,505,0.64
4,baseline,509,0.64
4,baseline,510,0.64
4,baseline,500,0.64
4,baseline,511,0.64
4,baseline,497,0.64
4,baseline,284,0.64
4,baseline,225,0.64
4,baseline,278,0.64
4,baseline,463,0.64
4,baseline,513,0.64
4,baseline,495,0.64
4,baseline,494,0.64
4,baseline,147,0.64
4,baseline,493,0.64
4,baseline,517,0.64
4,baseline,518,0.64
4,baseline,521,0.64
4,baseline,283,0.64
4,baseline,508,0.64
4,baseline,376,0.64
4,baseline,378,0.64
4,baseline,355,0.64
4,baseline,354,0.64
4,baseline,353,0.64
4,baseline,352,0.64
4,baseline,351,0.64
4,baseline,383,0.64
4,baseline,370,0.64
4,baseline,373,0.64
4,baseline,374,0.64
4,baseline,363,0.63
4,baseline,365,0.63
4,baseline,272,0.63
4,baseline,631,0.63
4,baseline,197,0.63
4,baseline,360,0.63
4,baseline,196,0.63
4,baseline,193,0.63
4,baseline,607,0.63
4,baseline,137,0.63
4,baseline,157,0.63
4,baseline,139,0.63
4,baseline,53,0.63
4,baseline,50,0.63
4,baseline,49,0.63
4,baseline,48,0.63
4,baseline,44,0.63
4,baseline,361,0.63
4,baseline,599,0.63
4,baseline,440,0.63
4,baseline,84,0.63
4,baseline,441,0.63
4,baseline,317,0.63
4,baseline,359,0.63
4,baseline,322,0.63
4,baseline,618,0.63
4,baseline,344,0.62
4,baseline,630,0.62
4,baseline,466,0.62
4,baseline,484,0.62
4,baseline,326,0.62
4,baseline,341,0.62
4,baseline,489,0.62
4,baseline,606,0.62
4,baseline,590,0.62
4,baseline,485,0.62
4,baseline,342,0.62
4,baseline,39,0.62
4,baseline,206,0.62
4,baseline,38,0.62
4,baseline,30,0.62
4,baseline,468,0.62
4,baseline,604,0.62
4,baseline,625,0.62
4,baseline,629,0.62
4,baseline,29,0.62
4,baseline,648,0.62
4,baseline,163,0.61
4,baseline,141,0.61
4,baseline,136,0.61
4,baseline,158,0.61
4,baseline,101,0.61
4,baseline,333,0.61
4,baseline,637,0.61
4,baseline,622,0.61
4,baseline,641,0.61
4,baseline,603,0.61
4,baseline,470,0.61
4,baseline,298,0.61
4,baseline,380,0.61
4,baseline,475,0.61
4,baseline,476,0.61
4,baseline,477,0.61
4,baseline,299,0.61
4,baseline,479,0.61
4,baseline,382,0.61
4,baseline,632,0.61
4,baseline,560,0.61
4,baseline,55,0.6
4,baseline,528,0.6
4,baseline,582,0.6
4,baseline,520,0.6
4,baseline,396,0.6
4,baseline,410,0.6
4,baseline,561,0.6
4,baseline,628,0.6
4,baseline,409,0.6
4,baseline,408,0.6
4,baseline,407,0.6
4,baseline,143,0.6
4,baseline,404,0.6
4,baseline,402,0.6
4,baseline,653,0.6
4,baseline,152,0.6
4,baseline,150,0.6
4,baseline,146,0.6
4,baseline,400,0.6
4,baseline,620,0.59
4,baseline,103,0.59
4,baseline,100,0.59
4,baseline,386,0.59
4,baseline,587,0.59
4,baseline,99,0.59
4,baseline,92,0.59
4,baseline,85,0.59
4,baseline,83,0.59
4,baseline,392,0.58
4,baseline,394,0.58
4,baseline,349,0.57
4,baseline,107,0.57
4,baseline,547,0.57
4,baseline,348,0.57
4,baseline,170,0.56
4,baseline,169,0.56
4,baseline,168,0.56
4,baseline,287,0.56
4,baseline,140,0.55
4,baseline,526,0.55
4,baseline,498,0.54
4,baseline,563,0.53
4,baseline,125,0.53
4,baseline,330,0.53
4,baseline,223,0.52
4,baseline,320,0.5
4,baseline,329,0.49
4,baseline,254,0.48
4,baseline,195,0.46
4,baseline,271,0.45
4,baseline,255,0.45
4,baseline,387,0.44
4,baseline,190,0.4
4,baseline,395,0.36
4,baseline,95,0.29
4,baseline,97,0.11
4,twohead,567,4.04
4,twohead,597,3.89
4,twohead,57,3.68
4,twohead,384,3.66
4,twohead,1,3.52
4,twohead,426,3.44
4,twohead,412,3.32
4,twohead,109,3.24
4,twohead,28,3.23
4,twohead,427,3.19
4,twohead,467,3.18
4,twohead,249,3.1
4,twohead,110,3.05
4,twohead,366,3.04
4,twohead,82,3.03
4,twohead,94,2.91
4,twohead,367,2.88
4,twohead,432,2.87
4,twohead,68,2.85
4,twohead,12,2.85
4,twohead,165,2.85
4,twohead,464,2.85
4,twohead,569,2.83
4,twohead,411,2.83
4,twohead,250,2.8
4,twohead,40,2.78
4,twohead,41,2.78
4,twohead,552,2.78
4,twohead,385,2.76
4,twohead,226,2.72
4,twohead,127,2.71
4,twohead,198,2.7
4,twohead,154,2.69
4,twohead,529,2.68
4,twohead,564,2.64
4,twohead,156,2.57
4,twohead,542,2.56
4,twohead,138,2.55
4,twohead,423,2.51
4,twohead,591,2.51
4,twohead,230,2.44
4,twohead,13,2.42
4,twohead,496,2.42
4,twohead,368,2.42
4,twohead,233,2.42
4,twohead,350,2.38
4,twohead,566,2.36
4,twohead,236,2.36
4,twohead,33,2.35
4,twohead,332,2.35
4,twohead,533,2.34
4,twohead,536,2.33
4,twohead,86,2.32
4,twohead,335,2.31
4,twohead,166,2.31
4,twohead,96,2.31
4,twohead,605,2.29
4,twohead,346,2.29
4,twohead,557,2.28
4,twohead,428,2.28
4,twohead,26,2.28
4,twohead,334,2.28
4,twohead,305,2.27
4,twohead,447,2.26
4,twohead,417,2.25
4,twohead,69,2.23
4,twohead,79,2.22
4,twohead,401,2.21
4,twohead,10,2.2
4,twohead,649,2.2
4,twohead,429,2.19
4,twohead,67,2.18
4,twohead,593,2.17
4,twohead,43,2.17
4,twohead,15,2.16
4,twohead,399,2.12
4,twohead,418,2.11
4,twohead,36,2.11
4,twohead,184,2.09
4,twohead,200,2.09
4,twohead,544,2.08
4,twohead,173,2.08
4,twohead,449,2.08
4,twohead,338,2.07
4,twohead,397,2.05
4,twohead,393,2.04
4,twohead,572,2.04
4,twohead,316,2.04
4,twohead,460,2.03
4,twohead,45,2.02
4,twohead,503,2.02
4,twohead,290,2.01
4,twohead,242,2.01
4,twohead,182,2.01
4,twohead,46,2.01
4,twohead,545,1.99
4,twohead,51,1.98
4,twohead,471,1.98
4,twohead,454,1.98
4,twohead,514,1.97
4,twohead,499,1.97
4,twohead,98,1.96
4,twohead,268,1.96
4,twohead,481,1.96
4,twohead,279,1.95
4,twohead,390,1.95
4,twohead,224,1.95
4,twohead,532,1.94
4,twohead,553,1.93
4,twohead,480,1.93
4,twohead,264,1.93
4,twohead,4,1.92
4,twohead,115,1.9
4,twohead,379,1.87
4,twohead,286,1.87
4,twohead,244,1.87
4,twohead,91,1.86
4,twohead,304,1.84
4,twohead,551,1.81
4,twohead,469,1.8
4,twohead,282,1.79
4,twohead,37,1.78
4,twohead,277,1.78
4,twohead,474,1.78
4,twohead,516,1.78
4,twohead,415,1.77
4,twohead,453,1.77
4,twohead,211,1.76
4,twohead,504,1.76
4,twohead,61,1.76
4,twohead,87,1.75
4,twohead,377,1.75
4,twohead,229,1.75
4,twohead,116,1.74
4,twohead,644,1.73
4,twohead,403,1.71
4,twohead,261,1.71
4,twohead,362,1.71
4,twohead,445,1.7
4,twohead,492,1.69
4,twohead,356,1.69
4,twohead,145,1.68
4,twohead,142,1.67
4,twohead,161,1.67
4,twohead,7,1.67
4,twohead,175,1.66
4,twohead,558,1.66
4,twohead,534,1.66
4,twohead,195,1.65
4,twohead,391,1.65
4,twohead,491,1.65
4,twohead,358,1.64
4,twohead,579,1.64
4,twohead,588,1.63
4,twohead,202,1.63
4,twohead,439,1.62
4,twohead,32,1.62
4,twohead,472,1.62
4,twohead,259,1.61
4,twohead,209,1.61
4,twohead,388,1.6
4,twohead,64,1.6
4,twohead,106,1.6
4,twohead,124,1.6
4,twohead,31,1.59
4,twohead,47,1.59
4,twohead,239,1.59
4,twohead,619,1.59
4,twohead,347,1.58
4,twohead,483,1.58
4,twohead,640,1.57
4,twohead,203,1.57
4,twohead,565,1.57
4,twohead,501,1.56
4,twohead,267,1.56
4,twohead,8,1.55
4,twohead,129,1.54
4,twohead,19,1.53
4,twohead,269,1.52
4,twohead,70,1.51
4,twohead,112,1.5
4,twohead,580,1.5
4,twohead,570,1.49
4,twohead,204,1.49
4,twohead,486,1.49
4,twohead,119,1.47
4,twohead,398,1.47
4,twohead,246,1.47
4,twohead,295,1.47
4,twohead,419,1.46
4,twohead,73,1.44
4,twohead,153,1.41
4,twohead,345,1.41
4,twohead,60,1.41
4,twohead,455,1.41
4,twohead,257,1.4
4,twohead,214,1.4
4,twohead,576,1.39
4,twohead,456,1.39
4,twohead,589,1.37
4,twohead,405,1.37
4,twohead,176,1.37
4,twohead,315,1.35
4,twohead,183,1.34
4,twohead,265,1.34
4,twohead,512,1.31
4,twohead,519,1.31
4,twohead,105,1.3
4,twohead,253,1.3
4,twohead,247,1.3
4,twohead,306,1.29
4,twohead,598,1.29
4,twohead,201,1.28
4,twohead,190,1.24
4,twohead,114,1.24
4,twohead,167,1.23
4,twohead,238,1.22
4,twohead,459,1.22
4,twohead,372,1.21
4,twohead,93,1.19
4,twohead,331,1.18
4,twohead,151,1.18
4,twohead,113,1.17
4,twohead,71,1.17
4,twohead,148,1.16
4,twohead,642,1.15
4,twohead,541,1.15
4,twohead,323,1.13
4,twohead,258,1.12
4,twohead,95,1.11
4,twohead,336,1.11
4,twohead,627,1.11
4,twohead,371,1.11
4,twohead,280,1.11
4,twohead,506,1.09
4,twohead,617,1.08
4,twohead,222,1.08
4,twohead,313,1.06
4,twohead,104,1.05
4,twohead,330,1.05
4,twohead,465,1.05
4,twohead,130,1.04
4,twohead,262,1.03
4,twohead,186,1.03
4,twohead,223,1.02
4,twohead,140,1.0
4,twohead,254,0.99
4,twohead,586,0.99
4,twohead,502,0.98
4,twohead,592,0.96
4,twohead,237,0.96
4,twohead,260,0.95
4,twohead,194,0.95
4,twohead,9,0.95
4,twohead,327,0.95
4,twohead,523,0.94
4,twohead,562,0.94
4,twohead,635,0.94
4,twohead,596,0.93
4,twohead,144,0.92
4,twohead,123,0.89
4,twohead,17,0.89
4,twohead,11,0.87
4,twohead,29,0.87
4,twohead,102,0.87
4,twohead,420,0.86
4,twohead,422,0.85
4,twohead,271,0.85
4,twohead,643,0.83
4,twohead,88,0.81
4,twohead,634,0.81
4,twohead,421,0.81
4,twohead,616,0.81
4,twohead,56,0.8
4,twohead,585,0.79
4,twohead,155,0.79
4,twohead,490,0.78
4,twohead,125,0.78
4,twohead,594,0.78
4,twohead,369,0.77
4,twohead,395,0.77
4,twohead,611,0.76
4,twohead,575,0.75
4,twohead,463,0.75
4,twohead,527,0.75
4,twohead,210,0.75
4,twohead,526,0.75
4,twohead,583,0.75
4,twohead,357,0.74
4,twohead,337,0.74
4,twohead,287,0.74
4,twohead,34,0.74
4,twohead,608,0.74
4,twohead,525,0.73
4,twohead,248,0.73
4,twohead,387,0.71
4,twohead,488,0.7
4,twohead,343,0.7
4,twohead,255,0.69
4,twohead,90,0.69
4,twohead,381,0.69
4,twohead,162,0.69
4,twohead,52,0.67
4,twohead,473,0.67
4,twohead,72,0.66
4,twohead,364,0.66
4,twohead,16,0.65
4,twohead,263,0.64
4,twohead,543,0.63
4,twohead,539,0.63
4,twohead,646,0.62
4,twohead,498,0.6
4,twohead,638,0.6
4,twohead,74,0.6
4,twohead,584,0.58
4,twohead,309,0.58
4,twohead,108,0.57
4,twohead,281,0.54
4,twohead,522,0.54
4,twohead,157,0.52
4,twohead,462,0.51
4,twohead,185,0.51
4,twohead,520,0.5
4,twohead,14,0.5
4,twohead,241,0.5
4,twohead,149,0.5
4,twohead,289,0.5
4,twohead,42,0.49
4,twohead,84,0.48
4,twohead,188,0.47
4,twohead,406,0.46
4,twohead,97,0.45
4,twohead,457,0.45
4,twohead,329,0.45
4,twohead,389,0.45
4,twohead,243,0.45
4,twohead,160,0.44
4,twohead,320,0.43
4,twohead,206,0.42
4,twohead,600,0.42
4,twohead,308,0.42
4,twohead,535,0.42
4,twohead,375,0.41
4,twohead,621,0.4
4,twohead,515,0.4
4,twohead,54,0.4
4,twohead,339,0.39
4,twohead,578,0.37
4,twohead,135,0.37
4,twohead,25,0.36
4,twohead,76,0.35
4,twohead,563,0.34
4,twohead,478,0.33
4,twohead,548,0.33
4,twohead,207,0.32
4,twohead,577,0.31
4,twohead,647,0.29
4,twohead,81,0.29
4,twohead,574,0.27
4,twohead,35,0.27
4,twohead,212,0.27
4,twohead,549,0.27
4,twohead,547,0.27
4,twohead,568,0.26
4,twohead,435,0.26
4,twohead,622,0.25
4,twohead,285,0.24
4,twohead,452,0.23
4,twohead,228,0.22
4,twohead,75,0.22
4,twohead,446,0.21
4,twohead,89,0.21
4,twohead,396,0.21
4,twohead,321,0.2
4,twohead,581,0.19
4,twohead,595,0.18
4,twohead,559,0.18
4,twohead,556,0.18
4,twohead,493,0.17
4,twohead,328,0.17
4,twohead,240,0.16
4,twohead,159,0.16
4,twohead,164,0.16
4,twohead,482,0.15
4,twohead,487,0.14
4,twohead,136,0.13
4,twohead,3,0.09
4,twohead,2,0.09
4,twohead,530,0.09
4,twohead,325,0.09
4,twohead,413,0.09
4,twohead,414,0.09
4,twohead,531,0.09
4,twohead,555,0.09
4,twohead,497,0.09
4,twohead,573,0.09
4,twohead,495,0.09
4,twohead,199,0.09
4,twohead,494,0.09
4,twohead,355,0.08
4,twohead,171,0.08
4,twohead,172,0.08
4,twohead,612,0.08
4,twohead,625,0.08
4,twohead,386,0.08
4,twohead,629,0.08
4,twohead,590,0.08
4,twohead,351,0.08
4,twohead,352,0.08
4,twohead,630,0.08
4,twohead,354,0.08
4,twohead,353,0.08
4,twohead,276,0.08
4,twohead,587,0.08
4,twohead,468,0.08
4,twohead,623,0.08
4,twohead,227,0.08
4,twohead,450,0.08
4,twohead,326,0.08
4,twohead,275,0.08
4,twohead,274,0.08
4,twohead,273,0.08
4,twohead,606,0.07
4,twohead,416,0.07
4,twohead,59,0.07
4,twohead,83,0.07
4,twohead,537,0.07
4,twohead,38,0.07
4,twohead,30,0.07
4,twohead,141,0.07
4,twohead,111,0.07
4,twohead,424,0.07
4,twohead,39,0.07
4,twohead,540,0.07
4,twohead,538,0.07
4,twohead,58,0.07
4,twohead,620,0.07
4,twohead,425,0.07
4,twohead,615,0.07
4,twohead,651,0.07
4,twohead,301,0.07
4,twohead,560,0.07
4,twohead,181,0.07
4,twohead,178,0.07
4,twohead,177,0.07
4,twohead,174,0.07
4,twohead,348,0.07
4,twohead,349,0.07
4,twohead,554,0.07
4,twohead,641,0.07
4,twohead,302,0.07
4,twohead,179,0.07
4,twohead,300,0.07
4,twohead,180,0.07
4,twohead,252,0.07
4,twohead,251,0.07
4,twohead,511,0.06
4,twohead,85,0.06
4,twohead,65,0.06
4,twohead,470,0.06
4,twohead,66,0.06
4,twohead,205,0.06
4,twohead,234,0.06
4,twohead,599,0.06
4,twohead,272,0.06
4,twohead,235,0.06
4,twohead,6,0.06
4,twohead,510,0.06
4,twohead,5,0.06
4,twohead,197,0.06
4,twohead,196,0.06
4,twohead,193,0.06
4,twohead,92,0.06
4,twohead,107,0.06
4,twohead,333,0.06
4,twohead,63,0.06
4,twohead,62,0.06
4,twohead,475,0.06
4,twohead,582,0.06
4,twohead,509,0.06
4,twohead,508,0.06
4,twohead,507,0.06
4,twohead,505,0.06
4,twohead,500,0.06
4,twohead,220,0.06
4,twohead,633,0.06
4,twohead,55,0.06
4,twohead,147,0.06
4,twohead,476,0.06
4,twohead,632,0.06
4,twohead,637,0.06
4,twohead,650,0.06
4,twohead,610,0.06
4,twohead,231,0.06
4,twohead,479,0.06
4,twohead,232,0.06
4,twohead,477,0.06
4,twohead,80,0.06
4,twohead,256,0.06
4,twohead,380,0.06
4,twohead,382,0.06
4,twohead,648,0.06
4,twohead,359,0.06
4,twohead,603,0.06
4,twohead,360,0.06
4,twohead,394,0.06
4,twohead,365,0.06
4,twohead,363,0.06
4,twohead,392,0.06
4,twohead,361,0.06
4,twohead,444,0.05
4,twohead,604,0.05
4,twohead,225,0.05
4,twohead,284,0.05
4,twohead,322,0.05
4,twohead,528,0.05
4,twohead,283,0.05
4,twohead,442,0.05
4,twohead,461,0.05
4,twohead,317,0.05
4,twohead,27,0.05
4,twohead,614,0.05
4,twohead,303,0.05
4,twohead,278,0.05
4,twohead,443,0.05
4,twohead,307,0.05
4,twohead,299,0.05
4,twohead,344,0.05
4,twohead,341,0.05
4,twohead,342,0.05
4,twohead,441,0.05
4,twohead,298,0.05
4,twohead,654,0.05
4,twohead,440,0.05
4,twohead,146,0.04
4,twohead,524,0.04
4,twohead,521,0.04
4,twohead,294,0.04
4,twohead,296,0.04
4,twohead,518,0.04
4,twohead,517,0.04
4,twohead,484,0.04
4,twohead,485,0.04
4,twohead,631,0.04
4,twohead,21,0.04
4,twohead,50,0.04
4,twohead,489,0.04
4,twohead,169,0.04
4,twohead,618,0.04
4,twohead,645,0.04
4,twohead,607,0.04
4,twohead,601,0.04
4,twohead,297,0.04
4,twohead,49,0.04
4,twohead,53,0.04
4,twohead,143,0.04
4,twohead,44,0.04
4,twohead,513,0.04
4,twohead,48,0.04
4,twohead,561,0.04
4,twohead,383,0.04
4,twohead,288,0.04
4,twohead,291,0.04
4,twohead,170,0.04
4,twohead,340,0.04
4,twohead,293,0.04
4,twohead,139,0.04
4,twohead,433,0.04
4,twohead,448,0.04
4,twohead,653,0.04
4,twohead,131,0.04
4,twohead,192,0.04
4,twohead,99,0.04
4,twohead,438,0.04
4,twohead,437,0.04
4,twohead,436,0.04
4,twohead,191,0.04
4,twohead,434,0.04
4,twohead,100,0.04
4,twohead,24,0.04
4,twohead,431,0.04
4,twohead,430,0.04
4,twohead,103,0.04
4,twohead,189,0.04
4,twohead,187,0.04
4,twohead,117,0.04
4,twohead,118,0.04
4,twohead,120,0.04
4,twohead,613,0.04
4,twohead,370,0.04
4,twohead,628,0.04
4,twohead,373,0.04
4,twohead,451,0.04
4,twohead,550,0.04
4,twohead,23,0.04
4,twohead,636,0.04
4,twohead,22,0.04
4,twohead,626,0.04
4,twohead,292,0.04
4,twohead,150,0.04
4,twohead,378,0.04
4,twohead,152,0.04
4,twohead,20,0.04
4,twohead,609,0.04
4,twohead,77,0.04
4,twohead,78,0.04
4,twohead,18,0.04
4,twohead,376,0.04
4,twohead,168,0.04
4,twohead,374,0.04
4,twohead,546,0.04
4,twohead,270,0.04
4,twohead,245,0.04
4,twohead,266,0.04
4,twohead,137,0.04
4,twohead,128,0.03
4,twohead,215,0.03
4,twohead,221,0.03
4,twohead,410,0.03
4,twohead,314,0.03
4,twohead,409,0.03
4,twohead,466,0.03
4,twohead,318,0.03
4,twohead,319,0.03
4,twohead,324,0.03
4,twohead,571,0.03
4,twohead,219,0.03
4,twohead,134,0.03
4,twohead,602,0.03
4,twohead,133,0.03
4,twohead,132,0.03
4,twohead,121,0.03
4,twohead,122,0.03
4,twohead,312,0.03
4,twohead,311,0.03
4,twohead,310,0.03
4,twohead,408,0.03
4,twohead,218,0.03
4,twohead,652,0.03
4,twohead,639,0.03
4,twohead,217,0.03
4,twohead,216,0.03
4,twohead,126,0.03
4,twohead,624,0.03
4,twohead,213,0.03
4,twohead,400,0.03
4,twohead,402,0.03
4,twohead,208,0.03
4,twohead,404,0.03
4,twohead,407,0.03
4,twohead,458,0.02
4,twohead,158,0.02
4,twohead,101,0.02
4,twohead,163,0.02
4,position_specific,1,5.96
4,position_specific,109,5.51
4,position_specific,82,5.51
4,position_specific,226,5.3
4,position_specific,411,5.25
4,position_specific,110,4.91
4,position_specific,28,4.9
4,position_specific,467,4.79
4,position_specific,165,4.65
4,position_specific,564,4.63
4,position_specific,384,4.56
4,position_specific,249,4.54
4,position_specific,529,4.21
4,position_specific,412,4.2
4,position_specific,198,4.18
4,position_specific,496,4.16
4,position_specific,250,4.15
4,position_specific,26,4.11
4,position_specific,464,4.06
4,position_specific,40,4.05
4,position_specific,426,4.01
4,position_specific,597,4.0
4,position_specific,350,3.9
4,position_specific,567,3.9
4,position_specific,367,3.88
4,position_specific,572,3.86
4,position_specific,427,3.77
4,position_specific,295,3.72
4,position_specific,368,3.69
4,position_specific,154,3.66
4,position_specific,15,3.64
4,position_specific,379,3.63
4,position_specific,94,3.54
4,position_specific,316,3.53
4,position_specific,385,3.45
4,position_specific,67,3.29
4,position_specific,366,3.23
4,position_specific,346,3.2
4,position_specific,552,3.2
4,position_specific,224,3.19
4,position_specific,68,3.14
4,position_specific,569,3.14
4,position_specific,491,3.13
4,position_specific,264,3.12
4,position_specific,4,3.11
4,position_specific,236,3.07
4,position_specific,106,3.06
4,position_specific,237,3.01
4,position_specific,399,3.01
4,position_specific,57,3.0
4,position_specific,127,2.97
4,position_specific,86,2.94
4,position_specific,96,2.92
4,position_specific,79,2.92
4,position_specific,277,2.9
4,position_specific,12,2.9
4,position_specific,397,2.9
4,position_specific,138,2.89
4,position_specific,156,2.86
4,position_specific,242,2.84
4,position_specific,557,2.79
4,position_specific,315,2.77
4,position_specific,545,2.73
4,position_specific,202,2.72
4,position_specific,43,2.71
4,position_specific,542,2.71
4,position_specific,591,2.69
4,position_specific,347,2.69
4,position_specific,428,2.67
4,position_specific,115,2.67
4,position_specific,544,2.64
4,position_specific,335,2.64
4,position_specific,536,2.64
4,position_specific,454,2.62
4,position_specific,439,2.61
4,position_specific,429,2.57
4,position_specific,605,2.55
4,position_specific,98,2.54
4,position_specific,211,2.53
4,position_specific,69,2.51
4,position_specific,8,2.5
4,position_specific,469,2.48
4,position_specific,268,2.48
4,position_specific,401,2.47
4,position_specific,13,2.46
4,position_specific,481,2.45
4,position_specific,124,2.45
4,position_specific,167,2.44
4,position_specific,398,2.44
4,position_specific,377,2.44
4,position_specific,480,2.43
4,position_specific,10,2.41
4,position_specific,229,2.4
4,position_specific,46,2.4
4,position_specific,391,2.39
4,position_specific,166,2.38
4,position_specific,261,2.38
4,position_specific,449,2.37
4,position_specific,553,2.37
4,position_specific,203,2.35
4,position_specific,453,2.33
4,position_specific,244,2.33
4,position_specific,362,2.33
4,position_specific,183,2.32
4,position_specific,388,2.31
4,position_specific,70,2.3
4,position_specific,492,2.3
4,position_specific,486,2.27
4,position_specific,356,2.23
4,position_specific,161,2.22
4,position_specific,393,2.22
4,position_specific,338,2.22
4,position_specific,41,2.19
4,position_specific,214,2.17
4,position_specific,533,2.15
4,position_specific,570,2.15
4,position_specific,271,2.14
4,position_specific,259,2.12
4,position_specific,306,2.12
4,position_specific,175,2.12
4,position_specific,290,2.11
4,position_specific,332,2.06
4,position_specific,514,2.05
4,position_specific,445,2.05
4,position_specific,286,2.04
4,position_specific,282,2.03
4,position_specific,47,2.02
4,position_specific,142,2.02
4,position_specific,417,2.02
4,position_specific,334,2.01
4,position_specific,471,2.0
4,position_specific,483,1.99
4,position_specific,472,1.98
4,position_specific,184,1.97
4,position_specific,210,1.97
4,position_specific,125,1.96
4,position_specific,51,1.96
4,position_specific,419,1.96
4,position_specific,551,1.94
4,position_specific,45,1.94
4,position_specific,432,1.93
4,position_specific,460,1.93
4,position_specific,619,1.92
4,position_specific,390,1.92
4,position_specific,173,1.91
4,position_specific,423,1.91
4,position_specific,60,1.91
4,position_specific,129,1.9
4,position_specific,145,1.9
4,position_specific,61,1.88
4,position_specific,233,1.88
4,position_specific,588,1.88
4,position_specific,87,1.88
4,position_specific,532,1.86
4,position_specific,222,1.84
4,position_specific,593,1.84
4,position_specific,246,1.84
4,position_specific,562,1.81
4,position_specific,176,1.81
4,position_specific,247,1.81
4,position_specific,516,1.81
4,position_specific,372,1.8
4,position_specific,153,1.79
4,position_specific,31,1.79
4,position_specific,116,1.78
4,position_specific,474,1.78
4,position_specific,455,1.78
4,position_specific,566,1.77
4,position_specific,267,1.75
4,position_specific,345,1.75
4,position_specific,304,1.75
4,position_specific,504,1.73
4,position_specific,113,1.71
4,position_specific,558,1.7
4,position_specific,195,1.69
4,position_specific,447,1.68
4,position_specific,182,1.67
4,position_specific,37,1.67
4,position_specific,586,1.66
4,position_specific,565,1.66
4,position_specific,465,1.66
4,position_specific,580,1.65
4,position_specific,200,1.64
4,position_specific,239,1.63
4,position_specific,525,1.63
4,position_specific,643,1.62
4,position_specific,253,1.61
4,position_specific,358,1.61
4,position_specific,204,1.6
4,position_specific,541,1.6
4,position_specific,7,1.6
4,position_specific,190,1.59
4,position_specific,64,1.59
4,position_specific,140,1.58
4,position_specific,201,1.58
4,position_specific,456,1.57
4,position_specific,371,1.56
4,position_specific,331,1.56
4,position_specific,114,1.56
4,position_specific,649,1.56
4,position_specific,265,1.55
4,position_specific,405,1.54
4,position_specific,258,1.54
4,position_specific,598,1.54
4,position_specific,305,1.54
4,position_specific,33,1.53
4,position_specific,95,1.53
4,position_specific,230,1.53
4,position_specific,151,1.53
4,position_specific,473,1.52
4,position_specific,194,1.52
4,position_specific,459,1.51
4,position_specific,155,1.51
4,position_specific,640,1.49
4,position_specific,223,1.49
4,position_specific,313,1.48
4,position_specific,635,1.47
4,position_specific,105,1.47
4,position_specific,644,1.47
4,position_specific,73,1.44
4,position_specific,91,1.44
4,position_specific,112,1.44
4,position_specific,330,1.43
4,position_specific,36,1.42
4,position_specific,418,1.42
4,position_specific,579,1.42
4,position_specific,589,1.41
4,position_specific,501,1.41
4,position_specific,336,1.4
4,position_specific,11,1.39
4,position_specific,209,1.39
4,position_specific,320,1.38
4,position_specific,594,1.36
4,position_specific,576,1.35
4,position_specific,512,1.35
4,position_specific,269,1.34
4,position_specific,228,1.33
4,position_specific,123,1.31
4,position_specific,32,1.31
4,position_specific,634,1.31
4,position_specific,526,1.3
4,position_specific,84,1.3
4,position_specific,97,1.29
4,position_specific,260,1.28
4,position_specific,575,1.28
4,position_specific,257,1.26
4,position_specific,280,1.25
4,position_specific,415,1.24
4,position_specific,71,1.22
4,position_specific,287,1.21
4,position_specific,627,1.19
4,position_specific,337,1.18
4,position_specific,503,1.17
4,position_specific,29,1.17
4,position_specific,309,1.16
4,position_specific,506,1.16
4,position_specific,254,1.16
4,position_specific,88,1.15
4,position_specific,119,1.14
4,position_specific,9,1.14
4,position_specific,519,1.14
4,position_specific,279,1.14
4,position_specific,490,1.12
4,position_specific,463,1.08
4,position_specific,403,1.08
4,position_specific,642,1.07
4,position_specific,592,1.07
4,position_specific,499,1.06
4,position_specific,534,1.06
4,position_specific,502,1.05
4,position_specific,422,1.05
4,position_specific,19,1.05
4,position_specific,144,1.05
4,position_specific,617,1.04
4,position_specific,104,1.03
4,position_specific,16,1.03
4,position_specific,587,1.02
4,position_specific,413,1.02
4,position_specific,386,1.02
4,position_specific,325,1.02
4,position_specific,414,1.02
4,position_specific,488,1.01
4,position_specific,289,1.0
4,position_specific,102,0.99
4,position_specific,83,0.99
4,position_specific,554,0.98
4,position_specific,302,0.98
4,position_specific,273,0.98
4,position_specific,274,0.98
4,position_specific,275,0.98
4,position_specific,276,0.98
4,position_specific,300,0.98
4,position_specific,301,0.98
4,position_specific,160,0.98
4,position_specific,252,0.97
4,position_specific,251,0.97
4,position_specific,468,0.97
4,position_specific,590,0.97
4,position_specific,162,0.96
4,position_specific,616,0.96
4,position_specific,186,0.96
4,position_specific,585,0.96
4,position_specific,638,0.96
4,position_specific,238,0.96
4,position_specific,443,0.95
4,position_specific,442,0.95
4,position_specific,444,0.95
4,position_specific,523,0.95
4,position_specific,148,0.94
4,position_specific,543,0.94
4,position_specific,199,0.93
4,position_specific,555,0.93
4,position_specific,255,0.93
4,position_specific,494,0.93
4,position_specific,495,0.93
4,position_specific,497,0.93
4,position_specific,227,0.93
4,position_specific,130,0.91
4,position_specific,3,0.9
4,position_specific,2,0.9
4,position_specific,615,0.89
4,position_specific,58,0.89
4,position_specific,59,0.89
4,position_specific,387,0.88
4,position_specific,262,0.88
4,position_specific,560,0.87
4,position_specific,141,0.87
4,position_specific,583,0.85
4,position_specific,108,0.85
4,position_specific,93,0.84
4,position_specific,74,0.84
4,position_specific,248,0.84
4,position_specific,646,0.83
4,position_specific,355,0.83
4,position_specific,354,0.83
4,position_specific,351,0.83
4,position_specific,352,0.83
4,position_specific,56,0.83
4,position_specific,353,0.83
4,position_specific,171,0.83
4,position_specific,172,0.83
4,position_specific,623,0.83
4,position_specific,522,0.83
4,position_specific,90,0.83
4,position_specific,629,0.82
4,position_specific,625,0.82
4,position_specific,111,0.82
4,position_specific,327,0.82
4,position_specific,326,0.82
4,position_specific,17,0.81
4,position_specific,207,0.81
4,position_specific,323,0.81
4,position_specific,149,0.81
4,position_specific,462,0.8
4,position_specific,406,0.78
4,position_specific,530,0.78
4,position_specific,531,0.78
4,position_specific,357,0.78
4,position_specific,608,0.78
4,position_specific,577,0.77
4,position_specific,157,0.77
4,position_specific,420,0.76
4,position_specific,329,0.74
4,position_specific,578,0.73
4,position_specific,241,0.73
4,position_specific,457,0.73
4,position_specific,584,0.72
4,position_specific,563,0.72
4,position_specific,539,0.71
4,position_specific,206,0.7
4,position_specific,600,0.69
4,position_specific,212,0.69
4,position_specific,369,0.69
4,position_specific,52,0.69
4,position_specific,14,0.68
4,position_specific,375,0.68
4,position_specific,596,0.67
4,position_specific,42,0.66
4,position_specific,263,0.66
4,position_specific,185,0.65
4,position_specific,611,0.65
4,position_specific,188,0.64
4,position_specific,421,0.63
4,position_specific,548,0.63
4,position_specific,54,0.63
4,position_specific,515,0.62
4,position_specific,321,0.62
4,position_specific,574,0.61
4,position_specific,381,0.61
4,position_specific,308,0.61
4,position_specific,595,0.6
4,position_specific,35,0.6
4,position_specific,364,0.59
4,position_specific,549,0.59
4,position_specific,520,0.59
4,position_specific,547,0.58
4,position_specific,136,0.58
4,position_specific,452,0.58
4,position_specific,285,0.57
4,position_specific,343,0.57
4,position_specific,478,0.56
4,position_specific,281,0.56
4,position_specific,34,0.56
4,position_specific,76,0.55
4,position_specific,621,0.55
4,position_specific,493,0.54
4,position_specific,527,0.54
4,position_specific,498,0.54
4,position_specific,435,0.54
4,position_specific,159,0.53
4,position_specific,647,0.53
4,position_specific,75,0.53
4,position_specific,135,0.53
4,position_specific,559,0.52
4,position_specific,322,0.52
4,position_specific,317,0.52
4,position_specific,535,0.52
4,position_specific,164,0.51
4,position_specific,243,0.51
4,position_specific,225,0.51
4,position_specific,568,0.51
4,position_specific,72,0.51
4,position_specific,25,0.5
4,position_specific,339,0.5
4,position_specific,382,0.49
4,position_specific,389,0.49
4,position_specific,380,0.49
4,position_specific,298,0.48
4,position_specific,299,0.48
4,position_specific,637,0.48
4,position_specific,632,0.48
4,position_specific,396,0.47
4,position_specific,328,0.46
4,position_specific,81,0.46
4,position_specific,139,0.45
4,position_specific,137,0.45
4,position_specific,556,0.44
4,position_specific,651,0.44
4,position_specific,240,0.44
4,position_specific,581,0.44
4,position_specific,441,0.43
4,position_specific,440,0.43
4,position_specific,482,0.43
4,position_specific,461,0.43
4,position_specific,622,0.43
4,position_specific,450,0.42
4,position_specific,487,0.41
4,position_specific,27,0.41
4,position_specific,169,0.41
4,position_specific,168,0.41
4,position_specific,193,0.41
4,position_specific,196,0.41
4,position_specific,197,0.41
4,position_specific,599,0.41
4,position_specific,170,0.41
4,position_specific,402,0.4
4,position_specific,407,0.4
4,position_specific,408,0.4
4,position_specific,400,0.4
4,position_specific,409,0.4
4,position_specific,653,0.4
4,position_specific,410,0.4
4,position_specific,628,0.4
4,position_specific,404,0.4
4,position_specific,466,0.39
4,position_specific,89,0.38
4,position_specific,55,0.38
4,position_specific,528,0.38
4,position_specific,582,0.38
4,position_specific,446,0.37
4,position_specific,80,0.37
4,position_specific,349,0.37
4,position_specific,348,0.37
4,position_specific,18,0.36
4,position_specific,20,0.36
4,position_specific,22,0.36
4,position_specific,23,0.36
4,position_specific,24,0.36
4,position_specific,272,0.36
4,position_specific,293,0.34
4,position_specific,297,0.34
4,position_specific,645,0.34
4,position_specific,340,0.34
4,position_specific,291,0.34
4,position_specific,288,0.34
4,position_specific,294,0.34
4,position_specific,296,0.34
4,position_specific,292,0.34
4,position_specific,187,0.33
4,position_specific,78,0.33
4,position_specific,77,0.33
4,position_specific,613,0.33
4,position_specific,550,0.33
4,position_specific,21,0.33
4,position_specific,546,0.33
4,position_specific,245,0.33
4,position_specific,618,0.33
4,position_specific,53,0.33
4,position_specific,654,0.33
4,position_specific,50,0.33
4,position_specific,49,0.33
4,position_specific,192,0.33
4,position_specific,191,0.33
4,position_specific,607,0.33
4,position_specific,48,0.33
4,position_specific,631,0.33
4,position_specific,44,0.33
4,position_specific,189,0.33
4,position_specific,458,0.33
4,position_specific,602,0.33
4,position_specific,163,0.33
4,position_specific,101,0.33
4,position_specific,324,0.33
4,position_specific,318,0.33
4,position_specific,310,0.33
4,position_specific,158,0.33
4,position_specific,311,0.33
4,position_specific,314,0.33
4,position_specific,319,0.33
4,position_specific,571,0.33
4,position_specific,312,0.33
4,position_specific,219,0.32
4,position_specific,489,0.32
4,position_specific,485,0.32
4,position_specific,373,0.32
4,position_specific,218,0.32
4,position_specific,217,0.32
4,position_specific,216,0.32
4,position_specific,215,0.32
4,position_specific,484,0.32
4,position_specific,99,0.32
4,position_specific,100,0.32
4,position_specific,213,0.32
4,position_specific,208,0.32
4,position_specific,626,0.32
4,position_specific,524,0.32
4,position_specific,370,0.32
4,position_specific,518,0.32
4,position_specific,517,0.32
4,position_specific,374,0.32
4,position_specific,376,0.32
4,position_specific,513,0.32
4,position_specific,266,0.32
4,position_specific,521,0.32
4,position_specific,103,0.32
4,position_specific,378,0.32
4,position_specific,270,0.32
4,position_specific,221,0.32
4,position_specific,383,0.32
4,position_specific,601,0.32
4,position_specific,636,0.32
4,position_specific,344,0.31
4,position_specific,342,0.31
4,position_specific,341,0.31
4,position_specific,604,0.31
4,position_specific,648,0.31
4,position_specific,436,0.31
4,position_specific,438,0.31
4,position_specific,131,0.31
4,position_specific,434,0.31
4,position_specific,437,0.31
4,position_specific,433,0.31
4,position_specific,430,0.31
4,position_specific,431,0.31
4,position_specific,122,0.3
4,position_specific,624,0.3
4,position_specific,639,0.3
4,position_specific,132,0.3
4,position_specific,126,0.3
4,position_specific,134,0.3
4,position_specific,133,0.3
4,position_specific,652,0.3
4,position_specific,121,0.3
4,position_specific,128,0.3
4,position_specific,107,0.29
4,position_specific,395,0.28
4,position_specific,5,0.24
4,position_specific,6,0.24
4,position_specific,231,0.18
4,position_specific,235,0.18
4,position_specific,234,0.18
4,position_specific,232,0.18
4,position_specific,205,0.17
4,position_specific,220,0.17
4,position_specific,633,0.17
4,position_specific,303,0.15
4,position_specific,307,0.15
4,position_specific,117,0.13
4,position_specific,120,0.13
4,position_specific,614,0.13
4,position_specific,118,0.13
4,position_specific,181,0.12
4,position_specific,174,0.12
4,position_specific,178,0.12
4,position_specific,177,0.12
4,position_specific,180,0.12
4,position_specific,179,0.12
4,position_specific,359,0.1
4,position_specific,361,0.1
4,position_specific,360,0.1
4,position_specific,363,0.1
4,position_specific,365,0.1
4,position_specific,278,0.09
4,position_specific,538,0.09
4,position_specific,612,0.09
4,position_specific,451,0.09
4,position_specific,609,0.09
4,position_specific,283,0.09
4,position_specific,540,0.09
4,position_specific,284,0.09
4,position_specific,537,0.09
4,position_specific,448,0.09
4,position_specific,256,0.08
4,position_specific,425,0.08
4,position_specific,424,0.08
4,position_specific,650,0.08
4,position_specific,470,0.08
4,position_specific,416,0.08
4,position_specific,475,0.08
4,position_specific,476,0.08
4,position_specific,477,0.08
4,position_specific,610,0.08
4,position_specific,479,0.08
4,position_specific,394,0.07
4,position_specific,392,0.07
4,position_specific,573,0.07
4,position_specific,65,0.05
4,position_specific,63,0.05
4,position_specific,66,0.05
4,position_specific,62,0.05
4,position_specific,620,0.04
4,position_specific,603,0.04
4,position_specific,85,0.04
4,position_specific,641,0.04
4,position_specific,333,0.04
4,position_specific,92,0.04
4,position_specific,146,0.03
4,position_specific,561,0.03
4,position_specific,152,0.03
4,position_specific,143,0.03
4,position_specific,150,0.03
4,position_specific,39,0.01
4,position_specific,630,0.01
4,position_specific,606,0.01
4,position_specific,38,0.01
4,position_specific,30,0.01
4,position_specific,510,0.0
4,position_specific,147,0.0
4,position_specific,500,0.0
4,position_specific,505,0.0
4,position_specific,507,0.0
4,position_specific,508,0.0
4,position_specific,509,0.0
4,position_specific,511,0.0
4,config_d,426,4.4
4,config_d,12,3.48
4,config_d,1,3.47
4,config_d,26,3.31
4,config_d,411,3.15
4,config_d,4,3.03
4,config_d,399,3.02
4,config_d,8,2.99
4,config_d,165,2.99
4,config_d,154,2.97
4,config_d,572,2.92
4,config_d,40,2.9
4,config_d,368,2.89
4,config_d,10,2.89
4,config_d,124,2.86
4,config_d,13,2.84
4,config_d,427,2.84
4,config_d,68,2.76
4,config_d,236,2.7
4,config_d,567,2.69
4,config_d,529,2.69
4,config_d,15,2.66
4,config_d,82,2.65
4,config_d,226,2.65
4,config_d,454,2.65
4,config_d,557,2.64
4,config_d,384,2.64
4,config_d,204,2.64
4,config_d,127,2.63
4,config_d,268,2.63
4,config_d,597,2.62
4,config_d,532,2.62
4,config_d,242,2.6
4,config_d,250,2.59
4,config_d,533,2.59
4,config_d,230,2.59
4,config_d,264,2.58
4,config_d,249,2.57
4,config_d,94,2.56
4,config_d,28,2.56
4,config_d,200,2.54
4,config_d,564,2.54
4,config_d,649,2.53
4,config_d,591,2.53
4,config_d,367,2.51
4,config_d,412,2.51
4,config_d,69,2.51
4,config_d,542,2.51
4,config_d,109,2.5
4,config_d,464,2.5
4,config_d,258,2.5
4,config_d,385,2.49
4,config_d,467,2.48
4,config_d,390,2.47
4,config_d,471,2.47
4,config_d,397,2.45
4,config_d,366,2.44
4,config_d,110,2.44
4,config_d,277,2.43
4,config_d,57,2.42
4,config_d,279,2.42
4,config_d,211,2.42
4,config_d,229,2.41
4,config_d,536,2.4
4,config_d,643,2.39
4,config_d,173,2.38
4,config_d,198,2.37
4,config_d,393,2.37
4,config_d,214,2.37
4,config_d,544,2.36
4,config_d,305,2.36
4,config_d,244,2.36
4,config_d,116,2.35
4,config_d,350,2.35
4,config_d,480,2.35
4,config_d,432,2.34
4,config_d,423,2.34
4,config_d,481,2.34
4,config_d,233,2.32
4,config_d,86,2.32
4,config_d,428,2.3
4,config_d,469,2.29
4,config_d,391,2.29
4,config_d,115,2.28
4,config_d,398,2.26
4,config_d,156,2.25
4,config_d,356,2.24
4,config_d,237,2.22
4,config_d,379,2.22
4,config_d,47,2.22
4,config_d,315,2.21
4,config_d,202,2.21
4,config_d,388,2.2
4,config_d,553,2.19
4,config_d,87,2.18
4,config_d,106,2.18
4,config_d,290,2.17
4,config_d,282,2.17
4,config_d,552,2.16
4,config_d,545,2.16
4,config_d,295,2.15
4,config_d,334,2.15
4,config_d,453,2.14
4,config_d,586,2.14
4,config_d,98,2.14
4,config_d,261,2.13
4,config_d,472,2.12
4,config_d,286,2.12
4,config_d,447,2.12
4,config_d,504,2.11
4,config_d,79,2.1
4,config_d,362,2.09
4,config_d,43,2.09
4,config_d,7,2.09
4,config_d,145,2.08
4,config_d,449,2.08
4,config_d,46,2.08
4,config_d,184,2.05
4,config_d,565,2.04
4,config_d,474,2.03
4,config_d,429,2.03
4,config_d,335,2.03
4,config_d,569,2.02
4,config_d,541,2.01
4,config_d,377,2.01
4,config_d,96,2.01
4,config_d,51,2.01
4,config_d,316,2.0
4,config_d,486,2.0
4,config_d,224,2.0
4,config_d,418,1.99
4,config_d,605,1.99
4,config_d,566,1.99
4,config_d,31,1.99
4,config_d,346,1.98
4,config_d,332,1.98
4,config_d,210,1.97
4,config_d,338,1.97
4,config_d,67,1.97
4,config_d,551,1.97
4,config_d,175,1.95
4,config_d,41,1.94
4,config_d,483,1.91
4,config_d,138,1.91
4,config_d,304,1.88
4,config_d,496,1.87
4,config_d,460,1.87
4,config_d,33,1.86
4,config_d,148,1.86
4,config_d,579,1.85
4,config_d,593,1.84
4,config_d,588,1.84
4,config_d,203,1.82
4,config_d,570,1.81
4,config_d,36,1.81
4,config_d,267,1.8
4,config_d,11,1.8
4,config_d,182,1.78
4,config_d,455,1.78
4,config_d,280,1.78
4,config_d,259,1.78
4,config_d,499,1.78
4,config_d,114,1.78
4,config_d,61,1.77
4,config_d,445,1.76
4,config_d,358,1.76
4,config_d,419,1.75
4,config_d,161,1.75
4,config_d,166,1.74
4,config_d,45,1.74
4,config_d,151,1.73
4,config_d,176,1.71
4,config_d,91,1.69
4,config_d,153,1.69
4,config_d,525,1.69
4,config_d,558,1.69
4,config_d,142,1.69
4,config_d,37,1.68
4,config_d,246,1.68
4,config_d,60,1.66
4,config_d,330,1.66
4,config_d,534,1.65
4,config_d,112,1.65
4,config_d,32,1.65
4,config_d,70,1.64
4,config_d,129,1.6
4,config_d,401,1.59
4,config_d,306,1.59
4,config_d,598,1.59
4,config_d,439,1.59
4,config_d,514,1.57
4,config_d,417,1.56
4,config_d,503,1.56
4,config_d,619,1.55
4,config_d,64,1.54
4,config_d,501,1.53
4,config_d,372,1.51
4,config_d,155,1.51
4,config_d,88,1.49
4,config_d,257,1.48
4,config_d,345,1.48
4,config_d,73,1.47
4,config_d,580,1.47
4,config_d,183,1.46
4,config_d,492,1.46
4,config_d,516,1.44
4,config_d,644,1.44
4,config_d,253,1.43
4,config_d,459,1.43
4,config_d,473,1.39
4,config_d,247,1.38
4,config_d,589,1.34
4,config_d,491,1.33
4,config_d,123,1.33
4,config_d,576,1.32
4,config_d,313,1.32
4,config_d,519,1.3
4,config_d,167,1.3
4,config_d,506,1.3
4,config_d,415,1.3
4,config_d,456,1.3
4,config_d,347,1.28
4,config_d,575,1.28
4,config_d,403,1.28
4,config_d,562,1.26
4,config_d,327,1.25
4,config_d,405,1.25
4,config_d,186,1.24
4,config_d,209,1.24
4,config_d,254,1.24
4,config_d,502,1.23
4,config_d,239,1.22
4,config_d,627,1.22
4,config_d,95,1.21
4,config_d,371,1.21
4,config_d,331,1.21
4,config_d,113,1.19
4,config_d,195,1.17
4,config_d,336,1.17
4,config_d,265,1.16
4,config_d,93,1.15
4,config_d,387,1.13
4,config_d,269,1.12
4,config_d,71,1.1
4,config_d,190,1.1
4,config_d,238,1.07
4,config_d,512,1.06
4,config_d,642,1.04
4,config_d,144,1.04
4,config_d,104,1.03
4,config_d,19,1.02
4,config_d,616,1.0
4,config_d,309,0.99
4,config_d,9,0.99
4,config_d,585,0.98
4,config_d,201,0.98
4,config_d,635,0.97
4,config_d,640,0.96
4,config_d,119,0.96
4,config_d,162,0.95
4,config_d,105,0.94
4,config_d,16,0.94
4,config_d,337,0.92
4,config_d,90,0.91
4,config_d,583,0.91
4,config_d,422,0.89
4,config_d,260,0.89
4,config_d,17,0.88
4,config_d,638,0.87
4,config_d,596,0.86
4,config_d,125,0.85
4,config_d,594,0.85
4,config_d,617,0.85
4,config_d,592,0.84
4,config_d,222,0.83
4,config_d,271,0.82
4,config_d,228,0.81
4,config_d,634,0.81
4,config_d,160,0.79
4,config_d,194,0.79
4,config_d,490,0.79
4,config_d,157,0.78
4,config_d,255,0.78
4,config_d,102,0.77
4,config_d,241,0.77
4,config_d,262,0.76
4,config_d,462,0.74
4,config_d,323,0.74
4,config_d,577,0.74
4,config_d,25,0.73
4,config_d,457,0.72
4,config_d,320,0.72
4,config_d,149,0.72
4,config_d,395,0.72
4,config_d,420,0.71
4,config_d,52,0.71
4,config_d,212,0.71
4,config_d,14,0.7
4,config_d,369,0.69
4,config_d,611,0.69
4,config_d,646,0.69
4,config_d,357,0.67
4,config_d,578,0.66
4,config_d,84,0.66
4,config_d,526,0.65
4,config_d,488,0.64
4,config_d,421,0.64
4,config_d,34,0.63
4,config_d,539,0.62
4,config_d,406,0.62
4,config_d,375,0.61
4,config_d,621,0.61
4,config_d,498,0.61
4,config_d,600,0.61
4,config_d,522,0.6
4,config_d,29,0.59
4,config_d,289,0.59
4,config_d,56,0.59
4,config_d,452,0.58
4,config_d,188,0.58
4,config_d,243,0.57
4,config_d,74,0.56
4,config_d,381,0.55
4,config_d,207,0.55
4,config_d,647,0.54
4,config_d,42,0.54
4,config_d,108,0.53
4,config_d,608,0.53
4,config_d,223,0.53
4,config_d,136,0.53
4,config_d,389,0.52
4,config_d,343,0.51
4,config_d,364,0.5
4,config_d,185,0.5
4,config_d,72,0.49
4,config_d,263,0.49
4,config_d,450,0.49
4,config_d,159,0.48
4,config_d,584,0.48
4,config_d,75,0.45
4,config_d,574,0.45
4,config_d,478,0.44
4,config_d,568,0.43
4,config_d,463,0.43
4,config_d,515,0.43
4,config_d,595,0.43
4,config_d,308,0.42
4,config_d,622,0.42
4,config_d,520,0.41
4,config_d,559,0.41
4,config_d,135,0.4
4,config_d,548,0.4
4,config_d,285,0.4
4,config_d,164,0.37
4,config_d,396,0.37
4,config_d,435,0.36
4,config_d,35,0.35
4,config_d,581,0.34
4,config_d,76,0.33
4,config_d,130,0.32
4,config_d,321,0.31
4,config_d,461,0.31
4,config_d,328,0.3
4,config_d,54,0.3
4,config_d,535,0.3
4,config_d,549,0.3
4,config_d,81,0.29
4,config_d,89,0.29
4,config_d,487,0.28
4,config_d,446,0.28
4,config_d,38,0.28
4,config_d,140,0.27
4,config_d,493,0.27
4,config_d,294,0.27
4,config_d,101,0.27
4,config_d,482,0.27
4,config_d,20,0.26
4,config_d,2,0.26
4,config_d,556,0.26
4,config_d,3,0.26
4,config_d,240,0.25
4,config_d,523,0.23
4,config_d,339,0.23
4,config_d,631,0.22
4,config_d,430,0.21
4,config_d,5,0.21
4,config_d,97,0.21
4,config_d,465,0.2
4,config_d,639,0.2
4,config_d,543,0.2
4,config_d,231,0.19
4,config_d,158,0.19
4,config_d,561,0.19
4,config_d,169,0.19
4,config_d,248,0.19
4,config_d,232,0.19
4,config_d,587,0.18
4,config_d,392,0.18
4,config_d,560,0.18
4,config_d,424,0.18
4,config_d,628,0.18
4,config_d,527,0.18
4,config_d,440,0.17
4,config_d,361,0.17
4,config_d,386,0.17
4,config_d,382,0.17
4,config_d,441,0.17
4,config_d,287,0.17
4,config_d,227,0.17
4,config_d,245,0.17
4,config_d,654,0.17
4,config_d,329,0.17
4,config_d,378,0.16
4,config_d,355,0.16
4,config_d,352,0.16
4,config_d,434,0.16
4,config_d,437,0.16
4,config_d,438,0.16
4,config_d,351,0.16
4,config_d,653,0.16
4,config_d,221,0.16
4,config_d,374,0.16
4,config_d,325,0.16
4,config_d,555,0.15
4,config_d,633,0.15
4,config_d,609,0.15
4,config_d,444,0.15
4,config_d,152,0.15
4,config_d,217,0.15
4,config_d,218,0.15
4,config_d,573,0.15
4,config_d,213,0.15
4,config_d,630,0.15
4,config_d,606,0.15
4,config_d,199,0.15
4,config_d,476,0.15
4,config_d,206,0.14
4,config_d,442,0.14
4,config_d,150,0.14
4,config_d,443,0.14
4,config_d,50,0.14
4,config_d,489,0.13
4,config_d,179,0.13
4,config_d,281,0.13
4,config_d,6,0.13
4,config_d,590,0.13
4,config_d,178,0.13
4,config_d,468,0.13
4,config_d,599,0.12
4,config_d,189,0.12
4,config_d,187,0.12
4,config_d,510,0.12
4,config_d,601,0.12
4,config_d,509,0.12
4,config_d,508,0.12
4,config_d,147,0.12
4,config_d,172,0.12
4,config_d,303,0.12
4,config_d,650,0.11
4,config_d,284,0.11
4,config_d,623,0.11
4,config_d,340,0.11
4,config_d,120,0.11
4,config_d,571,0.11
4,config_d,324,0.11
4,config_d,117,0.11
4,config_d,300,0.11
4,config_d,302,0.11
4,config_d,301,0.11
4,config_d,288,0.1
4,config_d,612,0.1
4,config_d,256,0.1
4,config_d,524,0.1
4,config_d,497,0.1
4,config_d,495,0.1
4,config_d,272,0.1
4,config_d,620,0.1
4,config_d,637,0.1
4,config_d,614,0.1
4,config_d,170,0.1
4,config_d,126,0.09
4,config_d,251,0.09
4,config_d,652,0.09
4,config_d,62,0.09
4,config_d,270,0.09
4,config_d,626,0.09
4,config_d,651,0.09
4,config_d,296,0.09
4,config_d,273,0.09
4,config_d,292,0.09
4,config_d,645,0.09
4,config_d,636,0.09
4,config_d,111,0.08
4,config_d,615,0.08
4,config_d,134,0.08
4,config_d,107,0.08
4,config_d,92,0.08
4,config_d,100,0.08
4,config_d,66,0.08
4,config_d,27,0.07
4,config_d,531,0.07
4,config_d,58,0.07
4,config_d,550,0.07
4,config_d,22,0.07
4,config_d,613,0.07
4,config_d,83,0.07
4,config_d,610,0.06
4,config_d,24,0.06
4,config_d,23,0.06
4,config_d,18,0.06
4,config_d,208,0.05
4,config_d,380,0.04
4,config_d,477,0.04
4,config_d,416,0.04
4,config_d,603,0.04
4,config_d,146,0.03
4,config_d,641,0.03
4,config_d,317,0.03
4,config_d,563,0.03
4,config_d,143,0.02
4,config_d,370,0.02
4,config_d,604,0.02
4,config_d,141,0.02
4,config_d,625,0.02
4,config_d,235,0.01
4,config_d,131,0.01
4,config_d,648,0.01
4,config_d,400,0.01
4,config_d,629,0.01
4,config_d,168,0.01
4,config_d,163,0.01
4,config_d,394,0.01
4,config_d,554,0.0
4,config_d,99,0.0
4,config_d,49,0.0
4,config_d,118,0.0
4,config_d,85,0.0
4,config_d,505,0.0
4,config_d,48,0.0
4,config_d,44,0.0
4,config_d,360,0.0
4,config_d,39,0.0
4,config_d,359,0.0
4,config_d,500,0.0
4,config_d,30,0.0
4,config_d,546,0.0
4,config_d,341,0.0
4,config_d,103,0.0
4,config_d,353,0.0
4,config_d,547,0.0
4,config_d,333,0.0
4,config_d,354,0.0
4,config_d,494,0.0
4,config_d,618,0.0
4,config_d,602,0.0
4,config_d,507,0.0
4,config_d,530,0.0
4,config_d,326,0.0
4,config_d,607,0.0
4,config_d,349,0.0
4,config_d,528,0.0
4,config_d,59,0.0
4,config_d,582,0.0
4,config_d,63,0.0
4,config_d,319,0.0
4,config_d,65,0.0
4,config_d,55,0.0
4,config_d,521,0.0
4,config_d,77,0.0
4,config_d,78,0.0
4,config_d,518,0.0
4,config_d,517,0.0
4,config_d,53,0.0
4,config_d,80,0.0
4,config_d,537,0.0
4,config_d,538,0.0
4,config_d,513,0.0
4,config_d,348,0.0
4,config_d,511,0.0
4,config_d,540,0.0
4,config_d,322,0.0
4,config_d,139,0.0
4,config_d,121,0.0
4,config_d,122,0.0
4,config_d,219,0.0
4,config_d,278,0.0
4,config_d,431,0.0
4,config_d,283,0.0
4,config_d,433,0.0
4,config_d,216,0.0
4,config_d,436,0.0
4,config_d,291,0.0
4,config_d,215,0.0
4,config_d,293,0.0
4,config_d,297,0.0
4,config_d,298,0.0
4,config_d,299,0.0
4,config_d,205,0.0
4,config_d,342,0.0
4,config_d,220,0.0
4,config_d,276,0.0
4,config_d,225,0.0
4,config_d,414,0.0
4,config_d,410,0.0
4,config_d,266,0.0
4,config_d,409,0.0
4,config_d,408,0.0
4,config_d,252,0.0
4,config_d,413,0.0
4,config_d,407,0.0
4,config_d,425,0.0
4,config_d,274,0.0
4,config_d,404,0.0
4,config_d,234,0.0
4,config_d,402,0.0
4,config_d,21,0.0
4,config_d,275,0.0
4,config_d,448,0.0
4,config_d,632,0.0
4,config_d,197,0.0
4,config_d,137,0.0
4,config_d,470,0.0
4,config_d,314,0.0
4,config_d,475,0.0
4,config_d,624,0.0
4,config_d,479,0.0
4,config_d,365,0.0
4,config_d,484,0.0
4,config_d,311,0.0
4,config_d,485,0.0
4,config_d,133,0.0
4,config_d,132,0.0
4,config_d,318,0.0
4,config_d,128,0.0
4,config_d,363,0.0
4,config_d,312,0.0
4,config_d,310,0.0
4,config_d,451,0.0
4,config_d,181,0.0
4,config_d,196,0.0
4,config_d,193,0.0
4,config_d,192,0.0
4,config_d,191,0.0
4,config_d,458,0.0
4,config_d,383,0.0
4,config_d,180,0.0
4,config_d,307,0.0
4,config_d,376,0.0
4,config_d,177,0.0
4,config_d,466,0.0
4,config_d,174,0.0
4,config_d,373,0.0
4,config_d,171,0.0
4,config_d,344,0.0
4,config_b,426,3.89
4,config_b,12,3.74
4,config_b,4,3.49
4,config_b,26,3.48
4,config_b,1,3.34
4,config_b,8,2.84
4,config_b,567,2.82
4,config_b,384,2.8
4,config_b,211,2.8
4,config_b,13,2.78
4,config_b,411,2.78
4,config_b,226,2.74
4,config_b,28,2.69
4,config_b,10,2.68
4,config_b,412,2.66
4,config_b,249,2.66
4,config_b,198,2.65
4,config_b,127,2.64
4,config_b,467,2.64
4,config_b,533,2.62
4,config_b,427,2.61
4,config_b,385,2.59
4,config_b,428,2.58
4,config_b,397,2.57
4,config_b,649,2.56
4,config_b,68,2.56
4,config_b,557,2.56
4,config_b,572,2.55
4,config_b,399,2.54
4,config_b,165,2.54
4,config_b,15,2.54
4,config_b,110,2.53
4,config_b,597,2.51
4,config_b,82,2.51
4,config_b,564,2.5
4,config_b,242,2.5
4,config_b,305,2.5
4,config_b,367,2.49
4,config_b,236,2.48
4,config_b,464,2.48
4,config_b,94,2.47
4,config_b,264,2.45
4,config_b,109,2.43
4,config_b,529,2.43
4,config_b,643,2.42
4,config_b,124,2.42
4,config_b,230,2.42
4,config_b,391,2.42
4,config_b,40,2.42
4,config_b,390,2.4
4,config_b,532,2.39
4,config_b,250,2.39
4,config_b,591,2.39
4,config_b,229,2.38
4,config_b,368,2.37
4,config_b,57,2.36
4,config_b,454,2.35
4,config_b,486,2.35
4,config_b,173,2.34
4,config_b,432,2.33
4,config_b,204,2.3
4,config_b,154,2.3
4,config_b,214,2.29
4,config_b,366,2.29
4,config_b,471,2.26
4,config_b,536,2.26
4,config_b,453,2.26
4,config_b,472,2.23
4,config_b,200,2.23
4,config_b,393,2.22
4,config_b,279,2.22
4,config_b,295,2.22
4,config_b,277,2.2
4,config_b,98,2.2
4,config_b,388,2.2
4,config_b,268,2.19
4,config_b,586,2.19
4,config_b,233,2.19
4,config_b,286,2.19
4,config_b,545,2.19
4,config_b,542,2.18
4,config_b,244,2.18
4,config_b,469,2.17
4,config_b,282,2.16
4,config_b,423,2.16
4,config_b,356,2.15
4,config_b,96,2.15
4,config_b,156,2.15
4,config_b,69,2.14
4,config_b,350,2.14
4,config_b,377,2.14
4,config_b,334,2.13
4,config_b,33,2.13
4,config_b,237,2.13
4,config_b,87,2.13
4,config_b,46,2.12
4,config_b,449,2.08
4,config_b,210,2.08
4,config_b,335,2.08
4,config_b,418,2.08
4,config_b,480,2.08
4,config_b,258,2.07
4,config_b,338,2.05
4,config_b,315,2.04
4,config_b,474,2.04
4,config_b,544,2.04
4,config_b,7,2.04
4,config_b,429,2.04
4,config_b,115,2.03
4,config_b,525,2.03
4,config_b,593,2.03
4,config_b,43,2.02
4,config_b,332,2.01
4,config_b,86,2.01
4,config_b,552,2.01
4,config_b,362,2.0
4,config_b,330,1.99
4,config_b,447,1.99
4,config_b,569,1.99
4,config_b,106,1.98
4,config_b,202,1.98
4,config_b,224,1.97
4,config_b,114,1.97
4,config_b,481,1.96
4,config_b,79,1.95
4,config_b,605,1.94
4,config_b,316,1.92
4,config_b,11,1.92
4,config_b,504,1.91
4,config_b,290,1.89
4,config_b,496,1.88
4,config_b,41,1.88
4,config_b,541,1.88
4,config_b,280,1.87
4,config_b,551,1.87
4,config_b,36,1.87
4,config_b,51,1.87
4,config_b,166,1.87
4,config_b,304,1.87
4,config_b,67,1.87
4,config_b,47,1.86
4,config_b,203,1.86
4,config_b,398,1.85
4,config_b,379,1.84
4,config_b,455,1.84
4,config_b,261,1.82
4,config_b,566,1.79
4,config_b,267,1.79
4,config_b,534,1.79
4,config_b,483,1.78
4,config_b,460,1.78
4,config_b,175,1.77
4,config_b,565,1.77
4,config_b,60,1.77
4,config_b,116,1.76
4,config_b,184,1.76
4,config_b,588,1.76
4,config_b,417,1.76
4,config_b,306,1.75
4,config_b,598,1.74
4,config_b,145,1.72
4,config_b,31,1.72
4,config_b,182,1.7
4,config_b,579,1.7
4,config_b,259,1.7
4,config_b,151,1.65
4,config_b,619,1.64
4,config_b,445,1.63
4,config_b,499,1.62
4,config_b,112,1.61
4,config_b,155,1.61
4,config_b,439,1.61
4,config_b,161,1.61
4,config_b,644,1.6
4,config_b,176,1.6
4,config_b,129,1.6
4,config_b,142,1.59
4,config_b,558,1.59
4,config_b,503,1.59
4,config_b,346,1.59
4,config_b,148,1.58
4,config_b,419,1.57
4,config_b,372,1.55
4,config_b,45,1.55
4,config_b,246,1.54
4,config_b,514,1.54
4,config_b,61,1.53
4,config_b,70,1.51
4,config_b,37,1.5
4,config_b,183,1.5
4,config_b,358,1.5
4,config_b,91,1.5
4,config_b,501,1.5
4,config_b,32,1.49
4,config_b,347,1.49
4,config_b,153,1.47
4,config_b,253,1.45
4,config_b,553,1.45
4,config_b,247,1.44
4,config_b,516,1.44
4,config_b,64,1.43
4,config_b,257,1.43
4,config_b,459,1.42
4,config_b,88,1.4
4,config_b,138,1.4
4,config_b,492,1.37
4,config_b,167,1.36
4,config_b,570,1.35
4,config_b,401,1.35
4,config_b,405,1.33
4,config_b,123,1.32
4,config_b,473,1.32
4,config_b,576,1.31
4,config_b,73,1.31
4,config_b,336,1.31
4,config_b,113,1.29
4,config_b,635,1.29
4,config_b,580,1.29
4,config_b,415,1.27
4,config_b,589,1.27
4,config_b,195,1.26
4,config_b,313,1.25
4,config_b,371,1.25
4,config_b,575,1.25
4,config_b,327,1.24
4,config_b,186,1.22
4,config_b,95,1.22
4,config_b,254,1.21
4,config_b,331,1.21
4,config_b,456,1.2
4,config_b,239,1.2
4,config_b,265,1.19
4,config_b,190,1.19
4,config_b,403,1.18
4,config_b,209,1.18
4,config_b,345,1.17
4,config_b,519,1.16
4,config_b,506,1.14
4,config_b,71,1.14
4,config_b,269,1.14
4,config_b,337,1.14
4,config_b,93,1.13
4,config_b,562,1.12
4,config_b,491,1.11
4,config_b,512,1.11
4,config_b,387,1.1
4,config_b,502,1.1
4,config_b,144,1.07
4,config_b,627,1.06
4,config_b,238,1.05
4,config_b,19,1.05
4,config_b,119,1.04
4,config_b,162,1.04
4,config_b,309,1.02
4,config_b,104,1.02
4,config_b,642,1.02
4,config_b,594,1.0
4,config_b,616,0.98
4,config_b,422,0.98
4,config_b,592,0.98
4,config_b,16,0.97
4,config_b,105,0.94
4,config_b,17,0.94
4,config_b,201,0.94
4,config_b,640,0.93
4,config_b,260,0.91
4,config_b,222,0.91
4,config_b,9,0.91
4,config_b,583,0.9
4,config_b,34,0.87
4,config_b,90,0.87
4,config_b,262,0.87
4,config_b,271,0.86
4,config_b,596,0.85
4,config_b,617,0.84
4,config_b,194,0.83
4,config_b,228,0.83
4,config_b,157,0.82
4,config_b,585,0.82
4,config_b,395,0.81
4,config_b,634,0.81
4,config_b,490,0.8
4,config_b,125,0.8
4,config_b,420,0.78
4,config_b,457,0.78
4,config_b,25,0.77
4,config_b,323,0.77
4,config_b,14,0.77
4,config_b,638,0.77
4,config_b,102,0.76
4,config_b,52,0.75
4,config_b,223,0.74
4,config_b,149,0.73
4,config_b,160,0.73
4,config_b,357,0.72
4,config_b,522,0.71
4,config_b,212,0.7
4,config_b,241,0.7
4,config_b,462,0.7
4,config_b,255,0.69
4,config_b,488,0.69
4,config_b,621,0.67
4,config_b,84,0.67
4,config_b,539,0.67
4,config_b,421,0.66
4,config_b,369,0.65
4,config_b,611,0.63
4,config_b,577,0.63
4,config_b,243,0.63
4,config_b,289,0.62
4,config_b,646,0.62
4,config_b,56,0.62
4,config_b,406,0.62
4,config_b,498,0.61
4,config_b,578,0.6
4,config_b,74,0.6
4,config_b,452,0.6
4,config_b,375,0.59
4,config_b,389,0.58
4,config_b,320,0.58
4,config_b,42,0.56
4,config_b,108,0.56
4,config_b,188,0.56
4,config_b,526,0.55
4,config_b,574,0.54
4,config_b,381,0.54
4,config_b,207,0.54
4,config_b,185,0.53
4,config_b,364,0.51
4,config_b,29,0.51
4,config_b,600,0.51
4,config_b,72,0.51
4,config_b,450,0.5
4,config_b,647,0.5
4,config_b,584,0.49
4,config_b,608,0.49
4,config_b,568,0.47
4,config_b,136,0.46
4,config_b,478,0.45
4,config_b,308,0.45
4,config_b,622,0.44
4,config_b,75,0.43
4,config_b,595,0.43
4,config_b,263,0.42
4,config_b,396,0.42
4,config_b,463,0.4
4,config_b,343,0.4
4,config_b,135,0.37
4,config_b,54,0.36
4,config_b,559,0.36
4,config_b,164,0.36
4,config_b,523,0.35
4,config_b,581,0.35
4,config_b,285,0.35
4,config_b,35,0.35
4,config_b,435,0.34
4,config_b,159,0.34
4,config_b,461,0.34
4,config_b,140,0.34
4,config_b,487,0.33
4,config_b,548,0.33
4,config_b,465,0.33
4,config_b,328,0.32
4,config_b,520,0.31
4,config_b,89,0.3
4,config_b,321,0.29
4,config_b,3,0.29
4,config_b,20,0.29
4,config_b,446,0.29
4,config_b,482,0.29
4,config_b,493,0.29
4,config_b,2,0.29
4,config_b,515,0.28
4,config_b,76,0.28
4,config_b,81,0.28
4,config_b,240,0.28
4,config_b,556,0.28
4,config_b,294,0.27
4,config_b,430,0.24
4,config_b,535,0.23
4,config_b,248,0.23
4,config_b,339,0.23
4,config_b,561,0.23
4,config_b,169,0.23
4,config_b,549,0.23
4,config_b,560,0.22
4,config_b,158,0.22
4,config_b,5,0.22
4,config_b,424,0.21
4,config_b,440,0.21
4,config_b,392,0.21
4,config_b,441,0.21
4,config_b,287,0.21
4,config_b,232,0.21
4,config_b,231,0.21
4,config_b,628,0.2
4,config_b,654,0.19
4,config_b,245,0.19
4,config_b,587,0.19
4,config_b,653,0.19
4,config_b,227,0.19
4,config_b,325,0.19
4,config_b,386,0.19
4,config_b,606,0.19
4,config_b,382,0.19
4,config_b,434,0.19
4,config_b,437,0.19
4,config_b,438,0.19
4,config_b,329,0.19
4,config_b,361,0.19
4,config_b,630,0.19
4,config_b,38,0.19
4,config_b,351,0.18
4,config_b,50,0.18
4,config_b,633,0.18
4,config_b,631,0.18
4,config_b,374,0.18
4,config_b,355,0.18
4,config_b,152,0.18
4,config_b,281,0.18
4,config_b,352,0.18
4,config_b,199,0.17
4,config_b,378,0.17
4,config_b,218,0.17
4,config_b,213,0.17
4,config_b,217,0.17
4,config_b,221,0.17
4,config_b,609,0.17
4,config_b,555,0.17
4,config_b,6,0.17
4,config_b,563,0.17
4,config_b,476,0.16
4,config_b,101,0.16
4,config_b,303,0.16
4,config_b,468,0.15
4,config_b,444,0.15
4,config_b,443,0.15
4,config_b,442,0.15
4,config_b,178,0.15
4,config_b,179,0.15
4,config_b,590,0.15
4,config_b,97,0.15
4,config_b,301,0.14
4,config_b,489,0.14
4,config_b,300,0.14
4,config_b,284,0.14
4,config_b,599,0.14
4,config_b,170,0.14
4,config_b,324,0.14
4,config_b,571,0.14
4,config_b,637,0.14
4,config_b,302,0.14
4,config_b,527,0.13
4,config_b,189,0.13
4,config_b,543,0.13
4,config_b,187,0.13
4,config_b,172,0.13
4,config_b,623,0.13
4,config_b,573,0.13
4,config_b,273,0.12
4,config_b,340,0.12
4,config_b,645,0.12
4,config_b,296,0.12
4,config_b,650,0.12
4,config_b,477,0.12
4,config_b,292,0.12
4,config_b,120,0.12
4,config_b,510,0.11
4,config_b,117,0.11
4,config_b,620,0.11
4,config_b,614,0.11
4,config_b,509,0.11
4,config_b,508,0.11
4,config_b,92,0.11
4,config_b,147,0.11
4,config_b,288,0.11
4,config_b,256,0.11
4,config_b,272,0.11
4,config_b,27,0.1
4,config_b,107,0.1
4,config_b,22,0.1
4,config_b,206,0.1
4,config_b,636,0.1
4,config_b,83,0.09
4,config_b,626,0.09
4,config_b,652,0.09
4,config_b,524,0.09
4,config_b,601,0.09
4,config_b,126,0.09
4,config_b,497,0.09
4,config_b,24,0.09
4,config_b,100,0.09
4,config_b,495,0.09
4,config_b,639,0.09
4,config_b,23,0.09
4,config_b,270,0.09
4,config_b,18,0.09
4,config_b,111,0.09
4,config_b,612,0.09
4,config_b,251,0.09
4,config_b,134,0.09
4,config_b,641,0.08
4,config_b,603,0.08
4,config_b,62,0.08
4,config_b,651,0.08
4,config_b,66,0.08
4,config_b,293,0.08
4,config_b,416,0.07
4,config_b,550,0.07
4,config_b,531,0.07
4,config_b,613,0.07
4,config_b,615,0.06
4,config_b,146,0.06
4,config_b,604,0.06
4,config_b,150,0.06
4,config_b,130,0.06
4,config_b,625,0.06
4,config_b,629,0.06
4,config_b,648,0.06
4,config_b,400,0.06
4,config_b,58,0.06
4,config_b,610,0.06
4,config_b,380,0.06
4,config_b,143,0.05
4,config_b,141,0.05
4,config_b,394,0.05
4,config_b,131,0.04
4,config_b,168,0.04
4,config_b,163,0.04
4,config_b,370,0.04
4,config_b,235,0.04
4,config_b,448,0.03
4,config_b,55,0.03
4,config_b,582,0.03
4,config_b,220,0.02
4,config_b,425,0.02
4,config_b,205,0.02
4,config_b,216,0.02
4,config_b,413,0.02
4,config_b,21,0.02
4,config_b,39,0.02
4,config_b,30,0.02
4,config_b,431,0.02
4,config_b,409,0.02
4,config_b,234,0.02
4,config_b,359,0.02
4,config_b,402,0.02
4,config_b,410,0.02
4,config_b,365,0.02
4,config_b,408,0.02
4,config_b,407,0.02
4,config_b,451,0.01
4,config_b,436,0.01
4,config_b,353,0.01
4,config_b,383,0.01
4,config_b,404,0.01
4,config_b,500,0.0
4,config_b,99,0.0
4,config_b,607,0.0
4,config_b,494,0.0
4,config_b,618,0.0
4,config_b,85,0.0
4,config_b,528,0.0
4,config_b,547,0.0
4,config_b,540,0.0
4,config_b,546,0.0
4,config_b,48,0.0
4,config_b,63,0.0
4,config_b,53,0.0
4,config_b,518,0.0
4,config_b,517,0.0
4,config_b,49,0.0
4,config_b,537,0.0
4,config_b,65,0.0
4,config_b,77,0.0
4,config_b,513,0.0
4,config_b,505,0.0
4,config_b,78,0.0
4,config_b,511,0.0
4,config_b,530,0.0
4,config_b,521,0.0
4,config_b,59,0.0
4,config_b,44,0.0
4,config_b,507,0.0
4,config_b,80,0.0
4,config_b,538,0.0
4,config_b,326,0.0
4,config_b,103,0.0
4,config_b,348,0.0
4,config_b,276,0.0
4,config_b,278,0.0
4,config_b,283,0.0
4,config_b,291,0.0
4,config_b,376,0.0
4,config_b,373,0.0
4,config_b,297,0.0
4,config_b,298,0.0
4,config_b,299,0.0
4,config_b,363,0.0
4,config_b,632,0.0
4,config_b,360,0.0
4,config_b,354,0.0
4,config_b,349,0.0
4,config_b,307,0.0
4,config_b,274,0.0
4,config_b,310,0.0
4,config_b,311,0.0
4,config_b,344,0.0
4,config_b,312,0.0
4,config_b,342,0.0
4,config_b,341,0.0
4,config_b,314,0.0
4,config_b,317,0.0
4,config_b,318,0.0
4,config_b,319,0.0
4,config_b,322,0.0
4,config_b,333,0.0
4,config_b,554,0.0
4,config_b,602,0.0
4,config_b,275,0.0
4,config_b,266,0.0
4,config_b,118,0.0
4,config_b,171,0.0
4,config_b,121,0.0
4,config_b,122,0.0
4,config_b,485,0.0
4,config_b,484,0.0
4,config_b,128,0.0
4,config_b,479,0.0
4,config_b,132,0.0
4,config_b,475,0.0
4,config_b,133,0.0
4,config_b,137,0.0
4,config_b,139,0.0
4,config_b,470,0.0
4,config_b,624,0.0
4,config_b,466,0.0
4,config_b,458,0.0
4,config_b,252,0.0
4,config_b,174,0.0
4,config_b,177,0.0
4,config_b,180,0.0
4,config_b,181,0.0
4,config_b,191,0.0
4,config_b,192,0.0
4,config_b,193,0.0
4,config_b,197,0.0
4,config_b,433,0.0
4,config_b,208,0.0
4,config_b,215,0.0
4,config_b,219,0.0
4,config_b,225,0.0
4,config_b,414,0.0
4,config_b,196,0.0
4,config_c,12,3.95
4,config_c,426,3.79
4,config_c,4,3.31
4,config_c,26,3.29
4,config_c,1,3.27
4,config_c,367,3.21
4,config_c,165,3.07
4,config_c,8,3.07
4,config_c,154,3.03
4,config_c,399,2.97
4,config_c,249,2.95
4,config_c,411,2.88
4,config_c,591,2.87
4,config_c,427,2.87
4,config_c,397,2.83
4,config_c,305,2.78
4,config_c,13,2.78
4,config_c,368,2.78
4,config_c,68,2.72
4,config_c,15,2.71
4,config_c,572,2.69
4,config_c,40,2.68
4,config_c,198,2.67
4,config_c,428,2.66
4,config_c,204,2.65
4,config_c,211,2.65
4,config_c,10,2.64
4,config_c,379,2.63
4,config_c,236,2.62
4,config_c,557,2.61
4,config_c,28,2.59
4,config_c,384,2.58
4,config_c,567,2.58
4,config_c,242,2.57
4,config_c,597,2.57
4,config_c,226,2.56
4,config_c,385,2.55
4,config_c,214,2.54
4,config_c,230,2.52
4,config_c,127,2.51
4,config_c,643,2.51
4,config_c,564,2.5
4,config_c,467,2.49
4,config_c,529,2.49
4,config_c,94,2.48
4,config_c,202,2.42
4,config_c,268,2.42
4,config_c,542,2.41
4,config_c,454,2.41
4,config_c,264,2.4
4,config_c,480,2.4
4,config_c,200,2.4
4,config_c,277,2.39
4,config_c,82,2.39
4,config_c,282,2.38
4,config_c,229,2.38
4,config_c,533,2.37
4,config_c,350,2.36
4,config_c,250,2.35
4,config_c,569,2.34
4,config_c,412,2.33
4,config_c,377,2.32
4,config_c,649,2.31
4,config_c,423,2.31
4,config_c,124,2.29
4,config_c,109,2.29
4,config_c,366,2.28
4,config_c,391,2.28
4,config_c,536,2.28
4,config_c,258,2.27
4,config_c,586,2.27
4,config_c,553,2.27
4,config_c,295,2.26
4,config_c,237,2.26
4,config_c,210,2.24
4,config_c,244,2.24
4,config_c,469,2.23
4,config_c,69,2.23
4,config_c,432,2.23
4,config_c,57,2.21
4,config_c,86,2.21
4,config_c,356,2.21
4,config_c,156,2.21
4,config_c,464,2.2
4,config_c,110,2.2
4,config_c,398,2.2
4,config_c,552,2.2
4,config_c,388,2.18
4,config_c,173,2.17
4,config_c,545,2.17
4,config_c,233,2.17
4,config_c,390,2.16
4,config_c,106,2.16
4,config_c,593,2.16
4,config_c,304,2.16
4,config_c,471,2.15
4,config_c,449,2.13
4,config_c,362,2.13
4,config_c,453,2.13
4,config_c,447,2.13
4,config_c,544,2.12
4,config_c,393,2.1
4,config_c,532,2.09
4,config_c,504,2.08
4,config_c,338,2.08
4,config_c,418,2.08
4,config_c,486,2.08
4,config_c,46,2.07
4,config_c,43,2.05
4,config_c,261,2.05
4,config_c,315,2.05
4,config_c,286,2.04
4,config_c,605,2.03
4,config_c,279,2.01
4,config_c,36,2.01
4,config_c,98,2.0
4,config_c,116,1.99
4,config_c,79,1.98
4,config_c,335,1.97
4,config_c,41,1.97
4,config_c,429,1.96
4,config_c,579,1.96
4,config_c,7,1.96
4,config_c,87,1.94
4,config_c,481,1.93
4,config_c,47,1.91
4,config_c,334,1.91
4,config_c,45,1.89
4,config_c,67,1.89
4,config_c,96,1.88
4,config_c,330,1.88
4,config_c,472,1.88
4,config_c,541,1.88
4,config_c,290,1.87
4,config_c,224,1.87
4,config_c,496,1.86
4,config_c,474,1.86
4,config_c,11,1.85
4,config_c,551,1.85
4,config_c,148,1.84
4,config_c,51,1.84
4,config_c,142,1.84
4,config_c,460,1.84
4,config_c,503,1.83
4,config_c,138,1.83
4,config_c,145,1.83
4,config_c,455,1.83
4,config_c,166,1.82
4,config_c,161,1.82
4,config_c,60,1.81
4,config_c,175,1.81
4,config_c,115,1.8
4,config_c,588,1.8
4,config_c,33,1.8
4,config_c,31,1.8
4,config_c,332,1.79
4,config_c,401,1.78
4,config_c,203,1.78
4,config_c,525,1.78
4,config_c,619,1.78
4,config_c,419,1.76
4,config_c,499,1.76
4,config_c,570,1.76
4,config_c,267,1.76
4,config_c,37,1.75
4,config_c,259,1.73
4,config_c,417,1.72
4,config_c,316,1.72
4,config_c,566,1.72
4,config_c,151,1.72
4,config_c,182,1.69
4,config_c,534,1.68
4,config_c,280,1.68
4,config_c,565,1.68
4,config_c,184,1.65
4,config_c,70,1.65
4,config_c,32,1.64
4,config_c,346,1.64
4,config_c,114,1.62
4,config_c,358,1.61
4,config_c,445,1.61
4,config_c,514,1.59
4,config_c,61,1.59
4,config_c,516,1.59
4,config_c,183,1.59
4,config_c,483,1.59
4,config_c,112,1.58
4,config_c,246,1.57
4,config_c,644,1.57
4,config_c,153,1.57
4,config_c,306,1.56
4,config_c,598,1.54
4,config_c,176,1.53
4,config_c,253,1.52
4,config_c,492,1.5
4,config_c,558,1.48
4,config_c,439,1.47
4,config_c,91,1.44
4,config_c,155,1.43
4,config_c,129,1.42
4,config_c,345,1.4
4,config_c,64,1.4
4,config_c,88,1.4
4,config_c,372,1.39
4,config_c,167,1.38
4,config_c,73,1.37
4,config_c,580,1.34
4,config_c,247,1.34
4,config_c,501,1.32
4,config_c,459,1.32
4,config_c,313,1.31
4,config_c,254,1.31
4,config_c,415,1.3
4,config_c,456,1.3
4,config_c,113,1.3
4,config_c,327,1.29
4,config_c,506,1.29
4,config_c,576,1.28
4,config_c,589,1.27
4,config_c,257,1.27
4,config_c,71,1.26
4,config_c,627,1.24
4,config_c,190,1.24
4,config_c,519,1.23
4,config_c,491,1.23
4,config_c,405,1.23
4,config_c,336,1.23
4,config_c,371,1.22
4,config_c,347,1.21
4,config_c,239,1.21
4,config_c,331,1.2
4,config_c,502,1.2
4,config_c,84,1.18
4,config_c,209,1.18
4,config_c,403,1.17
4,config_c,186,1.17
4,config_c,635,1.15
4,config_c,575,1.14
4,config_c,19,1.13
4,config_c,473,1.13
4,config_c,195,1.12
4,config_c,562,1.11
4,config_c,95,1.1
4,config_c,269,1.1
4,config_c,265,1.08
4,config_c,222,1.06
4,config_c,123,1.06
4,config_c,105,1.05
4,config_c,616,1.03
4,config_c,337,1.02
4,config_c,640,1.02
4,config_c,162,1.02
4,config_c,144,1.01
4,config_c,238,1.0
4,config_c,512,0.99
4,config_c,93,0.99
4,config_c,260,0.99
4,config_c,642,0.99
4,config_c,119,0.97
4,config_c,583,0.96
4,config_c,104,0.96
4,config_c,17,0.94
4,config_c,357,0.91
4,config_c,422,0.88
4,config_c,201,0.88
4,config_c,592,0.87
4,config_c,9,0.87
4,config_c,194,0.86
4,config_c,102,0.86
4,config_c,130,0.84
4,config_c,16,0.83
4,config_c,90,0.83
4,config_c,323,0.81
4,config_c,585,0.81
4,config_c,596,0.81
4,config_c,638,0.81
4,config_c,160,0.8
4,config_c,34,0.8
4,config_c,634,0.8
4,config_c,617,0.8
4,config_c,52,0.78
4,config_c,228,0.77
4,config_c,309,0.77
4,config_c,262,0.74
4,config_c,125,0.74
4,config_c,387,0.73
4,config_c,14,0.72
4,config_c,157,0.72
4,config_c,462,0.72
4,config_c,594,0.71
4,config_c,149,0.71
4,config_c,526,0.71
4,config_c,395,0.71
4,config_c,490,0.71
4,config_c,241,0.71
4,config_c,543,0.7
4,config_c,646,0.7
4,config_c,457,0.7
4,config_c,420,0.7
4,config_c,465,0.69
4,config_c,329,0.67
4,config_c,271,0.67
4,config_c,369,0.64
4,config_c,621,0.64
4,config_c,488,0.63
4,config_c,375,0.63
4,config_c,522,0.63
4,config_c,611,0.62
4,config_c,463,0.62
4,config_c,243,0.61
4,config_c,25,0.6
4,config_c,97,0.59
4,config_c,140,0.59
4,config_c,577,0.59
4,config_c,29,0.59
4,config_c,54,0.58
4,config_c,212,0.58
4,config_c,108,0.58
4,config_c,320,0.57
4,config_c,539,0.56
4,config_c,527,0.56
4,config_c,287,0.55
4,config_c,647,0.55
4,config_c,188,0.55
4,config_c,421,0.54
4,config_c,523,0.54
4,config_c,42,0.53
4,config_c,406,0.52
4,config_c,498,0.52
4,config_c,381,0.52
4,config_c,452,0.52
4,config_c,223,0.51
4,config_c,255,0.51
4,config_c,584,0.51
4,config_c,56,0.5
4,config_c,578,0.49
4,config_c,159,0.49
4,config_c,600,0.49
4,config_c,74,0.48
4,config_c,289,0.48
4,config_c,206,0.48
4,config_c,72,0.47
4,config_c,248,0.46
4,config_c,207,0.46
4,config_c,136,0.44
4,config_c,574,0.43
4,config_c,608,0.42
4,config_c,281,0.42
4,config_c,563,0.42
4,config_c,547,0.41
4,config_c,364,0.41
4,config_c,389,0.4
4,config_c,75,0.39
4,config_c,185,0.38
4,config_c,263,0.37
4,config_c,478,0.35
4,config_c,515,0.35
4,config_c,595,0.34
4,config_c,164,0.34
4,config_c,568,0.34
4,config_c,35,0.33
4,config_c,5,0.31
4,config_c,6,0.31
4,config_c,581,0.31
4,config_c,18,0.3
4,config_c,101,0.3
4,config_c,435,0.29
4,config_c,23,0.29
4,config_c,22,0.29
4,config_c,20,0.29
4,config_c,548,0.29
4,config_c,27,0.29
4,config_c,559,0.29
4,config_c,450,0.29
4,config_c,343,0.29
4,config_c,3,0.29
4,config_c,24,0.29
4,config_c,622,0.29
4,config_c,2,0.29
4,config_c,150,0.28
4,config_c,308,0.28
4,config_c,520,0.27
4,config_c,135,0.27
4,config_c,328,0.27
4,config_c,285,0.26
4,config_c,396,0.26
4,config_c,549,0.26
4,config_c,38,0.25
4,config_c,76,0.25
4,config_c,487,0.25
4,config_c,482,0.25
4,config_c,461,0.25
4,config_c,446,0.25
4,config_c,321,0.24
4,config_c,493,0.23
4,config_c,208,0.22
4,config_c,143,0.22
4,config_c,152,0.22
4,config_c,535,0.22
4,config_c,639,0.21
4,config_c,146,0.21
4,config_c,89,0.21
4,config_c,561,0.21
4,config_c,158,0.21
4,config_c,240,0.21
4,config_c,631,0.21
4,config_c,163,0.21
4,config_c,317,0.2
4,config_c,235,0.2
4,config_c,169,0.2
4,config_c,170,0.2
4,config_c,560,0.2
4,config_c,234,0.2
4,config_c,654,0.2
4,config_c,232,0.2
4,config_c,231,0.2
4,config_c,192,0.2
4,config_c,168,0.2
4,config_c,633,0.2
4,config_c,141,0.2
4,config_c,424,0.19
4,config_c,220,0.19
4,config_c,425,0.19
4,config_c,205,0.19
4,config_c,245,0.19
4,config_c,630,0.19
4,config_c,21,0.19
4,config_c,416,0.19
4,config_c,227,0.19
4,config_c,221,0.19
4,config_c,81,0.18
4,config_c,555,0.18
4,config_c,430,0.18
4,config_c,431,0.18
4,config_c,380,0.18
4,config_c,440,0.18
4,config_c,441,0.18
4,config_c,225,0.18
4,config_c,448,0.18
4,config_c,217,0.18
4,config_c,360,0.18
4,config_c,215,0.18
4,config_c,213,0.18
4,config_c,556,0.18
4,config_c,618,0.18
4,config_c,216,0.18
4,config_c,218,0.18
4,config_c,219,0.18
4,config_c,359,0.18
4,config_c,199,0.18
4,config_c,365,0.18
4,config_c,361,0.18
4,config_c,363,0.18
4,config_c,436,0.17
4,config_c,413,0.17
4,config_c,628,0.17
4,config_c,53,0.17
4,config_c,50,0.17
4,config_c,55,0.17
4,config_c,49,0.17
4,config_c,582,0.17
4,config_c,131,0.17
4,config_c,475,0.17
4,config_c,325,0.17
4,config_c,606,0.17
4,config_c,414,0.17
4,config_c,434,0.17
4,config_c,30,0.17
4,config_c,607,0.17
4,config_c,39,0.17
4,config_c,48,0.17
4,config_c,44,0.17
4,config_c,476,0.17
4,config_c,479,0.17
4,config_c,477,0.17
4,config_c,438,0.17
4,config_c,437,0.17
4,config_c,470,0.17
4,config_c,433,0.17
4,config_c,376,0.17
4,config_c,353,0.17
4,config_c,378,0.17
4,config_c,339,0.17
4,config_c,374,0.17
4,config_c,373,0.17
4,config_c,370,0.17
4,config_c,383,0.17
4,config_c,352,0.17
4,config_c,351,0.17
4,config_c,382,0.17
4,config_c,354,0.17
4,config_c,355,0.17
4,config_c,444,0.16
4,config_c,632,0.16
4,config_c,312,0.16
4,config_c,484,0.16
4,config_c,386,0.16
4,config_c,587,0.16
4,config_c,458,0.16
4,config_c,392,0.16
4,config_c,485,0.16
4,config_c,394,0.16
4,config_c,489,0.15
4,config_c,451,0.15
4,config_c,590,0.15
4,config_c,468,0.15
4,config_c,137,0.15
4,config_c,609,0.15
4,config_c,573,0.15
4,config_c,404,0.15
4,config_c,402,0.15
4,config_c,653,0.15
4,config_c,400,0.15
4,config_c,294,0.14
4,config_c,288,0.14
4,config_c,409,0.14
4,config_c,408,0.14
4,config_c,410,0.14
4,config_c,466,0.14
4,config_c,121,0.14
4,config_c,122,0.14
4,config_c,610,0.14
4,config_c,340,0.14
4,config_c,442,0.14
4,config_c,274,0.14
4,config_c,407,0.14
4,config_c,180,0.14
4,config_c,139,0.14
4,config_c,120,0.13
4,config_c,645,0.13
4,config_c,181,0.13
4,config_c,303,0.13
4,config_c,284,0.13
4,config_c,637,0.13
4,config_c,187,0.13
4,config_c,278,0.13
4,config_c,266,0.13
4,config_c,193,0.13
4,config_c,118,0.13
4,config_c,178,0.13
4,config_c,117,0.13
4,config_c,443,0.13
4,config_c,614,0.13
4,config_c,177,0.13
4,config_c,307,0.13
4,config_c,179,0.13
4,config_c,174,0.13
4,config_c,612,0.12
4,config_c,599,0.12
4,config_c,298,0.12
4,config_c,299,0.12
4,config_c,292,0.12
4,config_c,296,0.12
4,config_c,571,0.12
4,config_c,324,0.12
4,config_c,650,0.12
4,config_c,314,0.12
4,config_c,293,0.12
4,config_c,319,0.12
4,config_c,554,0.12
4,config_c,63,0.12
4,config_c,318,0.12
4,config_c,602,0.12
4,config_c,623,0.12
4,config_c,311,0.12
4,config_c,196,0.12
4,config_c,191,0.12
4,config_c,189,0.12
4,config_c,310,0.12
4,config_c,620,0.12
4,config_c,322,0.12
4,config_c,300,0.12
4,config_c,652,0.12
4,config_c,85,0.12
4,config_c,302,0.12
4,config_c,301,0.12
4,config_c,297,0.11
4,config_c,133,0.11
4,config_c,521,0.11
4,config_c,134,0.11
4,config_c,283,0.11
4,config_c,256,0.11
4,config_c,172,0.11
4,config_c,171,0.11
4,config_c,275,0.11
4,config_c,624,0.11
4,config_c,128,0.11
4,config_c,291,0.11
4,config_c,276,0.11
4,config_c,517,0.11
4,config_c,132,0.11
4,config_c,651,0.11
4,config_c,92,0.11
4,config_c,273,0.11
4,config_c,636,0.11
4,config_c,126,0.11
4,config_c,99,0.11
4,config_c,100,0.11
4,config_c,77,0.11
4,config_c,197,0.11
4,config_c,270,0.1
4,config_c,78,0.1
4,config_c,626,0.1
4,config_c,103,0.1
4,config_c,540,0.1
4,config_c,538,0.1
4,config_c,537,0.1
4,config_c,272,0.1
4,config_c,111,0.1
4,config_c,601,0.1
4,config_c,147,0.1
4,config_c,505,0.1
4,config_c,507,0.1
4,config_c,511,0.1
4,config_c,510,0.1
4,config_c,509,0.1
4,config_c,615,0.1
4,config_c,500,0.1
4,config_c,508,0.1
4,config_c,513,0.1
4,config_c,252,0.09
4,config_c,518,0.09
4,config_c,546,0.09
4,config_c,550,0.09
4,config_c,83,0.09
4,config_c,251,0.09
4,config_c,613,0.09
4,config_c,495,0.09
4,config_c,62,0.09
4,config_c,107,0.09
4,config_c,528,0.09
4,config_c,66,0.09
4,config_c,524,0.09
4,config_c,494,0.09
4,config_c,497,0.09
4,config_c,65,0.09
4,config_c,530,0.09
4,config_c,531,0.09
4,config_c,80,0.08
4,config_c,58,0.07
4,config_c,59,0.07
4,config_c,641,0.06
4,config_c,344,0.06
4,config_c,333,0.05
4,config_c,648,0.05
4,config_c,603,0.05
4,config_c,349,0.04
4,config_c,348,0.04
4,config_c,604,0.04
4,config_c,341,0.04
4,config_c,629,0.04
4,config_c,625,0.04
4,config_c,342,0.04
4,config_c,326,0.03
4,config_a,12,3.99
4,config_a,426,3.59
4,config_a,26,3.56
4,config_a,1,3.4
4,config_a,411,3.36
4,config_a,8,3.23
4,config_a,4,3.13
4,config_a,40,3.06
4,config_a,249,3.03
4,config_a,10,2.95
4,config_a,367,2.95
4,config_a,211,2.87
4,config_a,127,2.87
4,config_a,242,2.84
4,config_a,15,2.81
4,config_a,236,2.76
4,config_a,649,2.74
4,config_a,28,2.73
4,config_a,165,2.72
4,config_a,397,2.72
4,config_a,597,2.69
4,config_a,368,2.69
4,config_a,399,2.67
4,config_a,154,2.66
4,config_a,226,2.65
4,config_a,542,2.64
4,config_a,428,2.63
4,config_a,230,2.63
4,config_a,13,2.63
4,config_a,379,2.62
4,config_a,557,2.61
4,config_a,591,2.6
4,config_a,264,2.6
4,config_a,204,2.58
4,config_a,229,2.58
4,config_a,427,2.58
4,config_a,366,2.57
4,config_a,454,2.57
4,config_a,567,2.56
4,config_a,68,2.56
4,config_a,200,2.55
4,config_a,115,2.55
4,config_a,480,2.5
4,config_a,305,2.47
4,config_a,124,2.46
4,config_a,564,2.44
4,config_a,464,2.44
4,config_a,250,2.44
4,config_a,412,2.44
4,config_a,237,2.43
4,config_a,109,2.42
4,config_a,86,2.41
4,config_a,384,2.4
4,config_a,390,2.4
4,config_a,198,2.39
4,config_a,82,2.39
4,config_a,385,2.39
4,config_a,453,2.36
4,config_a,398,2.36
4,config_a,268,2.35
4,config_a,529,2.34
4,config_a,94,2.34
4,config_a,572,2.34
4,config_a,467,2.33
4,config_a,586,2.33
4,config_a,244,2.32
4,config_a,173,2.32
4,config_a,388,2.31
4,config_a,532,2.3
4,config_a,282,2.3
4,config_a,277,2.28
4,config_a,214,2.26
4,config_a,57,2.26
4,config_a,69,2.26
4,config_a,258,2.25
4,config_a,156,2.25
4,config_a,449,2.24
4,config_a,233,2.23
4,config_a,533,2.21
4,config_a,545,2.21
4,config_a,423,2.19
4,config_a,98,2.17
4,config_a,432,2.17
4,config_a,593,2.16
4,config_a,41,2.15
4,config_a,110,2.15
4,config_a,536,2.14
4,config_a,335,2.14
4,config_a,504,2.14
4,config_a,79,2.13
4,config_a,569,2.13
4,config_a,391,2.12
4,config_a,471,2.1
4,config_a,643,2.1
4,config_a,87,2.09
4,config_a,295,2.08
4,config_a,447,2.08
4,config_a,605,2.08
4,config_a,552,2.07
4,config_a,481,2.07
4,config_a,334,2.07
4,config_a,472,2.06
4,config_a,45,2.05
4,config_a,332,2.05
4,config_a,544,2.04
4,config_a,486,2.04
4,config_a,106,2.04
4,config_a,350,2.04
4,config_a,469,2.03
4,config_a,46,2.03
4,config_a,304,2.03
4,config_a,202,2.02
4,config_a,393,2.02
4,config_a,377,2.0
4,config_a,565,2.0
4,config_a,36,1.98
4,config_a,429,1.98
4,config_a,210,1.97
4,config_a,279,1.96
4,config_a,315,1.96
4,config_a,356,1.96
4,config_a,33,1.95
4,config_a,290,1.94
4,config_a,224,1.94
4,config_a,286,1.93
4,config_a,67,1.92
4,config_a,7,1.91
4,config_a,316,1.91
4,config_a,570,1.91
4,config_a,330,1.9
4,config_a,474,1.9
4,config_a,551,1.9
4,config_a,116,1.9
4,config_a,338,1.88
4,config_a,96,1.88
4,config_a,43,1.87
4,config_a,588,1.87
4,config_a,31,1.86
4,config_a,145,1.86
4,config_a,525,1.85
4,config_a,114,1.83
4,config_a,418,1.82
4,config_a,259,1.81
4,config_a,11,1.78
4,config_a,362,1.77
4,config_a,51,1.77
4,config_a,261,1.77
4,config_a,460,1.76
4,config_a,47,1.76
4,config_a,61,1.75
4,config_a,182,1.75
4,config_a,566,1.75
4,config_a,503,1.73
4,config_a,483,1.73
4,config_a,499,1.73
4,config_a,184,1.71
4,config_a,166,1.71
4,config_a,445,1.71
4,config_a,619,1.7
4,config_a,541,1.69
4,config_a,496,1.69
4,config_a,267,1.69
4,config_a,148,1.68
4,config_a,151,1.68
4,config_a,553,1.68
4,config_a,37,1.66
4,config_a,417,1.66
4,config_a,579,1.66
4,config_a,138,1.65
4,config_a,161,1.64
4,config_a,175,1.63
4,config_a,455,1.62
4,config_a,70,1.62
4,config_a,203,1.6
4,config_a,346,1.58
4,config_a,142,1.58
4,config_a,183,1.57
4,config_a,60,1.56
4,config_a,419,1.56
4,config_a,32,1.54
4,config_a,246,1.54
4,config_a,439,1.53
4,config_a,644,1.51
4,config_a,558,1.5
4,config_a,112,1.48
4,config_a,514,1.47
4,config_a,534,1.46
4,config_a,88,1.46
4,config_a,153,1.45
4,config_a,492,1.45
4,config_a,91,1.44
4,config_a,247,1.44
4,config_a,280,1.44
4,config_a,176,1.44
4,config_a,598,1.42
4,config_a,129,1.41
4,config_a,501,1.41
4,config_a,253,1.4
4,config_a,239,1.4
4,config_a,358,1.39
4,config_a,516,1.39
4,config_a,347,1.39
4,config_a,306,1.38
4,config_a,345,1.37
4,config_a,257,1.36
4,config_a,123,1.36
4,config_a,401,1.35
4,config_a,155,1.35
4,config_a,456,1.34
4,config_a,580,1.33
4,config_a,64,1.33
4,config_a,372,1.33
4,config_a,415,1.3
4,config_a,459,1.3
4,config_a,73,1.21
4,config_a,506,1.21
4,config_a,167,1.21
4,config_a,209,1.21
4,config_a,19,1.2
4,config_a,113,1.19
4,config_a,491,1.19
4,config_a,405,1.18
4,config_a,371,1.17
4,config_a,190,1.16
4,config_a,635,1.16
4,config_a,562,1.14
4,config_a,589,1.14
4,config_a,336,1.14
4,config_a,254,1.14
4,config_a,576,1.14
4,config_a,502,1.12
4,config_a,331,1.11
4,config_a,473,1.11
4,config_a,269,1.11
4,config_a,195,1.11
4,config_a,265,1.1
4,config_a,313,1.1
4,config_a,84,1.09
4,config_a,519,1.07
4,config_a,327,1.07
4,config_a,186,1.06
4,config_a,93,1.05
4,config_a,222,1.02
4,config_a,575,1.02
4,config_a,71,1.01
4,config_a,105,1.0
4,config_a,144,1.0
4,config_a,403,0.99
4,config_a,337,0.99
4,config_a,95,0.98
4,config_a,238,0.98
4,config_a,627,0.98
4,config_a,640,0.98
4,config_a,17,0.96
4,config_a,201,0.96
4,config_a,642,0.96
4,config_a,583,0.94
4,config_a,422,0.93
4,config_a,616,0.93
4,config_a,260,0.91
4,config_a,119,0.91
4,config_a,512,0.91
4,config_a,104,0.89
4,config_a,634,0.87
4,config_a,90,0.87
4,config_a,592,0.86
4,config_a,594,0.85
4,config_a,52,0.84
4,config_a,585,0.84
4,config_a,596,0.83
4,config_a,162,0.82
4,config_a,9,0.82
4,config_a,16,0.82
4,config_a,194,0.82
4,config_a,271,0.81
4,config_a,617,0.8
4,config_a,102,0.8
4,config_a,160,0.79
4,config_a,130,0.79
4,config_a,262,0.78
4,config_a,157,0.78
4,config_a,387,0.77
4,config_a,638,0.76
4,config_a,34,0.74
4,config_a,309,0.73
4,config_a,457,0.73
4,config_a,323,0.72
4,config_a,14,0.71
4,config_a,490,0.7
4,config_a,462,0.7
4,config_a,125,0.7
4,config_a,526,0.69
4,config_a,395,0.69
4,config_a,420,0.68
4,config_a,611,0.66
4,config_a,465,0.66
4,config_a,243,0.66
4,config_a,320,0.65
4,config_a,228,0.65
4,config_a,646,0.64
4,config_a,25,0.64
4,config_a,56,0.64
4,config_a,357,0.63
4,config_a,421,0.62
4,config_a,241,0.61
4,config_a,543,0.61
4,config_a,621,0.6
4,config_a,287,0.6
4,config_a,149,0.6
4,config_a,212,0.6
4,config_a,647,0.6
4,config_a,523,0.59
4,config_a,97,0.59
4,config_a,369,0.58
4,config_a,375,0.58
4,config_a,29,0.57
4,config_a,54,0.57
4,config_a,522,0.56
4,config_a,381,0.56
4,config_a,223,0.55
4,config_a,329,0.55
4,config_a,463,0.55
4,config_a,255,0.55
4,config_a,488,0.54
4,config_a,248,0.52
4,config_a,577,0.52
4,config_a,406,0.52
4,config_a,584,0.5
4,config_a,42,0.5
4,config_a,207,0.5
4,config_a,539,0.5
4,config_a,188,0.49
4,config_a,108,0.49
4,config_a,140,0.48
4,config_a,74,0.47
4,config_a,578,0.47
4,config_a,608,0.47
4,config_a,364,0.46
4,config_a,389,0.45
4,config_a,498,0.44
4,config_a,452,0.44
4,config_a,600,0.43
4,config_a,574,0.43
4,config_a,206,0.43
4,config_a,185,0.42
4,config_a,289,0.41
4,config_a,72,0.41
4,config_a,281,0.4
4,config_a,136,0.39
4,config_a,75,0.39
4,config_a,263,0.38
4,config_a,527,0.37
4,config_a,563,0.36
4,config_a,622,0.31
4,config_a,478,0.31
4,config_a,559,0.31
4,config_a,568,0.29
4,config_a,164,0.29
4,config_a,595,0.29
4,config_a,308,0.28
4,config_a,35,0.28
4,config_a,515,0.28
4,config_a,343,0.27
4,config_a,159,0.27
4,config_a,6,0.27
4,config_a,5,0.27
4,config_a,450,0.27
4,config_a,581,0.27
4,config_a,18,0.26
4,config_a,27,0.26
4,config_a,547,0.26
4,config_a,22,0.25
4,config_a,285,0.25
4,config_a,20,0.25
4,config_a,24,0.25
4,config_a,23,0.25
4,config_a,548,0.25
4,config_a,396,0.25
4,config_a,3,0.25
4,config_a,520,0.25
4,config_a,2,0.25
4,config_a,435,0.24
4,config_a,328,0.24
4,config_a,135,0.23
4,config_a,76,0.23
4,config_a,321,0.22
4,config_a,493,0.2
4,config_a,101,0.19
4,config_a,158,0.19
4,config_a,461,0.19
4,config_a,573,0.19
4,config_a,560,0.18
4,config_a,163,0.18
4,config_a,141,0.18
4,config_a,446,0.18
4,config_a,482,0.18
4,config_a,487,0.18
4,config_a,535,0.18
4,config_a,150,0.17
4,config_a,561,0.17
4,config_a,231,0.17
4,config_a,232,0.17
4,config_a,234,0.17
4,config_a,549,0.17
4,config_a,235,0.17
4,config_a,81,0.17
4,config_a,152,0.17
4,config_a,143,0.17
4,config_a,146,0.17
4,config_a,240,0.16
4,config_a,556,0.16
4,config_a,245,0.16
4,config_a,170,0.16
4,config_a,227,0.16
4,config_a,169,0.16
4,config_a,168,0.16
4,config_a,633,0.16
4,config_a,440,0.16
4,config_a,425,0.16
4,config_a,424,0.16
4,config_a,416,0.16
4,config_a,654,0.16
4,config_a,380,0.15
4,config_a,441,0.15
4,config_a,365,0.15
4,config_a,363,0.15
4,config_a,361,0.15
4,config_a,360,0.15
4,config_a,359,0.15
4,config_a,213,0.15
4,config_a,216,0.15
4,config_a,205,0.15
4,config_a,208,0.15
4,config_a,215,0.15
4,config_a,555,0.15
4,config_a,199,0.15
4,config_a,21,0.15
4,config_a,217,0.15
4,config_a,220,0.15
4,config_a,218,0.15
4,config_a,219,0.15
4,config_a,434,0.14
4,config_a,339,0.14
4,config_a,431,0.14
4,config_a,430,0.14
4,config_a,436,0.14
4,config_a,413,0.14
4,config_a,131,0.14
4,config_a,392,0.14
4,config_a,394,0.14
4,config_a,438,0.14
4,config_a,225,0.14
4,config_a,631,0.14
4,config_a,221,0.14
4,config_a,630,0.14
4,config_a,414,0.14
4,config_a,437,0.14
4,config_a,433,0.14
4,config_a,325,0.14
4,config_a,382,0.14
4,config_a,55,0.14
4,config_a,351,0.14
4,config_a,370,0.13
4,config_a,354,0.13
4,config_a,355,0.13
4,config_a,618,0.13
4,config_a,653,0.13
4,config_a,628,0.13
4,config_a,353,0.13
4,config_a,352,0.13
4,config_a,587,0.13
4,config_a,30,0.13
4,config_a,400,0.13
4,config_a,49,0.13
4,config_a,373,0.13
4,config_a,44,0.13
4,config_a,383,0.13
4,config_a,53,0.13
4,config_a,378,0.13
4,config_a,376,0.13
4,config_a,48,0.13
4,config_a,374,0.13
4,config_a,582,0.13
4,config_a,470,0.12
4,config_a,89,0.12
4,config_a,322,0.12
4,config_a,609,0.12
4,config_a,451,0.12
4,config_a,475,0.12
4,config_a,317,0.12
4,config_a,448,0.12
4,config_a,38,0.12
4,config_a,303,0.12
4,config_a,307,0.12
4,config_a,39,0.12
4,config_a,409,0.12
4,config_a,404,0.12
4,config_a,407,0.12
4,config_a,386,0.12
4,config_a,607,0.12
4,config_a,402,0.12
4,config_a,606,0.12
4,config_a,50,0.12
4,config_a,408,0.12
4,config_a,410,0.12
4,config_a,180,0.11
4,config_a,179,0.11
4,config_a,476,0.11
4,config_a,193,0.11
4,config_a,477,0.11
4,config_a,178,0.11
4,config_a,466,0.11
4,config_a,177,0.11
4,config_a,174,0.11
4,config_a,479,0.11
4,config_a,442,0.11
4,config_a,189,0.11
4,config_a,181,0.11
4,config_a,192,0.11
4,config_a,191,0.11
4,config_a,187,0.11
4,config_a,196,0.1
4,config_a,650,0.1
4,config_a,458,0.1
4,config_a,623,0.1
4,config_a,172,0.1
4,config_a,599,0.1
4,config_a,171,0.1
4,config_a,300,0.1
4,config_a,444,0.1
4,config_a,443,0.1
4,config_a,197,0.1
4,config_a,554,0.1
4,config_a,571,0.09
4,config_a,256,0.09
4,config_a,468,0.09
4,config_a,610,0.09
4,config_a,590,0.09
4,config_a,278,0.09
4,config_a,283,0.09
4,config_a,636,0.09
4,config_a,284,0.09
4,config_a,314,0.09
4,config_a,319,0.09
4,config_a,318,0.09
4,config_a,602,0.09
4,config_a,484,0.09
4,config_a,489,0.09
4,config_a,312,0.09
4,config_a,301,0.09
4,config_a,302,0.09
4,config_a,485,0.09
4,config_a,311,0.09
4,config_a,310,0.09
4,config_a,324,0.09
4,config_a,626,0.08
4,config_a,117,0.08
4,config_a,614,0.08
4,config_a,120,0.08
4,config_a,118,0.08
4,config_a,137,0.08
4,config_a,637,0.08
4,config_a,299,0.08
4,config_a,298,0.08
4,config_a,251,0.08
4,config_a,632,0.08
4,config_a,252,0.08
4,config_a,266,0.08
4,config_a,272,0.08
4,config_a,612,0.07
4,config_a,147,0.07
4,config_a,270,0.07
4,config_a,500,0.07
4,config_a,505,0.07
4,config_a,139,0.07
4,config_a,537,0.07
4,config_a,507,0.07
4,config_a,509,0.06
4,config_a,508,0.06
4,config_a,275,0.06
4,config_a,291,0.06
4,config_a,510,0.06
4,config_a,528,0.06
4,config_a,511,0.06
4,config_a,276,0.06
4,config_a,288,0.06
4,config_a,645,0.06
4,config_a,340,0.06
4,config_a,297,0.06
4,config_a,296,0.06
4,config_a,538,0.06
4,config_a,540,0.06
4,config_a,294,0.06
4,config_a,293,0.06
4,config_a,274,0.06
4,config_a,292,0.06
4,config_a,652,0.06
4,config_a,134,0.06
4,config_a,128,0.06
4,config_a,133,0.06
4,config_a,126,0.06
4,config_a,122,0.06
4,config_a,121,0.06
4,config_a,620,0.06
4,config_a,92,0.06
4,config_a,273,0.06
4,config_a,624,0.06
4,config_a,85,0.06
4,config_a,639,0.06
4,config_a,132,0.06
4,config_a,107,0.05
4,config_a,524,0.05
4,config_a,111,0.05
4,config_a,531,0.05
4,config_a,601,0.05
4,config_a,651,0.05
4,config_a,513,0.05
4,config_a,497,0.05
4,config_a,521,0.05
4,config_a,495,0.05
4,config_a,518,0.05
4,config_a,494,0.05
4,config_a,517,0.05
4,config_a,613,0.04
4,config_a,99,0.04
4,config_a,100,0.04
4,config_a,103,0.04
4,config_a,546,0.04
4,config_a,62,0.04
4,config_a,530,0.04
4,config_a,550,0.04
4,config_a,63,0.04
4,config_a,641,0.04
4,config_a,65,0.03
4,config_a,83,0.03
4,config_a,603,0.03
4,config_a,66,0.03
4,config_a,78,0.03
4,config_a,80,0.03
4,config_a,333,0.03
4,config_a,615,0.02
4,config_a,326,0.02
4,config_a,348,0.02
4,config_a,349,0.02
4,config_a,629,0.02
4,config_a,648,0.02
4,config_a,77,0.02
4,config_a,625,0.02
4,config_a,341,0.01
4,config_a,342,0.01
4,config_a,344,0.01
4,config_a,604,0.01
4,config_a,58,0.01
4,config_a,59,0.01
4,stacked_ensemble,12,3.64
4,stacked_ensemble,40,3.48
4,stacked_ensemble,26,3.48
4,stacked_ensemble,1,3.41
4,stacked_ensemble,411,3.34
4,stacked_ensemble,426,3.32
4,stacked_ensemble,154,3.27
4,stacked_ensemble,4,3.21
4,stacked_ensemble,8,3.18
4,stacked_ensemble,367,3.15
4,stacked_ensemble,427,3.13
4,stacked_ensemble,368,3.1
4,stacked_ensemble,165,3.07
4,stacked_ensemble,397,3.07
4,stacked_ensemble,226,3.06
4,stacked_ensemble,10,3.06
4,stacked_ensemble,249,3.05
4,stacked_ensemble,236,3.04
4,stacked_ensemble,399,2.98
4,stacked_ensemble,13,2.96
4,stacked_ensemble,229,2.9
4,stacked_ensemble,15,2.89
4,stacked_ensemble,567,2.87
4,stacked_ensemble,428,2.86
4,stacked_ensemble,557,2.85
4,stacked_ensemble,230,2.83
4,stacked_ensemble,204,2.82
4,stacked_ensemble,68,2.8
4,stacked_ensemble,242,2.79
4,stacked_ensemble,480,2.78
4,stacked_ensemble,127,2.75
4,stacked_ensemble,86,2.75
4,stacked_ensemble,591,2.73
4,stacked_ensemble,237,2.73
4,stacked_ensemble,384,2.72
4,stacked_ensemble,124,2.72
4,stacked_ensemble,98,2.71
4,stacked_ensemble,388,2.71
4,stacked_ensemble,391,2.7
4,stacked_ensemble,398,2.7
4,stacked_ensemble,200,2.7
4,stacked_ensemble,366,2.69
4,stacked_ensemble,82,2.69
4,stacked_ensemble,454,2.68
4,stacked_ensemble,28,2.65
4,stacked_ensemble,379,2.63
4,stacked_ensemble,542,2.62
4,stacked_ensemble,467,2.62
4,stacked_ensemble,464,2.61
4,stacked_ensemble,412,2.61
4,stacked_ensemble,597,2.61
4,stacked_ensemble,593,2.6
4,stacked_ensemble,115,2.6
4,stacked_ensemble,244,2.59
4,stacked_ensemble,453,2.58
4,stacked_ensemble,572,2.58
4,stacked_ensemble,277,2.56
4,stacked_ensemble,94,2.53
4,stacked_ensemble,69,2.53
4,stacked_ensemble,57,2.52
4,stacked_ensemble,250,2.52
4,stacked_ensemble,198,2.52
4,stacked_ensemble,385,2.51
4,stacked_ensemble,471,2.51
4,stacked_ensemble,173,2.51
4,stacked_ensemble,214,2.5
4,stacked_ensemble,449,2.49
4,stacked_ensemble,156,2.49
4,stacked_ensemble,233,2.48
4,stacked_ensemble,469,2.47
4,stacked_ensemble,390,2.47
4,stacked_ensemble,564,2.46
4,stacked_ensemble,569,2.46
4,stacked_ensemble,377,2.46
4,stacked_ensemble,393,2.44
4,stacked_ensemble,529,2.43
4,stacked_ensemble,504,2.42
4,stacked_ensemble,334,2.42
4,stacked_ensemble,335,2.42
4,stacked_ensemble,109,2.41
4,stacked_ensemble,356,2.41
4,stacked_ensemble,447,2.41
4,stacked_ensemble,258,2.4
4,stacked_ensemble,423,2.39
4,stacked_ensemble,544,2.38
4,stacked_ensemble,533,2.37
4,stacked_ensemble,286,2.37
4,stacked_ensemble,110,2.36
4,stacked_ensemble,211,2.35
4,stacked_ensemble,79,2.35
4,stacked_ensemble,586,2.35
4,stacked_ensemble,87,2.35
4,stacked_ensemble,264,2.35
4,stacked_ensemble,43,2.34
4,stacked_ensemble,432,2.34
4,stacked_ensemble,279,2.34
4,stacked_ensemble,472,2.34
4,stacked_ensemble,282,2.33
4,stacked_ensemble,481,2.33
4,stacked_ensemble,532,2.31
4,stacked_ensemble,350,2.29
4,stacked_ensemble,332,2.29
4,stacked_ensemble,362,2.29
4,stacked_ensemble,649,2.29
4,stacked_ensemble,536,2.27
4,stacked_ensemble,305,2.27
4,stacked_ensemble,486,2.27
4,stacked_ensemble,290,2.27
4,stacked_ensemble,116,2.26
4,stacked_ensemble,643,2.24
4,stacked_ensemble,210,2.24
4,stacked_ensemble,605,2.23
4,stacked_ensemble,315,2.21
4,stacked_ensemble,106,2.19
4,stacked_ensemble,268,2.19
4,stacked_ensemble,418,2.16
4,stacked_ensemble,429,2.16
4,stacked_ensemble,565,2.16
4,stacked_ensemble,46,2.16
4,stacked_ensemble,338,2.15
4,stacked_ensemble,295,2.14
4,stacked_ensemble,496,2.14
4,stacked_ensemble,224,2.13
4,stacked_ensemble,96,2.13
4,stacked_ensemble,474,2.13
4,stacked_ensemble,47,2.11
4,stacked_ensemble,316,2.1
4,stacked_ensemble,7,2.1
4,stacked_ensemble,346,2.1
4,stacked_ensemble,161,2.09
4,stacked_ensemble,545,2.09
4,stacked_ensemble,460,2.08
4,stacked_ensemble,41,2.08
4,stacked_ensemble,570,2.06
4,stacked_ensemble,552,2.06
4,stacked_ensemble,114,2.05
4,stacked_ensemble,267,2.04
4,stacked_ensemble,455,2.04
4,stacked_ensemble,304,2.01
4,stacked_ensemble,45,1.99
4,stacked_ensemble,112,1.98
4,stacked_ensemble,67,1.97
4,stacked_ensemble,261,1.97
4,stacked_ensemble,445,1.97
4,stacked_ensemble,579,1.96
4,stacked_ensemble,499,1.95
4,stacked_ensemble,588,1.94
4,stacked_ensemble,31,1.94
4,stacked_ensemble,202,1.94
4,stacked_ensemble,541,1.94
4,stacked_ensemble,36,1.93
4,stacked_ensemble,175,1.93
4,stacked_ensemble,51,1.92
4,stacked_ensemble,358,1.92
4,stacked_ensemble,566,1.9
4,stacked_ensemble,551,1.9
4,stacked_ensemble,138,1.9
4,stacked_ensemble,37,1.88
4,stacked_ensemble,417,1.87
4,stacked_ensemble,184,1.87
4,stacked_ensemble,259,1.87
4,stacked_ensemble,330,1.87
4,stacked_ensemble,166,1.86
4,stacked_ensemble,145,1.86
4,stacked_ensemble,148,1.85
4,stacked_ensemble,33,1.85
4,stacked_ensemble,558,1.83
4,stacked_ensemble,483,1.82
4,stacked_ensemble,619,1.82
4,stacked_ensemble,246,1.82
4,stacked_ensemble,525,1.82
4,stacked_ensemble,151,1.81
4,stacked_ensemble,142,1.81
4,stacked_ensemble,503,1.8
4,stacked_ensemble,70,1.8
4,stacked_ensemble,32,1.79
4,stacked_ensemble,176,1.77
4,stacked_ensemble,534,1.75
4,stacked_ensemble,11,1.75
4,stacked_ensemble,280,1.72
4,stacked_ensemble,553,1.72
4,stacked_ensemble,516,1.72
4,stacked_ensemble,419,1.71
4,stacked_ensemble,60,1.69
4,stacked_ensemble,492,1.69
4,stacked_ensemble,61,1.68
4,stacked_ensemble,88,1.68
4,stacked_ensemble,598,1.68
4,stacked_ensemble,372,1.67
4,stacked_ensemble,514,1.67
4,stacked_ensemble,182,1.67
4,stacked_ensemble,644,1.65
4,stacked_ensemble,401,1.65
4,stacked_ensemble,203,1.64
4,stacked_ensemble,183,1.63
4,stacked_ensemble,459,1.58
4,stacked_ensemble,155,1.58
4,stacked_ensemble,153,1.57
4,stacked_ensemble,129,1.56
4,stacked_ensemble,247,1.55
4,stacked_ensemble,345,1.53
4,stacked_ensemble,439,1.53
4,stacked_ensemble,253,1.52
4,stacked_ensemble,239,1.51
4,stacked_ensemble,306,1.51
4,stacked_ensemble,562,1.48
4,stacked_ensemble,91,1.47
4,stacked_ensemble,257,1.45
4,stacked_ensemble,64,1.45
4,stacked_ensemble,576,1.44
4,stacked_ensemble,491,1.43
4,stacked_ensemble,473,1.42
4,stacked_ensemble,167,1.37
4,stacked_ensemble,589,1.36
4,stacked_ensemble,456,1.36
4,stacked_ensemble,580,1.35
4,stacked_ensemble,327,1.35
4,stacked_ensemble,73,1.35
4,stacked_ensemble,209,1.35
4,stacked_ensemble,84,1.33
4,stacked_ensemble,254,1.32
4,stacked_ensemble,123,1.31
4,stacked_ensemble,501,1.31
4,stacked_ensemble,502,1.3
4,stacked_ensemble,371,1.29
4,stacked_ensemble,347,1.27
4,stacked_ensemble,190,1.27
4,stacked_ensemble,405,1.27
4,stacked_ensemble,265,1.25
4,stacked_ensemble,506,1.25
4,stacked_ensemble,415,1.24
4,stacked_ensemble,95,1.24
4,stacked_ensemble,313,1.23
4,stacked_ensemble,336,1.22
4,stacked_ensemble,519,1.22
4,stacked_ensemble,19,1.21
4,stacked_ensemble,186,1.2
4,stacked_ensemble,575,1.14
4,stacked_ensemble,71,1.14
4,stacked_ensemble,144,1.12
4,stacked_ensemble,403,1.11
4,stacked_ensemble,222,1.1
4,stacked_ensemble,105,1.1
4,stacked_ensemble,93,1.08
4,stacked_ensemble,331,1.06
4,stacked_ensemble,195,1.06
4,stacked_ensemble,17,1.05
4,stacked_ensemble,627,1.03
4,stacked_ensemble,337,1.02
4,stacked_ensemble,104,1.02
4,stacked_ensemble,238,1.01
4,stacked_ensemble,616,1.0
4,stacked_ensemble,113,1.0
4,stacked_ensemble,640,0.99
4,stacked_ensemble,583,0.98
4,stacked_ensemble,642,0.97
4,stacked_ensemble,269,0.97
4,stacked_ensemble,634,0.95
4,stacked_ensemble,635,0.94
4,stacked_ensemble,201,0.92
4,stacked_ensemble,260,0.92
4,stacked_ensemble,512,0.91
4,stacked_ensemble,9,0.91
4,stacked_ensemble,422,0.91
4,stacked_ensemble,130,0.89
4,stacked_ensemble,387,0.87
4,stacked_ensemble,194,0.87
4,stacked_ensemble,16,0.86
4,stacked_ensemble,162,0.86
4,stacked_ensemble,119,0.85
4,stacked_ensemble,592,0.82
4,stacked_ensemble,52,0.81
4,stacked_ensemble,160,0.81
4,stacked_ensemble,309,0.8
4,stacked_ensemble,125,0.8
4,stacked_ensemble,271,0.79
4,stacked_ensemble,90,0.79
4,stacked_ensemble,585,0.78
4,stacked_ensemble,395,0.77
4,stacked_ensemble,596,0.77
4,stacked_ensemble,490,0.74
4,stacked_ensemble,462,0.74
4,stacked_ensemble,323,0.73
4,stacked_ensemble,102,0.72
4,stacked_ensemble,14,0.72
4,stacked_ensemble,34,0.72
4,stacked_ensemble,457,0.7
4,stacked_ensemble,262,0.7
4,stacked_ensemble,157,0.7
4,stacked_ensemble,465,0.69
4,stacked_ensemble,638,0.68
4,stacked_ensemble,357,0.67
4,stacked_ensemble,243,0.67
4,stacked_ensemble,617,0.67
4,stacked_ensemble,463,0.66
4,stacked_ensemble,611,0.66
4,stacked_ensemble,25,0.65
4,stacked_ensemble,420,0.65
4,stacked_ensemble,320,0.64
4,stacked_ensemble,621,0.64
4,stacked_ensemble,149,0.62
4,stacked_ensemble,97,0.61
4,stacked_ensemble,526,0.6
4,stacked_ensemble,56,0.6
4,stacked_ensemble,646,0.58
4,stacked_ensemble,329,0.56
4,stacked_ensemble,369,0.56
4,stacked_ensemble,522,0.56
4,stacked_ensemble,241,0.55
4,stacked_ensemble,488,0.54
4,stacked_ensemble,375,0.54
4,stacked_ensemble,421,0.54
4,stacked_ensemble,287,0.53
4,stacked_ensemble,381,0.52
4,stacked_ensemble,248,0.51
4,stacked_ensemble,406,0.51
4,stacked_ensemble,29,0.5
4,stacked_ensemble,223,0.5
4,stacked_ensemble,584,0.49
4,stacked_ensemble,647,0.49
4,stacked_ensemble,543,0.49
4,stacked_ensemble,523,0.48
4,stacked_ensemble,212,0.48
4,stacked_ensemble,594,0.48
4,stacked_ensemble,140,0.47
4,stacked_ensemble,577,0.47
4,stacked_ensemble,108,0.46
4,stacked_ensemble,255,0.45
4,stacked_ensemble,54,0.45
4,stacked_ensemble,207,0.44
4,stacked_ensemble,452,0.43
4,stacked_ensemble,42,0.42
4,stacked_ensemble,498,0.41
4,stacked_ensemble,389,0.41
4,stacked_ensemble,188,0.4
4,stacked_ensemble,539,0.38
4,stacked_ensemble,74,0.37
4,stacked_ensemble,608,0.37
4,stacked_ensemble,228,0.37
4,stacked_ensemble,364,0.36
4,stacked_ensemble,206,0.35
4,stacked_ensemble,289,0.34
4,stacked_ensemble,578,0.34
4,stacked_ensemble,136,0.32
4,stacked_ensemble,72,0.31
4,stacked_ensemble,527,0.3
4,stacked_ensemble,574,0.29
4,stacked_ensemble,281,0.29
4,stacked_ensemble,185,0.28
4,stacked_ensemble,263,0.27
4,stacked_ensemble,600,0.25
4,stacked_ensemble,622,0.25
4,stacked_ensemble,5,0.25
4,stacked_ensemble,6,0.24
4,stacked_ensemble,75,0.24
4,stacked_ensemble,559,0.23
4,stacked_ensemble,563,0.23
4,stacked_ensemble,27,0.23
4,stacked_ensemble,18,0.23
4,stacked_ensemble,24,0.22
4,stacked_ensemble,23,0.22
4,stacked_ensemble,478,0.22
4,stacked_ensemble,3,0.22
4,stacked_ensemble,568,0.22
4,stacked_ensemble,22,0.22
4,stacked_ensemble,2,0.22
4,stacked_ensemble,20,0.22
4,stacked_ensemble,396,0.21
4,stacked_ensemble,35,0.21
4,stacked_ensemble,164,0.21
4,stacked_ensemble,581,0.19
4,stacked_ensemble,450,0.19
4,stacked_ensemble,159,0.18
4,stacked_ensemble,515,0.16
4,stacked_ensemble,435,0.16
4,stacked_ensemble,595,0.15
4,stacked_ensemble,520,0.14
4,stacked_ensemble,343,0.14
4,stacked_ensemble,308,0.12
4,stacked_ensemble,547,0.1
4,stacked_ensemble,493,0.1
4,stacked_ensemble,285,0.09
4,stacked_ensemble,231,0.09
4,stacked_ensemble,234,0.09
4,stacked_ensemble,232,0.09
4,stacked_ensemble,548,0.08
4,stacked_ensemble,446,0.08
4,stacked_ensemble,235,0.08
4,stacked_ensemble,394,0.08
4,stacked_ensemble,392,0.08
4,stacked_ensemble,328,0.08
4,stacked_ensemble,227,0.06
4,stacked_ensemble,245,0.06
4,stacked_ensemble,416,0.06
4,stacked_ensemble,400,0.06
4,stacked_ensemble,628,0.06
4,stacked_ensemble,654,0.06
4,stacked_ensemble,321,0.06
4,stacked_ensemble,461,0.06
4,stacked_ensemble,587,0.05
4,stacked_ensemble,21,0.05
4,stacked_ensemble,425,0.05
4,stacked_ensemble,424,0.05
4,stacked_ensemble,143,0.05
4,stacked_ensemble,404,0.05
4,stacked_ensemble,402,0.05
4,stacked_ensemble,55,0.05
4,stacked_ensemble,386,0.05
4,stacked_ensemble,152,0.05
4,stacked_ensemble,482,0.05
4,stacked_ensemble,440,0.05
4,stacked_ensemble,135,0.05
4,stacked_ensemble,76,0.05
4,stacked_ensemble,150,0.04
4,stacked_ensemble,146,0.04
4,stacked_ensemble,410,0.04
4,stacked_ensemble,409,0.04
4,stacked_ensemble,408,0.04
4,stacked_ensemble,407,0.04
4,stacked_ensemble,158,0.04
4,stacked_ensemble,561,0.04
4,stacked_ensemble,170,0.04
4,stacked_ensemble,653,0.04
4,stacked_ensemble,168,0.04
4,stacked_ensemble,487,0.04
4,stacked_ensemble,101,0.04
4,stacked_ensemble,441,0.04
4,stacked_ensemble,630,0.04
4,stacked_ensemble,618,0.03
4,stacked_ensemble,53,0.03
4,stacked_ensemble,582,0.03
4,stacked_ensemble,606,0.03
4,stacked_ensemble,39,0.03
4,stacked_ensemble,38,0.03
4,stacked_ensemble,163,0.03
4,stacked_ensemble,30,0.03
4,stacked_ensemble,141,0.03
4,stacked_ensemble,631,0.03
4,stacked_ensemble,169,0.03
4,stacked_ensemble,430,0.02
4,stacked_ensemble,44,0.02
4,stacked_ensemble,560,0.02
4,stacked_ensemble,431,0.02
4,stacked_ensemble,48,0.02
4,stacked_ensemble,49,0.02
4,stacked_ensemble,50,0.02
4,stacked_ensemble,325,0.02
4,stacked_ensemble,607,0.02
4,stacked_ensemble,413,0.02
4,stacked_ensemble,131,0.01
4,stacked_ensemble,437,0.01
4,stacked_ensemble,433,0.01
4,stacked_ensemble,414,0.01
4,stacked_ensemble,434,0.01
4,stacked_ensemble,448,0.01
4,stacked_ensemble,438,0.01
4,stacked_ensemble,535,0.01
4,stacked_ensemble,436,0.01
4,stacked_ensemble,121,0.0
4,stacked_ensemble,458,0.0
4,stacked_ensemble,451,0.0
4,stacked_ensemble,620,0.0
4,stacked_ensemble,111,0.0
4,stacked_ensemble,120,0.0
4,stacked_ensemble,107,0.0
4,stacked_ensemble,118,0.0
4,stacked_ensemble,117,0.0
4,stacked_ensemble,489,0.0
4,stacked_ensemble,103,0.0
4,stacked_ensemble,100,0.0
4,stacked_ensemble,494,0.0
4,stacked_ensemble,495,0.0
4,stacked_ensemble,497,0.0
4,stacked_ensemble,500,0.0
4,stacked_ensemble,505,0.0
4,stacked_ensemble,507,0.0
4,stacked_ensemble,508,0.0
4,stacked_ensemble,509,0.0
4,stacked_ensemble,510,0.0
4,stacked_ensemble,511,0.0
4,stacked_ensemble,513,0.0
4,stacked_ensemble,517,0.0
4,stacked_ensemble,518,0.0
4,stacked_ensemble,521,0.0
4,stacked_ensemble,524,0.0
4,stacked_ensemble,528,0.0
4,stacked_ensemble,601,0.0
4,stacked_ensemble,530,0.0
4,stacked_ensemble,531,0.0
4,stacked_ensemble,537,0.0
4,stacked_ensemble,538,0.0
4,stacked_ensemble,540,0.0
4,stacked_ensemble,546,0.0
4,stacked_ensemble,549,0.0
4,stacked_ensemble,550,0.0
4,stacked_ensemble,612,0.0
4,stacked_ensemble,613,0.0
4,stacked_ensemble,58,0.0
4,stacked_ensemble,147,0.0
4,stacked_ensemble,59,0.0
4,stacked_ensemble,80,0.0
4,stacked_ensemble,99,0.0
4,stacked_ensemble,92,0.0
4,stacked_ensemble,466,0.0
4,stacked_ensemble,89,0.0
4,stacked_ensemble,85,0.0
4,stacked_ensemble,609,0.0
4,stacked_ensemble,83,0.0
4,stacked_ensemble,615,0.0
4,stacked_ensemble,573,0.0
4,stacked_ensemble,468,0.0
4,stacked_ensemble,81,0.0
4,stacked_ensemble,470,0.0
4,stacked_ensemble,78,0.0
4,stacked_ensemble,590,0.0
4,stacked_ensemble,77,0.0
4,stacked_ensemble,475,0.0
4,stacked_ensemble,476,0.0
4,stacked_ensemble,477,0.0
4,stacked_ensemble,479,0.0
4,stacked_ensemble,484,0.0
4,stacked_ensemble,485,0.0
4,stacked_ensemble,66,0.0
4,stacked_ensemble,444,0.0
4,stacked_ensemble,65,0.0
4,stacked_ensemble,63,0.0
4,stacked_ensemble,62,0.0
4,stacked_ensemble,122,0.0
4,stacked_ensemble,273,0.0
4,stacked_ensemble,443,0.0
4,stacked_ensemble,324,0.0
4,stacked_ensemble,301,0.0
4,stacked_ensemble,302,0.0
4,stacked_ensemble,303,0.0
4,stacked_ensemble,307,0.0
4,stacked_ensemble,310,0.0
4,stacked_ensemble,311,0.0
4,stacked_ensemble,312,0.0
4,stacked_ensemble,314,0.0
4,stacked_ensemble,317,0.0
4,stacked_ensemble,318,0.0
4,stacked_ensemble,319,0.0
4,stacked_ensemble,633,0.0
4,stacked_ensemble,322,0.0
4,stacked_ensemble,554,0.0
4,stacked_ensemble,208,0.0
4,stacked_ensemble,555,0.0
4,stacked_ensemble,571,0.0
4,stacked_ensemble,225,0.0
4,stacked_ensemble,602,0.0
4,stacked_ensemble,221,0.0
4,stacked_ensemble,220,0.0
4,stacked_ensemble,219,0.0
4,stacked_ensemble,326,0.0
4,stacked_ensemble,218,0.0
4,stacked_ensemble,217,0.0
4,stacked_ensemble,216,0.0
4,stacked_ensemble,215,0.0
4,stacked_ensemble,213,0.0
4,stacked_ensemble,300,0.0
4,stacked_ensemble,645,0.0
4,stacked_ensemble,637,0.0
4,stacked_ensemble,632,0.0
4,stacked_ensemble,275,0.0
4,stacked_ensemble,276,0.0
4,stacked_ensemble,240,0.0
4,stacked_ensemble,278,0.0
4,stacked_ensemble,650,0.0
4,stacked_ensemble,636,0.0
4,stacked_ensemble,626,0.0
4,stacked_ensemble,283,0.0
4,stacked_ensemble,284,0.0
4,stacked_ensemble,610,0.0
4,stacked_ensemble,288,0.0
4,stacked_ensemble,272,0.0
4,stacked_ensemble,291,0.0
4,stacked_ensemble,292,0.0
4,stacked_ensemble,293,0.0
4,stacked_ensemble,294,0.0
4,stacked_ensemble,270,0.0
4,stacked_ensemble,296,0.0
4,stacked_ensemble,297,0.0
4,stacked_ensemble,298,0.0
4,stacked_ensemble,299,0.0
4,stacked_ensemble,340,0.0
4,stacked_ensemble,556,0.0
4,stacked_ensemble,266,0.0
4,stacked_ensemble,256,0.0
4,stacked_ensemble,252,0.0
4,stacked_ensemble,251,0.0
4,stacked_ensemble,333,0.0
4,stacked_ensemble,205,0.0
4,stacked_ensemble,442,0.0
4,stacked_ensemble,174,0.0
4,stacked_ensemble,370,0.0
4,stacked_ensemble,181,0.0
4,stacked_ensemble,180,0.0
4,stacked_ensemble,373,0.0
4,stacked_ensemble,374,0.0
4,stacked_ensemble,179,0.0
4,stacked_ensemble,376,0.0
4,stacked_ensemble,178,0.0
4,stacked_ensemble,378,0.0
4,stacked_ensemble,177,0.0
4,stacked_ensemble,380,0.0
4,stacked_ensemble,382,0.0
4,stacked_ensemble,383,0.0
4,stacked_ensemble,172,0.0
4,stacked_ensemble,339,0.0
4,stacked_ensemble,171,0.0
4,stacked_ensemble,274,0.0
4,stacked_ensemble,652,0.0
4,stacked_ensemble,639,0.0
4,stacked_ensemble,624,0.0
4,stacked_ensemble,614,0.0
4,stacked_ensemble,139,0.0
4,stacked_ensemble,137,0.0
4,stacked_ensemble,134,0.0
4,stacked_ensemble,133,0.0
4,stacked_ensemble,132,0.0
4,stacked_ensemble,128,0.0
4,stacked_ensemble,126,0.0
4,stacked_ensemble,187,0.0
4,stacked_ensemble,189,0.0
4,stacked_ensemble,365,0.0
4,stacked_ensemble,363,0.0
4,stacked_ensemble,341,0.0
4,stacked_ensemble,342,0.0
4,stacked_ensemble,344,0.0
4,stacked_ensemble,199,0.0
4,stacked_ensemble,623,0.0
4,stacked_ensemble,348,0.0
4,stacked_ensemble,349,0.0
4,stacked_ensemble,599,0.0
4,stacked_ensemble,603,0.0
4,stacked_ensemble,604,0.0
4,stacked_ensemble,625,0.0
4,stacked_ensemble,629,0.0
4,stacked_ensemble,641,0.0
4,stacked_ensemble,648,0.0
4,stacked_ensemble,197,0.0
4,stacked_ensemble,351,0.0
4,stacked_ensemble,352,0.0
4,stacked_ensemble,353,0.0
4,stacked_ensemble,354,0.0
4,stacked_ensemble,355,0.0
4,stacked_ensemble,196,0.0
4,stacked_ensemble,193,0.0
4,stacked_ensemble,192,0.0
4,stacked_ensemble,359,0.0
4,stacked_ensemble,360,0.0
4,stacked_ensemble,361,0.0
4,stacked_ensemble,191,0.0
4,stacked_ensemble,651,0.0
4,baseline_tweedie,572,2.77
4,baseline_tweedie,226,2.63
4,baseline_tweedie,567,2.62
4,baseline_tweedie,1,2.56
4,baseline_tweedie,384,2.53
4,baseline_tweedie,419,2.21
4,baseline_tweedie,412,2.16
4,baseline_tweedie,82,2.15
4,baseline_tweedie,529,2.04
4,baseline_tweedie,597,2.03
4,baseline_tweedie,447,2.01
4,baseline_tweedie,593,1.98
4,baseline_tweedie,445,1.98
4,baseline_tweedie,182,1.92
4,baseline_tweedie,496,1.91
4,baseline_tweedie,233,1.91
4,baseline_tweedie,501,1.86
4,baseline_tweedie,304,1.85
4,baseline_tweedie,564,1.85
4,baseline_tweedie,244,1.84
4,baseline_tweedie,536,1.8
4,baseline_tweedie,277,1.78
4,baseline_tweedie,57,1.75
4,baseline_tweedie,467,1.73
4,baseline_tweedie,385,1.73
4,baseline_tweedie,109,1.69
4,baseline_tweedie,393,1.6
4,baseline_tweedie,37,1.58
4,baseline_tweedie,94,1.57
4,baseline_tweedie,151,1.56
4,baseline_tweedie,28,1.56
4,baseline_tweedie,250,1.55
4,baseline_tweedie,471,1.55
4,baseline_tweedie,306,1.53
4,baseline_tweedie,110,1.52
4,baseline_tweedie,638,1.52
4,baseline_tweedie,229,1.51
4,baseline_tweedie,418,1.51
4,baseline_tweedie,9,1.51
4,baseline_tweedie,453,1.5
4,baseline_tweedie,87,1.49
4,baseline_tweedie,230,1.49
4,baseline_tweedie,47,1.48
4,baseline_tweedie,198,1.47
4,baseline_tweedie,469,1.47
4,baseline_tweedie,533,1.46
4,baseline_tweedie,362,1.41
4,baseline_tweedie,290,1.4
4,baseline_tweedie,516,1.39
4,baseline_tweedie,267,1.39
4,baseline_tweedie,246,1.37
4,baseline_tweedie,200,1.36
4,baseline_tweedie,532,1.36
4,baseline_tweedie,585,1.33
4,baseline_tweedie,449,1.32
4,baseline_tweedie,4,1.31
4,baseline_tweedie,116,1.3
4,baseline_tweedie,566,1.28
4,baseline_tweedie,338,1.28
4,baseline_tweedie,64,1.27
4,baseline_tweedie,432,1.26
4,baseline_tweedie,455,1.26
4,baseline_tweedie,589,1.26
4,baseline_tweedie,184,1.24
4,baseline_tweedie,61,1.24
4,baseline_tweedie,279,1.23
4,baseline_tweedie,31,1.23
4,baseline_tweedie,358,1.22
4,baseline_tweedie,558,1.21
4,baseline_tweedie,91,1.21
4,baseline_tweedie,209,1.2
4,baseline_tweedie,67,1.19
4,baseline_tweedie,175,1.19
4,baseline_tweedie,331,1.19
4,baseline_tweedie,160,1.18
4,baseline_tweedie,259,1.18
4,baseline_tweedie,124,1.17
4,baseline_tweedie,8,1.16
4,baseline_tweedie,356,1.15
4,baseline_tweedie,459,1.15
4,baseline_tweedie,462,1.15
4,baseline_tweedie,145,1.15
4,baseline_tweedie,153,1.13
4,baseline_tweedie,332,1.13
4,baseline_tweedie,173,1.13
4,baseline_tweedie,579,1.13
4,baseline_tweedie,127,1.12
4,baseline_tweedie,578,1.12
4,baseline_tweedie,642,1.12
4,baseline_tweedie,253,1.11
4,baseline_tweedie,286,1.11
4,baseline_tweedie,236,1.11
4,baseline_tweedie,86,1.1
4,baseline_tweedie,551,1.1
4,baseline_tweedie,334,1.09
4,baseline_tweedie,454,1.07
4,baseline_tweedie,34,1.05
4,baseline_tweedie,544,1.04
4,baseline_tweedie,574,1.02
4,baseline_tweedie,580,1.02
4,baseline_tweedie,247,1.02
4,baseline_tweedie,129,1.01
4,baseline_tweedie,591,1.01
4,baseline_tweedie,586,1.01
4,baseline_tweedie,142,1.0
4,baseline_tweedie,295,1.0
4,baseline_tweedie,96,1.0
4,baseline_tweedie,12,1.0
4,baseline_tweedie,257,0.99
4,baseline_tweedie,238,0.98
4,baseline_tweedie,460,0.98
4,baseline_tweedie,605,0.98
4,baseline_tweedie,69,0.98
4,baseline_tweedie,282,0.97
4,baseline_tweedie,70,0.97
4,baseline_tweedie,237,0.97
4,baseline_tweedie,11,0.96
4,baseline_tweedie,646,0.96
4,baseline_tweedie,420,0.96
4,baseline_tweedie,32,0.96
4,baseline_tweedie,138,0.95
4,baseline_tweedie,596,0.94
4,baseline_tweedie,263,0.94
4,baseline_tweedie,472,0.94
4,baseline_tweedie,239,0.94
4,baseline_tweedie,68,0.94
4,baseline_tweedie,428,0.93
4,baseline_tweedie,15,0.93
4,baseline_tweedie,427,0.93
4,baseline_tweedie,262,0.92
4,baseline_tweedie,60,0.92
4,baseline_tweedie,242,0.91
4,baseline_tweedie,583,0.91
4,baseline_tweedie,176,0.91
4,baseline_tweedie,315,0.91
4,baseline_tweedie,611,0.91
4,baseline_tweedie,423,0.9
4,baseline_tweedie,154,0.9
4,baseline_tweedie,112,0.89
4,baseline_tweedie,457,0.89
4,baseline_tweedie,73,0.89
4,baseline_tweedie,7,0.88
4,baseline_tweedie,79,0.88
4,baseline_tweedie,52,0.88
4,baseline_tweedie,576,0.88
4,baseline_tweedie,45,0.88
4,baseline_tweedie,337,0.88
4,baseline_tweedie,397,0.88
4,baseline_tweedie,203,0.87
4,baseline_tweedie,619,0.86
4,baseline_tweedie,335,0.86
4,baseline_tweedie,93,0.86
4,baseline_tweedie,98,0.86
4,baseline_tweedie,627,0.86
4,baseline_tweedie,43,0.84
4,baseline_tweedie,464,0.84
4,baseline_tweedie,212,0.84
4,baseline_tweedie,575,0.84
4,baseline_tweedie,280,0.84
4,baseline_tweedie,592,0.83
4,baseline_tweedie,104,0.83
4,baseline_tweedie,10,0.83
4,baseline_tweedie,541,0.82
4,baseline_tweedie,305,0.82
4,baseline_tweedie,375,0.82
4,baseline_tweedie,542,0.81
4,baseline_tweedie,552,0.81
4,baseline_tweedie,598,0.81
4,baseline_tweedie,106,0.81
4,baseline_tweedie,161,0.81
4,baseline_tweedie,249,0.81
4,baseline_tweedie,51,0.8
4,baseline_tweedie,519,0.8
4,baseline_tweedie,144,0.79
4,baseline_tweedie,19,0.79
4,baseline_tweedie,16,0.79
4,baseline_tweedie,13,0.78
4,baseline_tweedie,503,0.78
4,baseline_tweedie,41,0.77
4,baseline_tweedie,522,0.77
4,baseline_tweedie,377,0.77
4,baseline_tweedie,388,0.77
4,baseline_tweedie,36,0.77
4,baseline_tweedie,261,0.76
4,baseline_tweedie,165,0.76
4,baseline_tweedie,33,0.76
4,baseline_tweedie,90,0.76
4,baseline_tweedie,545,0.76
4,baseline_tweedie,210,0.75
4,baseline_tweedie,616,0.75
4,baseline_tweedie,155,0.75
4,baseline_tweedie,186,0.75
4,baseline_tweedie,535,0.74
4,baseline_tweedie,456,0.74
4,baseline_tweedie,411,0.74
4,baseline_tweedie,56,0.74
4,baseline_tweedie,156,0.74
4,baseline_tweedie,313,0.74
4,baseline_tweedie,202,0.73
4,baseline_tweedie,35,0.73
4,baseline_tweedie,46,0.73
4,baseline_tweedie,506,0.73
4,baseline_tweedie,74,0.72
4,baseline_tweedie,372,0.72
4,baseline_tweedie,429,0.72
4,baseline_tweedie,415,0.72
4,baseline_tweedie,26,0.72
4,baseline_tweedie,499,0.72
4,baseline_tweedie,207,0.72
4,baseline_tweedie,115,0.71
4,baseline_tweedie,265,0.71
4,baseline_tweedie,391,0.71
4,baseline_tweedie,188,0.7
4,baseline_tweedie,381,0.7
4,baseline_tweedie,149,0.7
4,baseline_tweedie,371,0.69
4,baseline_tweedie,285,0.69
4,baseline_tweedie,549,0.69
4,baseline_tweedie,557,0.69
4,baseline_tweedie,539,0.69
4,baseline_tweedie,644,0.69
4,baseline_tweedie,264,0.68
4,baseline_tweedie,214,0.68
4,baseline_tweedie,40,0.68
4,baseline_tweedie,584,0.67
4,baseline_tweedie,422,0.67
4,baseline_tweedie,478,0.67
4,baseline_tweedie,321,0.67
4,baseline_tweedie,29,0.66
4,baseline_tweedie,25,0.66
4,baseline_tweedie,368,0.66
4,baseline_tweedie,635,0.65
4,baseline_tweedie,401,0.65
4,baseline_tweedie,54,0.65
4,baseline_tweedie,435,0.64
4,baseline_tweedie,281,0.64
4,baseline_tweedie,577,0.63
4,baseline_tweedie,481,0.63
4,baseline_tweedie,483,0.63
4,baseline_tweedie,562,0.63
4,baseline_tweedie,556,0.63
4,baseline_tweedie,452,0.63
4,baseline_tweedie,417,0.62
4,baseline_tweedie,185,0.62
4,baseline_tweedie,148,0.62
4,baseline_tweedie,480,0.62
4,baseline_tweedie,504,0.62
4,baseline_tweedie,548,0.61
4,baseline_tweedie,649,0.61
4,baseline_tweedie,206,0.61
4,baseline_tweedie,14,0.61
4,baseline_tweedie,162,0.6
4,baseline_tweedie,534,0.6
4,baseline_tweedie,367,0.6
4,baseline_tweedie,71,0.59
4,baseline_tweedie,17,0.59
4,baseline_tweedie,498,0.59
4,baseline_tweedie,569,0.58
4,baseline_tweedie,167,0.58
4,baseline_tweedie,588,0.58
4,baseline_tweedie,514,0.58
4,baseline_tweedie,345,0.58
4,baseline_tweedie,336,0.58
4,baseline_tweedie,114,0.57
4,baseline_tweedie,520,0.57
4,baseline_tweedie,323,0.57
4,baseline_tweedie,159,0.57
4,baseline_tweedie,403,0.57
4,baseline_tweedie,488,0.56
4,baseline_tweedie,486,0.56
4,baseline_tweedie,421,0.56
4,baseline_tweedie,316,0.56
4,baseline_tweedie,42,0.56
4,baseline_tweedie,194,0.56
4,baseline_tweedie,95,0.56
4,baseline_tweedie,573,0.56
4,baseline_tweedie,366,0.55
4,baseline_tweedie,204,0.55
4,baseline_tweedie,398,0.55
4,baseline_tweedie,621,0.55
4,baseline_tweedie,490,0.55
4,baseline_tweedie,634,0.55
4,baseline_tweedie,166,0.54
4,baseline_tweedie,258,0.54
4,baseline_tweedie,502,0.54
4,baseline_tweedie,308,0.53
4,baseline_tweedie,640,0.53
4,baseline_tweedie,240,0.53
4,baseline_tweedie,473,0.53
4,baseline_tweedie,389,0.53
4,baseline_tweedie,527,0.53
4,baseline_tweedie,595,0.52
4,baseline_tweedie,565,0.52
4,baseline_tweedie,559,0.52
4,baseline_tweedie,157,0.52
4,baseline_tweedie,406,0.52
4,baseline_tweedie,328,0.51
4,baseline_tweedie,450,0.5
4,baseline_tweedie,525,0.5
4,baseline_tweedie,399,0.5
4,baseline_tweedie,190,0.5
4,baseline_tweedie,255,0.49
4,baseline_tweedie,260,0.49
4,baseline_tweedie,222,0.49
4,baseline_tweedie,343,0.49
4,baseline_tweedie,88,0.48
4,baseline_tweedie,269,0.48
4,baseline_tweedie,135,0.48
4,baseline_tweedie,515,0.48
4,baseline_tweedie,76,0.48
4,baseline_tweedie,254,0.47
4,baseline_tweedie,346,0.47
4,baseline_tweedie,482,0.47
4,baseline_tweedie,581,0.47
4,baseline_tweedie,570,0.47
4,baseline_tweedie,84,0.46
4,baseline_tweedie,543,0.46
4,baseline_tweedie,369,0.46
4,baseline_tweedie,347,0.46
4,baseline_tweedie,289,0.46
4,baseline_tweedie,364,0.46
4,baseline_tweedie,136,0.45
4,baseline_tweedie,563,0.45
4,baseline_tweedie,268,0.45
4,baseline_tweedie,474,0.45
4,baseline_tweedie,241,0.45
4,baseline_tweedie,119,0.44
4,baseline_tweedie,512,0.44
4,baseline_tweedie,617,0.44
4,baseline_tweedie,487,0.44
4,baseline_tweedie,568,0.44
4,baseline_tweedie,390,0.44
4,baseline_tweedie,350,0.44
4,baseline_tweedie,248,0.44
4,baseline_tweedie,396,0.44
4,baseline_tweedie,647,0.44
4,baseline_tweedie,600,0.43
4,baseline_tweedie,195,0.43
4,baseline_tweedie,594,0.43
4,baseline_tweedie,164,0.42
4,baseline_tweedie,446,0.42
4,baseline_tweedie,622,0.41
4,baseline_tweedie,75,0.41
4,baseline_tweedie,327,0.41
4,baseline_tweedie,309,0.41
4,baseline_tweedie,330,0.4
4,baseline_tweedie,89,0.38
4,baseline_tweedie,183,0.38
4,baseline_tweedie,491,0.37
4,baseline_tweedie,493,0.37
4,baseline_tweedie,339,0.37
4,baseline_tweedie,78,0.37
4,baseline_tweedie,105,0.37
4,baseline_tweedie,77,0.37
4,baseline_tweedie,439,0.37
4,baseline_tweedie,546,0.36
4,baseline_tweedie,102,0.36
4,baseline_tweedie,130,0.36
4,baseline_tweedie,613,0.36
4,baseline_tweedie,492,0.36
4,baseline_tweedie,461,0.36
4,baseline_tweedie,113,0.36
4,baseline_tweedie,550,0.36
4,baseline_tweedie,643,0.36
4,baseline_tweedie,379,0.35
4,baseline_tweedie,271,0.34
4,baseline_tweedie,63,0.34
4,baseline_tweedie,62,0.34
4,baseline_tweedie,65,0.34
4,baseline_tweedie,66,0.34
4,baseline_tweedie,243,0.34
4,baseline_tweedie,329,0.34
4,baseline_tweedie,357,0.33
4,baseline_tweedie,287,0.33
4,baseline_tweedie,609,0.32
4,baseline_tweedie,448,0.32
4,baseline_tweedie,458,0.32
4,baseline_tweedie,72,0.32
4,baseline_tweedie,451,0.32
4,baseline_tweedie,292,0.31
4,baseline_tweedie,293,0.31
4,baseline_tweedie,294,0.31
4,baseline_tweedie,296,0.31
4,baseline_tweedie,288,0.31
4,baseline_tweedie,340,0.31
4,baseline_tweedie,645,0.31
4,baseline_tweedie,291,0.31
4,baseline_tweedie,297,0.31
4,baseline_tweedie,387,0.31
4,baseline_tweedie,283,0.3
4,baseline_tweedie,278,0.3
4,baseline_tweedie,284,0.3
4,baseline_tweedie,612,0.29
4,baseline_tweedie,465,0.29
4,baseline_tweedie,540,0.29
4,baseline_tweedie,466,0.29
4,baseline_tweedie,125,0.29
4,baseline_tweedie,537,0.29
4,baseline_tweedie,538,0.29
4,baseline_tweedie,101,0.28
4,baseline_tweedie,163,0.28
4,baseline_tweedie,158,0.28
4,baseline_tweedie,395,0.28
4,baseline_tweedie,426,0.28
4,baseline_tweedie,245,0.27
4,baseline_tweedie,654,0.27
4,baseline_tweedie,523,0.27
4,baseline_tweedie,146,0.27
4,baseline_tweedie,21,0.27
4,baseline_tweedie,81,0.27
4,baseline_tweedie,150,0.27
4,baseline_tweedie,152,0.27
4,baseline_tweedie,143,0.27
4,baseline_tweedie,561,0.27
4,baseline_tweedie,170,0.26
4,baseline_tweedie,631,0.26
4,baseline_tweedie,168,0.26
4,baseline_tweedie,169,0.26
4,baseline_tweedie,235,0.26
4,baseline_tweedie,234,0.26
4,baseline_tweedie,607,0.26
4,baseline_tweedie,201,0.26
4,baseline_tweedie,108,0.26
4,baseline_tweedie,232,0.26
4,baseline_tweedie,231,0.26
4,baseline_tweedie,224,0.26
4,baseline_tweedie,618,0.26
4,baseline_tweedie,228,0.26
4,baseline_tweedie,50,0.26
4,baseline_tweedie,44,0.26
4,baseline_tweedie,49,0.26
4,baseline_tweedie,48,0.26
4,baseline_tweedie,53,0.26
4,baseline_tweedie,444,0.25
4,baseline_tweedie,531,0.25
4,baseline_tweedie,560,0.25
4,baseline_tweedie,443,0.25
4,baseline_tweedie,256,0.25
4,baseline_tweedie,266,0.25
4,baseline_tweedie,270,0.25
4,baseline_tweedie,610,0.25
4,baseline_tweedie,626,0.25
4,baseline_tweedie,636,0.25
4,baseline_tweedie,530,0.25
4,baseline_tweedie,650,0.25
4,baseline_tweedie,442,0.25
4,baseline_tweedie,141,0.25
4,baseline_tweedie,608,0.24
4,baseline_tweedie,463,0.24
4,baseline_tweedie,208,0.23
4,baseline_tweedie,547,0.23
4,baseline_tweedie,653,0.23
4,baseline_tweedie,628,0.23
4,baseline_tweedie,213,0.23
4,baseline_tweedie,216,0.23
4,baseline_tweedie,299,0.23
4,baseline_tweedie,217,0.23
4,baseline_tweedie,218,0.23
4,baseline_tweedie,410,0.23
4,baseline_tweedie,409,0.23
4,baseline_tweedie,408,0.23
4,baseline_tweedie,615,0.23
4,baseline_tweedie,215,0.23
4,baseline_tweedie,318,0.23
4,baseline_tweedie,632,0.23
4,baseline_tweedie,637,0.23
4,baseline_tweedie,219,0.23
4,baseline_tweedie,602,0.23
4,baseline_tweedie,571,0.23
4,baseline_tweedie,310,0.23
4,baseline_tweedie,311,0.23
4,baseline_tweedie,553,0.23
4,baseline_tweedie,324,0.23
4,baseline_tweedie,312,0.23
4,baseline_tweedie,322,0.23
4,baseline_tweedie,314,0.23
4,baseline_tweedie,319,0.23
4,baseline_tweedie,407,0.23
4,baseline_tweedie,317,0.23
4,baseline_tweedie,404,0.23
4,baseline_tweedie,298,0.23
4,baseline_tweedie,402,0.23
4,baseline_tweedie,58,0.23
4,baseline_tweedie,59,0.23
4,baseline_tweedie,221,0.23
4,baseline_tweedie,400,0.23
4,baseline_tweedie,601,0.22
4,baseline_tweedie,524,0.22
4,baseline_tweedie,273,0.22
4,baseline_tweedie,521,0.22
4,baseline_tweedie,508,0.22
4,baseline_tweedie,140,0.22
4,baseline_tweedie,276,0.22
4,baseline_tweedie,147,0.22
4,baseline_tweedie,518,0.22
4,baseline_tweedie,227,0.22
4,baseline_tweedie,500,0.22
4,baseline_tweedie,505,0.22
4,baseline_tweedie,507,0.22
4,baseline_tweedie,275,0.22
4,baseline_tweedie,509,0.22
4,baseline_tweedie,394,0.22
4,baseline_tweedie,392,0.22
4,baseline_tweedie,517,0.22
4,baseline_tweedie,513,0.22
4,baseline_tweedie,274,0.22
4,baseline_tweedie,510,0.22
4,baseline_tweedie,511,0.22
4,baseline_tweedie,606,0.21
4,baseline_tweedie,30,0.21
4,baseline_tweedie,38,0.21
4,baseline_tweedie,220,0.21
4,baseline_tweedie,633,0.21
4,baseline_tweedie,630,0.21
4,baseline_tweedie,80,0.21
4,baseline_tweedie,205,0.21
4,baseline_tweedie,39,0.21
4,baseline_tweedie,376,0.2
4,baseline_tweedie,555,0.2
4,baseline_tweedie,374,0.2
4,baseline_tweedie,373,0.2
4,baseline_tweedie,307,0.2
4,baseline_tweedie,370,0.2
4,baseline_tweedie,303,0.2
4,baseline_tweedie,378,0.2
4,baseline_tweedie,18,0.2
4,baseline_tweedie,24,0.2
4,baseline_tweedie,23,0.2
4,baseline_tweedie,383,0.2
4,baseline_tweedie,20,0.2
4,baseline_tweedie,192,0.2
4,baseline_tweedie,191,0.2
4,baseline_tweedie,189,0.2
4,baseline_tweedie,187,0.2
4,baseline_tweedie,27,0.2
4,baseline_tweedie,199,0.2
4,baseline_tweedie,22,0.2
4,baseline_tweedie,103,0.19
4,baseline_tweedie,494,0.19
4,baseline_tweedie,489,0.19
4,baseline_tweedie,100,0.19
4,baseline_tweedie,485,0.19
4,baseline_tweedie,484,0.19
4,baseline_tweedie,497,0.19
4,baseline_tweedie,99,0.19
4,baseline_tweedie,97,0.19
4,baseline_tweedie,495,0.19
4,baseline_tweedie,651,0.19
4,baseline_tweedie,211,0.19
4,baseline_tweedie,363,0.18
4,baseline_tweedie,134,0.18
4,baseline_tweedie,92,0.18
4,baseline_tweedie,359,0.18
4,baseline_tweedie,360,0.18
4,baseline_tweedie,6,0.18
4,baseline_tweedie,620,0.18
4,baseline_tweedie,121,0.18
4,baseline_tweedie,122,0.18
4,baseline_tweedie,587,0.18
4,baseline_tweedie,126,0.18
4,baseline_tweedie,128,0.18
4,baseline_tweedie,132,0.18
4,baseline_tweedie,133,0.18
4,baseline_tweedie,386,0.18
4,baseline_tweedie,85,0.18
4,baseline_tweedie,365,0.18
4,baseline_tweedie,5,0.18
4,baseline_tweedie,639,0.18
4,baseline_tweedie,252,0.18
4,baseline_tweedie,624,0.18
4,baseline_tweedie,652,0.18
4,baseline_tweedie,251,0.18
4,baseline_tweedie,361,0.18
4,baseline_tweedie,355,0.17
4,baseline_tweedie,177,0.17
4,baseline_tweedie,526,0.17
4,baseline_tweedie,352,0.17
4,baseline_tweedie,353,0.17
4,baseline_tweedie,174,0.17
4,baseline_tweedie,180,0.17
4,baseline_tweedie,351,0.17
4,baseline_tweedie,179,0.17
4,baseline_tweedie,181,0.17
4,baseline_tweedie,475,0.17
4,baseline_tweedie,476,0.17
4,baseline_tweedie,118,0.17
4,baseline_tweedie,120,0.17
4,baseline_tweedie,354,0.17
4,baseline_tweedie,178,0.17
4,baseline_tweedie,470,0.17
4,baseline_tweedie,614,0.17
4,baseline_tweedie,479,0.17
4,baseline_tweedie,477,0.17
4,baseline_tweedie,117,0.17
4,baseline_tweedie,302,0.16
4,baseline_tweedie,272,0.16
4,baseline_tweedie,554,0.16
4,baseline_tweedie,225,0.16
4,baseline_tweedie,301,0.16
4,baseline_tweedie,405,0.16
4,baseline_tweedie,111,0.16
4,baseline_tweedie,300,0.16
4,baseline_tweedie,83,0.15
4,baseline_tweedie,437,0.15
4,baseline_tweedie,3,0.15
4,baseline_tweedie,2,0.15
4,baseline_tweedie,139,0.15
4,baseline_tweedie,137,0.15
4,baseline_tweedie,438,0.15
4,baseline_tweedie,223,0.15
4,baseline_tweedie,582,0.15
4,baseline_tweedie,436,0.15
4,baseline_tweedie,131,0.15
4,baseline_tweedie,434,0.15
4,baseline_tweedie,433,0.15
4,baseline_tweedie,430,0.15
4,baseline_tweedie,55,0.15
4,baseline_tweedie,431,0.15
4,baseline_tweedie,528,0.14
4,baseline_tweedie,193,0.14
4,baseline_tweedie,380,0.14
4,baseline_tweedie,416,0.14
4,baseline_tweedie,468,0.14
4,baseline_tweedie,599,0.14
4,baseline_tweedie,197,0.14
4,baseline_tweedie,196,0.14
4,baseline_tweedie,424,0.14
4,baseline_tweedie,425,0.14
4,baseline_tweedie,382,0.14
4,baseline_tweedie,590,0.14
4,baseline_tweedie,604,0.13
4,baseline_tweedie,341,0.13
4,baseline_tweedie,333,0.13
4,baseline_tweedie,603,0.13
4,baseline_tweedie,107,0.13
4,baseline_tweedie,641,0.13
4,baseline_tweedie,648,0.13
4,baseline_tweedie,342,0.13
4,baseline_tweedie,320,0.13
4,baseline_tweedie,344,0.13
4,baseline_tweedie,123,0.12
4,baseline_tweedie,171,0.11
4,baseline_tweedie,172,0.11
4,baseline_tweedie,623,0.11
4,baseline_tweedie,440,0.1
4,baseline_tweedie,441,0.1
4,baseline_tweedie,326,0.09
4,baseline_tweedie,625,0.09
4,baseline_tweedie,629,0.09
4,baseline_tweedie,325,0.09
4,baseline_tweedie,413,0.09
4,baseline_tweedie,414,0.09
4,baseline_tweedie,348,0.08
4,baseline_tweedie,349,0.08
4,baseline,12,3.63
4,baseline,264,3.43
4,baseline,1,3.3
4,baseline,426,3.09
4,baseline,82,3.01
4,baseline,377,2.97
4,baseline,249,2.95
4,baseline,4,2.91
4,baseline,384,2.9
4,baseline,26,2.8
4,baseline,529,2.8
4,baseline,57,2.73
4,baseline,226,2.72
4,baseline,564,2.71
4,baseline,109,2.7
4,baseline,464,2.68
4,baseline,471,2.68
4,baseline,36,2.63
4,baseline,10,2.63
4,baseline,15,2.62
4,baseline,411,2.61
4,baseline,454,2.61
4,baseline,124,2.6
4,baseline,94,2.59
4,baseline,165,2.57
4,baseline,173,2.56
4,baseline,230,2.55
4,baseline,467,2.55
4,baseline,572,2.52
4,baseline,110,2.47
4,baseline,593,2.45
4,baseline,567,2.43
4,baseline,306,2.42
4,baseline,597,2.42
4,baseline,399,2.41
4,baseline,244,2.4
4,baseline,367,2.4
4,baseline,233,2.36
4,baseline,268,2.34
4,baseline,390,2.32
4,baseline,7,2.28
4,baseline,557,2.27
4,baseline,350,2.25
4,baseline,68,2.22
4,baseline,115,2.21
4,baseline,366,2.2
4,baseline,258,2.18
4,baseline,116,2.18
4,baseline,242,2.17
4,baseline,127,2.17
4,baseline,237,2.17
4,baseline,427,2.16
4,baseline,536,2.16
4,baseline,250,2.16
4,baseline,61,2.15
4,baseline,391,2.15
4,baseline,13,2.14
4,baseline,569,2.13
4,baseline,64,2.13
4,baseline,51,2.12
4,baseline,200,2.11
4,baseline,397,2.06
4,baseline,412,2.06
4,baseline,203,2.05
4,baseline,214,2.03
4,baseline,305,2.02
4,baseline,356,2.01
4,baseline,496,2.01
4,baseline,388,2.0
4,baseline,269,2.0
4,baseline,552,1.99
4,baseline,486,1.98
4,baseline,106,1.96
4,baseline,605,1.96
4,baseline,31,1.93
4,baseline,40,1.93
4,baseline,385,1.92
4,baseline,43,1.91
4,baseline,480,1.89
4,baseline,114,1.89
4,baseline,8,1.88
4,baseline,469,1.86
4,baseline,335,1.86
4,baseline,295,1.85
4,baseline,393,1.85
4,baseline,229,1.85
4,baseline,474,1.85
4,baseline,514,1.85
4,baseline,453,1.85
4,baseline,167,1.84
4,baseline,368,1.83
4,baseline,439,1.83
4,baseline,542,1.83
4,baseline,566,1.83
4,baseline,198,1.82
4,baseline,362,1.82
4,baseline,183,1.82
4,baseline,69,1.79
4,baseline,580,1.79
4,baseline,138,1.78
4,baseline,304,1.78
4,baseline,161,1.77
4,baseline,541,1.77
4,baseline,60,1.76
4,baseline,423,1.75
4,baseline,491,1.74
4,baseline,176,1.72
4,baseline,156,1.72
4,baseline,332,1.71
4,baseline,532,1.7
4,baseline,586,1.69
4,baseline,175,1.69
4,baseline,211,1.69
4,baseline,570,1.69
4,baseline,516,1.68
4,baseline,184,1.68
4,baseline,398,1.68
4,baseline,449,1.67
4,baseline,576,1.66
4,baseline,11,1.66
4,baseline,129,1.66
4,baseline,447,1.65
4,baseline,635,1.64
4,baseline,591,1.64
4,baseline,346,1.63
4,baseline,472,1.63
4,baseline,96,1.63
4,baseline,67,1.63
4,baseline,347,1.62
4,baseline,428,1.61
4,baseline,334,1.61
4,baseline,246,1.6
4,baseline,145,1.6
4,baseline,182,1.59
4,baseline,253,1.57
4,baseline,533,1.57
4,baseline,588,1.57
4,baseline,643,1.57
4,baseline,87,1.56
4,baseline,33,1.56
4,baseline,649,1.55
4,baseline,151,1.54
4,baseline,286,1.54
4,baseline,236,1.54
4,baseline,86,1.53
4,baseline,429,1.53
4,baseline,204,1.52
4,baseline,210,1.52
4,baseline,28,1.52
4,baseline,481,1.51
4,baseline,123,1.5
4,baseline,562,1.5
4,baseline,112,1.5
4,baseline,558,1.49
4,baseline,154,1.49
4,baseline,551,1.48
4,baseline,79,1.48
4,baseline,91,1.47
4,baseline,142,1.46
4,baseline,316,1.45
4,baseline,265,1.42
4,baseline,545,1.41
4,baseline,418,1.41
4,baseline,419,1.41
4,baseline,644,1.41
4,baseline,166,1.4
4,baseline,280,1.39
4,baseline,483,1.38
4,baseline,544,1.38
4,baseline,499,1.38
4,baseline,259,1.38
4,baseline,417,1.38
4,baseline,282,1.37
4,baseline,445,1.37
4,baseline,501,1.36
4,baseline,32,1.34
4,baseline,279,1.33
4,baseline,70,1.32
4,baseline,579,1.32
4,baseline,460,1.31
4,baseline,228,1.29
4,baseline,155,1.28
4,baseline,209,1.27
4,baseline,261,1.26
4,baseline,627,1.25
4,baseline,113,1.25
4,baseline,262,1.25
4,baseline,338,1.24
4,baseline,153,1.24
4,baseline,37,1.24
4,baseline,401,1.24
4,baseline,290,1.22
4,baseline,638,1.22
4,baseline,415,1.22
4,baseline,553,1.22
4,baseline,41,1.21
4,baseline,98,1.21
4,baseline,490,1.21
4,baseline,93,1.2
4,baseline,267,1.2
4,baseline,619,1.2
4,baseline,459,1.19
4,baseline,315,1.19
4,baseline,119,1.19
4,baseline,473,1.19
4,baseline,257,1.19
4,baseline,71,1.18
4,baseline,202,1.18
4,baseline,185,1.18
4,baseline,455,1.18
4,baseline,46,1.17
4,baseline,589,1.17
4,baseline,144,1.16
4,baseline,506,1.16
4,baseline,372,1.16
4,baseline,9,1.16
4,baseline,247,1.14
4,baseline,457,1.13
4,baseline,16,1.13
4,baseline,248,1.11
4,baseline,456,1.1
4,baseline,45,1.1
4,baseline,74,1.1
4,baseline,212,1.1
4,baseline,88,1.1
4,baseline,403,1.09
4,baseline,585,1.09
4,baseline,534,1.09
4,baseline,34,1.09
4,baseline,598,1.09
4,baseline,519,1.09
4,baseline,583,1.08
4,baseline,492,1.07
4,baseline,646,1.07
4,baseline,331,1.07
4,baseline,90,1.06
4,baseline,642,1.06
4,baseline,148,1.06
4,baseline,617,1.06
4,baseline,108,1.06
4,baseline,336,1.05
4,baseline,73,1.04
4,baseline,162,1.04
4,baseline,634,1.03
4,baseline,616,1.03
4,baseline,52,1.03
4,baseline,277,1.03
4,baseline,25,1.03
4,baseline,578,1.03
4,baseline,358,1.03
4,baseline,102,1.02
4,baseline,406,1.02
4,baseline,281,1.01
4,baseline,135,1.01
4,baseline,381,1.01
4,baseline,379,1.0
4,baseline,596,0.99
4,baseline,420,0.98
4,baseline,502,0.98
4,baseline,432,0.98
4,baseline,160,0.98
4,baseline,19,0.98
4,baseline,17,0.97
4,baseline,405,0.96
4,baseline,263,0.96
4,baseline,313,0.96
4,baseline,592,0.95
4,baseline,357,0.95
4,baseline,574,0.93
4,baseline,14,0.92
4,baseline,539,0.92
4,baseline,238,0.92
4,baseline,364,0.91
4,baseline,222,0.91
4,baseline,149,0.91
4,baseline,188,0.9
4,baseline,339,0.9
4,baseline,375,0.89
4,baseline,594,0.89
4,baseline,504,0.89
4,baseline,337,0.88
4,baseline,462,0.88
4,baseline,543,0.88
4,baseline,512,0.88
4,baseline,621,0.88
4,baseline,608,0.88
4,baseline,75,0.87
4,baseline,422,0.87
4,baseline,56,0.87
4,baseline,308,0.86
4,baseline,584,0.86
4,baseline,548,0.86
4,baseline,345,0.86
4,baseline,503,0.86
4,baseline,573,0.85
4,baseline,369,0.85
4,baseline,47,0.84
4,baseline,522,0.84
4,baseline,42,0.84
4,baseline,577,0.84
4,baseline,525,0.83
4,baseline,76,0.83
4,baseline,323,0.83
4,baseline,239,0.83
4,baseline,243,0.82
4,baseline,535,0.82
4,baseline,389,0.82
4,baseline,452,0.82
4,baseline,435,0.81
4,baseline,207,0.81
4,baseline,600,0.81
4,baseline,549,0.81
4,baseline,194,0.81
4,baseline,575,0.81
4,baseline,565,0.81
4,baseline,130,0.8
4,baseline,595,0.8
4,baseline,559,0.8
4,baseline,568,0.8
4,baseline,309,0.79
4,baseline,241,0.79
4,baseline,81,0.79
4,baseline,285,0.79
4,baseline,260,0.78
4,baseline,371,0.78
4,baseline,343,0.78
4,baseline,321,0.78
4,baseline,611,0.77
4,baseline,54,0.77
4,baseline,186,0.77
4,baseline,640,0.77
4,baseline,446,0.77
4,baseline,478,0.77
4,baseline,527,0.77
4,baseline,224,0.76
4,baseline,35,0.76
4,baseline,104,0.75
4,baseline,105,0.75
4,baseline,159,0.74
4,baseline,450,0.74
4,baseline,488,0.74
4,baseline,647,0.73
4,baseline,465,0.73
4,baseline,461,0.73
4,baseline,556,0.72
4,baseline,164,0.72
4,baseline,328,0.71
4,baseline,72,0.71
4,baseline,240,0.71
4,baseline,515,0.71
4,baseline,307,0.7
4,baseline,301,0.7
4,baseline,303,0.7
4,baseline,22,0.7
4,baseline,23,0.7
4,baseline,302,0.7
4,baseline,554,0.7
4,baseline,550,0.7
4,baseline,300,0.7
4,baseline,20,0.7
4,baseline,59,0.7
4,baseline,530,0.7
4,baseline,18,0.7
4,baseline,327,0.7
4,baseline,58,0.7
4,baseline,613,0.7
4,baseline,546,0.7
4,baseline,531,0.7
4,baseline,615,0.7
4,baseline,24,0.7
4,baseline,78,0.69
4,baseline,66,0.69
4,baseline,612,0.69
4,baseline,63,0.69
4,baseline,537,0.69
4,baseline,413,0.69
4,baseline,77,0.69
4,baseline,540,0.69
4,baseline,201,0.69
4,baseline,325,0.69
4,baseline,62,0.69
4,baseline,65,0.69
4,baseline,414,0.69
4,baseline,538,0.69
4,baseline,199,0.68
4,baseline,128,0.68
4,baseline,424,0.68
4,baseline,5,0.68
4,baseline,3,0.68
4,baseline,6,0.68
4,baseline,623,0.68
4,baseline,430,0.68
4,baseline,425,0.68
4,baseline,132,0.68
4,baseline,205,0.68
4,baseline,220,0.68
4,baseline,208,0.68
4,baseline,213,0.68
4,baseline,416,0.68
4,baseline,131,0.68
4,baseline,215,0.68
4,baseline,216,0.68
4,baseline,421,0.68
4,baseline,555,0.68
4,baseline,217,0.68
4,baseline,218,0.68
4,baseline,121,0.68
4,baseline,126,0.68
4,baseline,219,0.68
4,baseline,122,0.68
4,baseline,221,0.68
4,baseline,431,0.68
4,baseline,266,0.68
4,baseline,133,0.68
4,baseline,235,0.68
4,baseline,639,0.68
4,baseline,652,0.68
4,baseline,314,0.68
4,baseline,232,0.68
4,baseline,312,0.68
4,baseline,134,0.68
4,baseline,310,0.68
4,baseline,234,0.68
4,baseline,245,0.68
4,baseline,319,0.68
4,baseline,80,0.68
4,baseline,654,0.68
4,baseline,2,0.68
4,baseline,171,0.68
4,baseline,636,0.68
4,baseline,172,0.68
4,baseline,626,0.68
4,baseline,270,0.68
4,baseline,318,0.68
4,baseline,311,0.68
4,baseline,571,0.68
4,baseline,227,0.68
4,baseline,434,0.68
4,baseline,433,0.68
4,baseline,436,0.68
4,baseline,633,0.68
4,baseline,438,0.68
4,baseline,437,0.68
4,baseline,602,0.68
4,baseline,624,0.68
4,baseline,324,0.68
4,baseline,231,0.68
4,baseline,21,0.68
4,baseline,174,0.67
4,baseline,487,0.67
4,baseline,178,0.67
4,baseline,482,0.67
4,baseline,179,0.67
4,baseline,252,0.67
4,baseline,192,0.67
4,baseline,251,0.67
4,baseline,442,0.67
4,baseline,289,0.67
4,baseline,458,0.67
4,baseline,191,0.67
4,baseline,443,0.67
4,baseline,581,0.67
4,baseline,180,0.67
4,baseline,181,0.67
4,baseline,189,0.67
4,baseline,444,0.67
4,baseline,187,0.67
4,baseline,177,0.67
4,baseline,523,0.66
4,baseline,448,0.66
4,baseline,609,0.66
4,baseline,451,0.66
4,baseline,651,0.66
4,baseline,117,0.66
4,baseline,614,0.66
4,baseline,120,0.66
4,baseline,111,0.66
4,baseline,256,0.66
4,baseline,610,0.66
4,baseline,650,0.66
4,baseline,118,0.66
4,baseline,288,0.65
4,baseline,276,0.65
4,baseline,89,0.65
4,baseline,274,0.65
4,baseline,291,0.65
4,baseline,273,0.65
4,baseline,292,0.65
4,baseline,293,0.65
4,baseline,296,0.65
4,baseline,297,0.65
4,baseline,340,0.65
4,baseline,275,0.65
4,baseline,294,0.65
4,baseline,645,0.65
4,baseline,27,0.65
4,baseline,524,0.64
4,baseline,601,0.64
4,baseline,507,0.64
4,baseline,505,0.64
4,baseline,509,0.64
4,baseline,510,0.64
4,baseline,500,0.64
4,baseline,511,0.64
4,baseline,497,0.64
4,baseline,284,0.64
4,baseline,225,0.64
4,baseline,278,0.64
4,baseline,463,0.64
4,baseline,513,0.64
4,baseline,495,0.64
4,baseline,494,0.64
4,baseline,147,0.64
4,baseline,493,0.64
4,baseline,517,0.64
4,baseline,518,0.64
4,baseline,521,0.64
4,baseline,283,0.64
4,baseline,508,0.64
4,baseline,376,0.64
4,baseline,378,0.64
4,baseline,355,0.64
4,baseline,354,0.64
4,baseline,353,0.64
4,baseline,352,0.64
4,baseline,351,0.64
4,baseline,383,0.64
4,baseline,370,0.64
4,baseline,373,0.64
4,baseline,374,0.64
4,baseline,363,0.63
4,baseline,365,0.63
4,baseline,272,0.63
4,baseline,631,0.63
4,baseline,197,0.63
4,baseline,360,0.63
4,baseline,196,0.63
4,baseline,193,0.63
4,baseline,607,0.63
4,baseline,137,0.63
4,baseline,157,0.63
4,baseline,139,0.63
4,baseline,53,0.63
4,baseline,50,0.63
4,baseline,49,0.63
4,baseline,48,0.63
4,baseline,44,0.63
4,baseline,361,0.63
4,baseline,599,0.63
4,baseline,440,0.63
4,baseline,84,0.63
4,baseline,441,0.63
4,baseline,317,0.63
4,baseline,359,0.63
4,baseline,322,0.63
4,baseline,618,0.63
4,baseline,344,0.62
4,baseline,630,0.62
4,baseline,466,0.62
4,baseline,484,0.62
4,baseline,326,0.62
4,baseline,341,0.62
4,baseline,489,0.62
4,baseline,606,0.62
4,baseline,590,0.62
4,baseline,485,0.62
4,baseline,342,0.62
4,baseline,39,0.62
4,baseline,206,0.62
4,baseline,38,0.62
4,baseline,30,0.62
4,baseline,468,0.62
4,baseline,604,0.62
4,baseline,625,0.62
4,baseline,629,0.62
4,baseline,29,0.62
4,baseline,648,0.62
4,baseline,163,0.61
4,baseline,141,0.61
4,baseline,136,0.61
4,baseline,158,0.61
4,baseline,101,0.61
4,baseline,333,0.61
4,baseline,637,0.61
4,baseline,622,0.61
4,baseline,641,0.61
4,baseline,603,0.61
4,baseline,470,0.61
4,baseline,298,0.61
4,baseline,380,0.61
4,baseline,475,0.61
4,baseline,476,0.61
4,baseline,477,0.61
4,baseline,299,0.61
4,baseline,479,0.61
4,baseline,382,0.61
4,baseline,632,0.61
4,baseline,560,0.61
4,baseline,55,0.6
4,baseline,528,0.6
4,baseline,582,0.6
4,baseline,520,0.6
4,baseline,396,0.6
4,baseline,410,0.6
4,baseline,561,0.6
4,baseline,628,0.6
4,baseline,409,0.6
4,baseline,408,0.6
4,baseline,407,0.6
4,baseline,143,0.6
4,baseline,404,0.6
4,baseline,402,0.6
4,baseline,653,0.6
4,baseline,152,0.6
4,baseline,150,0.6
4,baseline,146,0.6
4,baseline,400,0.6
4,baseline,620,0.59
4,baseline,103,0.59
4,baseline,100,0.59
4,baseline,386,0.59
4,baseline,587,0.59
4,baseline,99,0.59
4,baseline,92,0.59
4,baseline,85,0.59
4,baseline,83,0.59
4,baseline,392,0.58
4,baseline,394,0.58
4,baseline,349,0.57
4,baseline,107,0.57
4,baseline,547,0.57
4,baseline,348,0.57
4,baseline,170,0.56
4,baseline,169,0.56
4,baseline,168,0.56
4,baseline,287,0.56
4,baseline,140,0.55
4,baseline,526,0.55
4,baseline,498,0.54
4,baseline,563,0.53
4,baseline,125,0.53
4,baseline,330,0.53
4,baseline,223,0.52
4,baseline,320,0.5
4,baseline,329,0.49
4,baseline,254,0.48
4,baseline,195,0.46
4,baseline,271,0.45
4,baseline,255,0.45
4,baseline,387,0.44
4,baseline,190,0.4
4,baseline,395,0.36
4,baseline,95,0.29
4,baseline,97,0.11
4,twohead,567,4.04
4,twohead,597,3.89
4,twohead,57,3.68
4,twohead,384,3.66
4,twohead,1,3.52
4,twohead,426,3.44
4,twohead,412,3.32
4,twohead,109,3.24
4,twohead,28,3.23
4,twohead,427,3.19
4,twohead,467,3.18
4,twohead,249,3.1
4,twohead,110,3.05
4,twohead,366,3.04
4,twohead,82,3.03
4,twohead,94,2.91
4,twohead,367,2.88
4,twohead,432,2.87
4,twohead,68,2.85
4,twohead,12,2.85
4,twohead,165,2.85
4,twohead,464,2.85
4,twohead,569,2.83
4,twohead,411,2.83
4,twohead,250,2.8
4,twohead,40,2.78
4,twohead,41,2.78
4,twohead,552,2.78
4,twohead,385,2.76
4,twohead,226,2.72
4,twohead,127,2.71
4,twohead,198,2.7
4,twohead,154,2.69
4,twohead,529,2.68
4,twohead,564,2.64
4,twohead,156,2.57
4,twohead,542,2.56
4,twohead,138,2.55
4,twohead,423,2.51
4,twohead,591,2.51
4,twohead,230,2.44
4,twohead,13,2.42
4,twohead,496,2.42
4,twohead,368,2.42
4,twohead,233,2.42
4,twohead,350,2.38
4,twohead,566,2.36
4,twohead,236,2.36
4,twohead,33,2.35
4,twohead,332,2.35
4,twohead,533,2.34
4,twohead,536,2.33
4,twohead,86,2.32
4,twohead,335,2.31
4,twohead,166,2.31
4,twohead,96,2.31
4,twohead,605,2.29
4,twohead,346,2.29
4,twohead,557,2.28
4,twohead,428,2.28
4,twohead,26,2.28
4,twohead,334,2.28
4,twohead,305,2.27
4,twohead,447,2.26
4,twohead,417,2.25
4,twohead,69,2.23
4,twohead,79,2.22
4,twohead,401,2.21
4,twohead,10,2.2
4,twohead,649,2.2
4,twohead,429,2.19
4,twohead,67,2.18
4,twohead,593,2.17
4,twohead,43,2.17
4,twohead,15,2.16
4,twohead,399,2.12
4,twohead,418,2.11
4,twohead,36,2.11
4,twohead,184,2.09
4,twohead,200,2.09
4,twohead,544,2.08
4,twohead,173,2.08
4,twohead,449,2.08
4,twohead,338,2.07
4,twohead,397,2.05
4,twohead,393,2.04
4,twohead,572,2.04
4,twohead,316,2.04
4,twohead,460,2.03
4,twohead,45,2.02
4,twohead,503,2.02
4,twohead,290,2.01
4,twohead,242,2.01
4,twohead,182,2.01
4,twohead,46,2.01
4,twohead,545,1.99
4,twohead,51,1.98
4,twohead,471,1.98
4,twohead,454,1.98
4,twohead,514,1.97
4,twohead,499,1.97
4,twohead,98,1.96
4,twohead,268,1.96
4,twohead,481,1.96
4,twohead,279,1.95
4,twohead,390,1.95
4,twohead,224,1.95
4,twohead,532,1.94
4,twohead,553,1.93
4,twohead,480,1.93
4,twohead,264,1.93
4,twohead,4,1.92
4,twohead,115,1.9
4,twohead,379,1.87
4,twohead,286,1.87
4,twohead,244,1.87
4,twohead,91,1.86
4,twohead,304,1.84
4,twohead,551,1.81
4,twohead,469,1.8
4,twohead,282,1.79
4,twohead,37,1.78
4,twohead,277,1.78
4,twohead,474,1.78
4,twohead,516,1.78
4,twohead,415,1.77
4,twohead,453,1.77
4,twohead,211,1.76
4,twohead,504,1.76
4,twohead,61,1.76
4,twohead,87,1.75
4,twohead,377,1.75
4,twohead,229,1.75
4,twohead,116,1.74
4,twohead,644,1.73
4,twohead,403,1.71
4,twohead,261,1.71
4,twohead,362,1.71
4,twohead,445,1.7
4,twohead,492,1.69
4,twohead,356,1.69
4,twohead,145,1.68
4,twohead,142,1.67
4,twohead,161,1.67
4,twohead,7,1.67
4,twohead,175,1.66
4,twohead,558,1.66
4,twohead,534,1.66
4,twohead,195,1.65
4,twohead,391,1.65
4,twohead,491,1.65
4,twohead,358,1.64
4,twohead,579,1.64
4,twohead,588,1.63
4,twohead,202,1.63
4,twohead,439,1.62
4,twohead,32,1.62
4,twohead,472,1.62
4,twohead,259,1.61
4,twohead,209,1.61
4,twohead,388,1.6
4,twohead,64,1.6
4,twohead,106,1.6
4,twohead,124,1.6
4,twohead,31,1.59
4,twohead,47,1.59
4,twohead,239,1.59
4,twohead,619,1.59
4,twohead,347,1.58
4,twohead,483,1.58
4,twohead,640,1.57
4,twohead,203,1.57
4,twohead,565,1.57
4,twohead,501,1.56
4,twohead,267,1.56
4,twohead,8,1.55
4,twohead,129,1.54
4,twohead,19,1.53
4,twohead,269,1.52
4,twohead,70,1.51
4,twohead,112,1.5
4,twohead,580,1.5
4,twohead,570,1.49
4,twohead,204,1.49
4,twohead,486,1.49
4,twohead,119,1.47
4,twohead,398,1.47
4,twohead,246,1.47
4,twohead,295,1.47
4,twohead,419,1.46
4,twohead,73,1.44
4,twohead,153,1.41
4,twohead,345,1.41
4,twohead,60,1.41
4,twohead,455,1.41
4,twohead,257,1.4
4,twohead,214,1.4
4,twohead,576,1.39
4,twohead,456,1.39
4,twohead,589,1.37
4,twohead,405,1.37
4,twohead,176,1.37
4,twohead,315,1.35
4,twohead,183,1.34
4,twohead,265,1.34
4,twohead,512,1.31
4,twohead,519,1.31
4,twohead,105,1.3
4,twohead,253,1.3
4,twohead,247,1.3
4,twohead,306,1.29
4,twohead,598,1.29
4,twohead,201,1.28
4,twohead,190,1.24
4,twohead,114,1.24
4,twohead,167,1.23
4,twohead,238,1.22
4,twohead,459,1.22
4,twohead,372,1.21
4,twohead,93,1.19
4,twohead,331,1.18
4,twohead,151,1.18
4,twohead,113,1.17
4,twohead,71,1.17
4,twohead,148,1.16
4,twohead,642,1.15
4,twohead,541,1.15
4,twohead,323,1.13
4,twohead,258,1.12
4,twohead,95,1.11
4,twohead,336,1.11
4,twohead,627,1.11
4,twohead,371,1.11
4,twohead,280,1.11
4,twohead,506,1.09
4,twohead,617,1.08
4,twohead,222,1.08
4,twohead,313,1.06
4,twohead,104,1.05
4,twohead,330,1.05
4,twohead,465,1.05
4,twohead,130,1.04
4,twohead,262,1.03
4,twohead,186,1.03
4,twohead,223,1.02
4,twohead,140,1.0
4,twohead,254,0.99
4,twohead,586,0.99
4,twohead,502,0.98
4,twohead,592,0.96
4,twohead,237,0.96
4,twohead,260,0.95
4,twohead,194,0.95
4,twohead,9,0.95
4,twohead,327,0.95
4,twohead,523,0.94
4,twohead,562,0.94
4,twohead,635,0.94
4,twohead,596,0.93
4,twohead,144,0.92
4,twohead,123,0.89
4,twohead,17,0.89
4,twohead,11,0.87
4,twohead,29,0.87
4,twohead,102,0.87
4,twohead,420,0.86
4,twohead,422,0.85
4,twohead,271,0.85
4,twohead,643,0.83
4,twohead,88,0.81
4,twohead,634,0.81
4,twohead,421,0.81
4,twohead,616,0.81
4,twohead,56,0.8
4,twohead,585,0.79
4,twohead,155,0.79
4,twohead,490,0.78
4,twohead,125,0.78
4,twohead,594,0.78
4,twohead,369,0.77
4,twohead,395,0.77
4,twohead,611,0.76
4,twohead,575,0.75
4,twohead,463,0.75
4,twohead,527,0.75
4,twohead,210,0.75
4,twohead,526,0.75
4,twohead,583,0.75
4,twohead,357,0.74
4,twohead,337,0.74
4,twohead,287,0.74
4,twohead,34,0.74
4,twohead,608,0.74
4,twohead,525,0.73
4,twohead,248,0.73
4,twohead,387,0.71
4,twohead,488,0.7
4,twohead,343,0.7
4,twohead,255,0.69
4,twohead,90,0.69
4,twohead,381,0.69
4,twohead,162,0.69
4,twohead,52,0.67
4,twohead,473,0.67
4,twohead,72,0.66
4,twohead,364,0.66
4,twohead,16,0.65
4,twohead,263,0.64
4,twohead,543,0.63
4,twohead,539,0.63
4,twohead,646,0.62
4,twohead,498,0.6
4,twohead,638,0.6
4,twohead,74,0.6
4,twohead,584,0.58
4,twohead,309,0.58
4,twohead,108,0.57
4,twohead,281,0.54
4,twohead,522,0.54
4,twohead,157,0.52
4,twohead,462,0.51
4,twohead,185,0.51
4,twohead,520,0.5
4,twohead,14,0.5
4,twohead,241,0.5
4,twohead,149,0.5
4,twohead,289,0.5
4,twohead,42,0.49
4,twohead,84,0.48
4,twohead,188,0.47
4,twohead,406,0.46
4,twohead,97,0.45
4,twohead,457,0.45
4,twohead,329,0.45
4,twohead,389,0.45
4,twohead,243,0.45
4,twohead,160,0.44
4,twohead,320,0.43
4,twohead,206,0.42
4,twohead,600,0.42
4,twohead,308,0.42
4,twohead,535,0.42
4,twohead,375,0.41
4,twohead,621,0.4
4,twohead,515,0.4
4,twohead,54,0.4
4,twohead,339,0.39
4,twohead,578,0.37
4,twohead,135,0.37
4,twohead,25,0.36
4,twohead,76,0.35
4,twohead,563,0.34
4,twohead,478,0.33
4,twohead,548,0.33
4,twohead,207,0.32
4,twohead,577,0.31
4,twohead,647,0.29
4,twohead,81,0.29
4,twohead,574,0.27
4,twohead,35,0.27
4,twohead,212,0.27
4,twohead,549,0.27
4,twohead,547,0.27
4,twohead,568,0.26
4,twohead,435,0.26
4,twohead,622,0.25
4,twohead,285,0.24
4,twohead,452,0.23
4,twohead,228,0.22
4,twohead,75,0.22
4,twohead,446,0.21
4,twohead,89,0.21
4,twohead,396,0.21
4,twohead,321,0.2
4,twohead,581,0.19
4,twohead,595,0.18
4,twohead,559,0.18
4,twohead,556,0.18
4,twohead,493,0.17
4,twohead,328,0.17
4,twohead,240,0.16
4,twohead,159,0.16
4,twohead,164,0.16
4,twohead,482,0.15
4,twohead,487,0.14
4,twohead,136,0.13
4,twohead,3,0.09
4,twohead,2,0.09
4,twohead,530,0.09
4,twohead,325,0.09
4,twohead,413,0.09
4,twohead,414,0.09
4,twohead,531,0.09
4,twohead,555,0.09
4,twohead,497,0.09
4,twohead,573,0.09
4,twohead,495,0.09
4,twohead,199,0.09
4,twohead,494,0.09
4,twohead,355,0.08
4,twohead,171,0.08
4,twohead,172,0.08
4,twohead,612,0.08
4,twohead,625,0.08
4,twohead,386,0.08
4,twohead,629,0.08
4,twohead,590,0.08
4,twohead,351,0.08
4,twohead,352,0.08
4,twohead,630,0.08
4,twohead,354,0.08
4,twohead,353,0.08
4,twohead,276,0.08
4,twohead,587,0.08
4,twohead,468,0.08
4,twohead,623,0.08
4,twohead,227,0.08
4,twohead,450,0.08
4,twohead,326,0.08
4,twohead,275,0.08
4,twohead,274,0.08
4,twohead,273,0.08
4,twohead,606,0.07
4,twohead,416,0.07
4,twohead,59,0.07
4,twohead,83,0.07
4,twohead,537,0.07
4,twohead,38,0.07
4,twohead,30,0.07
4,twohead,141,0.07
4,twohead,111,0.07
4,twohead,424,0.07
4,twohead,39,0.07
4,twohead,540,0.07
4,twohead,538,0.07
4,twohead,58,0.07
4,twohead,620,0.07
4,twohead,425,0.07
4,twohead,615,0.07
4,twohead,651,0.07
4,twohead,301,0.07
4,twohead,560,0.07
4,twohead,181,0.07
4,twohead,178,0.07
4,twohead,177,0.07
4,twohead,174,0.07
4,twohead,348,0.07
4,twohead,349,0.07
4,twohead,554,0.07
4,twohead,641,0.07
4,twohead,302,0.07
4,twohead,179,0.07
4,twohead,300,0.07
4,twohead,180,0.07
4,twohead,252,0.07
4,twohead,251,0.07
4,twohead,511,0.06
4,twohead,85,0.06
4,twohead,65,0.06
4,twohead,470,0.06
4,twohead,66,0.06
4,twohead,205,0.06
4,twohead,234,0.06
4,twohead,599,0.06
4,twohead,272,0.06
4,twohead,235,0.06
4,twohead,6,0.06
4,twohead,510,0.06
4,twohead,5,0.06
4,twohead,197,0.06
4,twohead,196,0.06
4,twohead,193,0.06
4,twohead,92,0.06
4,twohead,107,0.06
4,twohead,333,0.06
4,twohead,63,0.06
4,twohead,62,0.06
4,twohead,475,0.06
4,twohead,582,0.06
4,twohead,509,0.06
4,twohead,508,0.06
4,twohead,507,0.06
4,twohead,505,0.06
4,twohead,500,0.06
4,twohead,220,0.06
4,twohead,633,0.06
4,twohead,55,0.06
4,twohead,147,0.06
4,twohead,476,0.06
4,twohead,632,0.06
4,twohead,637,0.06
4,twohead,650,0.06
4,twohead,610,0.06
4,twohead,231,0.06
4,twohead,479,0.06
4,twohead,232,0.06
4,twohead,477,0.06
4,twohead,80,0.06
4,twohead,256,0.06
4,twohead,380,0.06
4,twohead,382,0.06
4,twohead,648,0.06
4,twohead,359,0.06
4,twohead,603,0.06
4,twohead,360,0.06
4,twohead,394,0.06
4,twohead,365,0.06
4,twohead,363,0.06
4,twohead,392,0.06
4,twohead,361,0.06
4,twohead,444,0.05
4,twohead,604,0.05
4,twohead,225,0.05
4,twohead,284,0.05
4,twohead,322,0.05
4,twohead,528,0.05
4,twohead,283,0.05
4,twohead,442,0.05
4,twohead,461,0.05
4,twohead,317,0.05
4,twohead,27,0.05
4,twohead,614,0.05
4,twohead,303,0.05
4,twohead,278,0.05
4,twohead,443,0.05
4,twohead,307,0.05
4,twohead,299,0.05
4,twohead,344,0.05
4,twohead,341,0.05
4,twohead,342,0.05
4,twohead,441,0.05
4,twohead,298,0.05
4,twohead,654,0.05
4,twohead,440,0.05
4,twohead,146,0.04
4,twohead,524,0.04
4,twohead,521,0.04
4,twohead,294,0.04
4,twohead,296,0.04
4,twohead,518,0.04
4,twohead,517,0.04
4,twohead,484,0.04
4,twohead,485,0.04
4,twohead,631,0.04
4,twohead,21,0.04
4,twohead,50,0.04
4,twohead,489,0.04
4,twohead,169,0.04
4,twohead,618,0.04
4,twohead,645,0.04
4,twohead,607,0.04
4,twohead,601,0.04
4,twohead,297,0.04
4,twohead,49,0.04
4,twohead,53,0.04
4,twohead,143,0.04
4,twohead,44,0.04
4,twohead,513,0.04
4,twohead,48,0.04
4,twohead,561,0.04
4,twohead,383,0.04
4,twohead,288,0.04
4,twohead,291,0.04
4,twohead,170,0.04
4,twohead,340,0.04
4,twohead,293,0.04
4,twohead,139,0.04
4,twohead,433,0.04
4,twohead,448,0.04
4,twohead,653,0.04
4,twohead,131,0.04
4,twohead,192,0.04
4,twohead,99,0.04
4,twohead,438,0.04
4,twohead,437,0.04
4,twohead,436,0.04
4,twohead,191,0.04
4,twohead,434,0.04
4,twohead,100,0.04
4,twohead,24,0.04
4,twohead,431,0.04
4,twohead,430,0.04
4,twohead,103,0.04
4,twohead,189,0.04
4,twohead,187,0.04
4,twohead,117,0.04
4,twohead,118,0.04
4,twohead,120,0.04
4,twohead,613,0.04
4,twohead,370,0.04
4,twohead,628,0.04
4,twohead,373,0.04
4,twohead,451,0.04
4,twohead,550,0.04
4,twohead,23,0.04
4,twohead,636,0.04
4,twohead,22,0.04
4,twohead,626,0.04
4,twohead,292,0.04
4,twohead,150,0.04
4,twohead,378,0.04
4,twohead,152,0.04
4,twohead,20,0.04
4,twohead,609,0.04
4,twohead,77,0.04
4,twohead,78,0.04
4,twohead,18,0.04
4,twohead,376,0.04
4,twohead,168,0.04
4,twohead,374,0.04
4,twohead,546,0.04
4,twohead,270,0.04
4,twohead,245,0.04
4,twohead,266,0.04
4,twohead,137,0.04
4,twohead,128,0.03
4,twohead,215,0.03
4,twohead,221,0.03
4,twohead,410,0.03
4,twohead,314,0.03
4,twohead,409,0.03
4,twohead,466,0.03
4,twohead,318,0.03
4,twohead,319,0.03
4,twohead,324,0.03
4,twohead,571,0.03
4,twohead,219,0.03
4,twohead,134,0.03
4,twohead,602,0.03
4,twohead,133,0.03
4,twohead,132,0.03
4,twohead,121,0.03
4,twohead,122,0.03
4,twohead,312,0.03
4,twohead,311,0.03
4,twohead,310,0.03
4,twohead,408,0.03
4,twohead,218,0.03
4,twohead,652,0.03
4,twohead,639,0.03
4,twohead,217,0.03
4,twohead,216,0.03
4,twohead,126,0.03
4,twohead,624,0.03
4,twohead,213,0.03
4,twohead,400,0.03
4,twohead,402,0.03
4,twohead,208,0.03
4,twohead,404,0.03
4,twohead,407,0.03
4,twohead,458,0.02
4,twohead,158,0.02
4,twohead,101,0.02
4,twohead,163,0.02
4,position_specific,1,5.96
4,position_specific,109,5.51
4,position_specific,82,5.51
4,position_specific,226,5.3
4,position_specific,411,5.25
4,position_specific,110,4.91
4,position_specific,28,4.9
4,position_specific,467,4.79
4,position_specific,165,4.65
4,position_specific,564,4.63
4,position_specific,384,4.56
4,position_specific,249,4.54
4,position_specific,529,4.21
4,position_specific,412,4.2
4,position_specific,198,4.18
4,position_specific,496,4.16
4,position_specific,250,4.15
4,position_specific,26,4.11
4,position_specific,464,4.06
4,position_specific,40,4.05
4,position_specific,426,4.01
4,position_specific,597,4.0
4,position_specific,350,3.9
4,position_specific,567,3.9
4,position_specific,367,3.88
4,position_specific,572,3.86
4,position_specific,427,3.77
4,position_specific,295,3.72
4,position_specific,368,3.69
4,position_specific,154,3.66
4,position_specific,15,3.64
4,position_specific,379,3.63
4,position_specific,94,3.54
4,position_specific,316,3.53
4,position_specific,385,3.45
4,position_specific,67,3.29
4,position_specific,366,3.23
4,position_specific,346,3.2
4,position_specific,552,3.2
4,position_specific,224,3.19
4,position_specific,68,3.14
4,position_specific,569,3.14
4,position_specific,491,3.13
4,position_specific,264,3.12
4,position_specific,4,3.11
4,position_specific,236,3.07
4,position_specific,106,3.06
4,position_specific,237,3.01
4,position_specific,399,3.01
4,position_specific,57,3.0
4,position_specific,127,2.97
4,position_specific,86,2.94
4,position_specific,96,2.92
4,position_specific,79,2.92
4,position_specific,277,2.9
4,position_specific,12,2.9
4,position_specific,397,2.9
4,position_specific,138,2.89
4,position_specific,156,2.86
4,position_specific,242,2.84
4,position_specific,557,2.79
4,position_specific,315,2.77
4,position_specific,545,2.73
4,position_specific,202,2.72
4,position_specific,43,2.71
4,position_specific,542,2.71
4,position_specific,591,2.69
4,position_specific,347,2.69
4,position_specific,428,2.67
4,position_specific,115,2.67
4,position_specific,544,2.64
4,position_specific,335,2.64
4,position_specific,536,2.64
4,position_specific,454,2.62
4,position_specific,439,2.61
4,position_specific,429,2.57
4,position_specific,605,2.55
4,position_specific,98,2.54
4,position_specific,211,2.53
4,position_specific,69,2.51
4,position_specific,8,2.5
4,position_specific,469,2.48
4,position_specific,268,2.48
4,position_specific,401,2.47
4,position_specific,13,2.46
4,position_specific,481,2.45
4,position_specific,124,2.45
4,position_specific,167,2.44
4,position_specific,398,2.44
4,position_specific,377,2.44
4,position_specific,480,2.43
4,position_specific,10,2.41
4,position_specific,229,2.4
4,position_specific,46,2.4
4,position_specific,391,2.39
4,position_specific,166,2.38
4,position_specific,261,2.38
4,position_specific,449,2.37
4,position_specific,553,2.37
4,position_specific,203,2.35
4,position_specific,453,2.33
4,position_specific,244,2.33
4,position_specific,362,2.33
4,position_specific,183,2.32
4,position_specific,388,2.31
4,position_specific,70,2.3
4,position_specific,492,2.3
4,position_specific,486,2.27
4,position_specific,356,2.23
4,position_specific,161,2.22
4,position_specific,393,2.22
4,position_specific,338,2.22
4,position_specific,41,2.19
4,position_specific,214,2.17
4,position_specific,533,2.15
4,position_specific,570,2.15
4,position_specific,271,2.14
4,position_specific,259,2.12
4,position_specific,306,2.12
4,position_specific,175,2.12
4,position_specific,290,2.11
4,position_specific,332,2.06
4,position_specific,514,2.05
4,position_specific,445,2.05
4,position_specific,286,2.04
4,position_specific,282,2.03
4,position_specific,47,2.02
4,position_specific,142,2.02
4,position_specific,417,2.02
4,position_specific,334,2.01
4,position_specific,471,2.0
4,position_specific,483,1.99
4,position_specific,472,1.98
4,position_specific,184,1.97
4,position_specific,210,1.97
4,position_specific,125,1.96
4,position_specific,51,1.96
4,position_specific,419,1.96
4,position_specific,551,1.94
4,position_specific,45,1.94
4,position_specific,432,1.93
4,position_specific,460,1.93
4,position_specific,619,1.92
4,position_specific,390,1.92
4,position_specific,173,1.91
4,position_specific,423,1.91
4,position_specific,60,1.91
4,position_specific,129,1.9
4,position_specific,145,1.9
4,position_specific,61,1.88
4,position_specific,233,1.88
4,position_specific,588,1.88
4,position_specific,87,1.88
4,position_specific,532,1.86
4,position_specific,222,1.84
4,position_specific,593,1.84
4,position_specific,246,1.84
4,position_specific,562,1.81
4,position_specific,176,1.81
4,position_specific,247,1.81
4,position_specific,516,1.81
4,position_specific,372,1.8
4,position_specific,153,1.79
4,position_specific,31,1.79
4,position_specific,116,1.78
4,position_specific,474,1.78
4,position_specific,455,1.78
4,position_specific,566,1.77
4,position_specific,267,1.75
4,position_specific,345,1.75
4,position_specific,304,1.75
4,position_specific,504,1.73
4,position_specific,113,1.71
4,position_specific,558,1.7
4,position_specific,195,1.69
4,position_specific,447,1.68
4,position_specific,182,1.67
4,position_specific,37,1.67
4,position_specific,586,1.66
4,position_specific,565,1.66
4,position_specific,465,1.66
4,position_specific,580,1.65
4,position_specific,200,1.64
4,position_specific,239,1.63
4,position_specific,525,1.63
4,position_specific,643,1.62
4,position_specific,253,1.61
4,position_specific,358,1.61
4,position_specific,204,1.6
4,position_specific,541,1.6
4,position_specific,7,1.6
4,position_specific,190,1.59
4,position_specific,64,1.59
4,position_specific,140,1.58
4,position_specific,201,1.58
4,position_specific,456,1.57
4,position_specific,371,1.56
4,position_specific,331,1.56
4,position_specific,114,1.56
4,position_specific,649,1.56
4,position_specific,265,1.55
4,position_specific,405,1.54
4,position_specific,258,1.54
4,position_specific,598,1.54
4,position_specific,305,1.54
4,position_specific,33,1.53
4,position_specific,95,1.53
4,position_specific,230,1.53
4,position_specific,151,1.53
4,position_specific,473,1.52
4,position_specific,194,1.52
4,position_specific,459,1.51
4,position_specific,155,1.51
4,position_specific,640,1.49
4,position_specific,223,1.49
4,position_specific,313,1.48
4,position_specific,635,1.47
4,position_specific,105,1.47
4,position_specific,644,1.47
4,position_specific,73,1.44
4,position_specific,91,1.44
4,position_specific,112,1.44
4,position_specific,330,1.43
4,position_specific,36,1.42
4,position_specific,418,1.42
4,position_specific,579,1.42
4,position_specific,589,1.41
4,position_specific,501,1.41
4,position_specific,336,1.4
4,position_specific,11,1.39
4,position_specific,209,1.39
4,position_specific,320,1.38
4,position_specific,594,1.36
4,position_specific,576,1.35
4,position_specific,512,1.35
4,position_specific,269,1.34
4,position_specific,228,1.33
4,position_specific,123,1.31
4,position_specific,32,1.31
4,position_specific,634,1.31
4,position_specific,526,1.3
4,position_specific,84,1.3
4,position_specific,97,1.29
4,position_specific,260,1.28
4,position_specific,575,1.28
4,position_specific,257,1.26
4,position_specific,280,1.25
4,position_specific,415,1.24
4,position_specific,71,1.22
4,position_specific,287,1.21
4,position_specific,627,1.19
4,position_specific,337,1.18
4,position_specific,503,1.17
4,position_specific,29,1.17
4,position_specific,309,1.16
4,position_specific,506,1.16
4,position_specific,254,1.16
4,position_specific,88,1.15
4,position_specific,119,1.14
4,position_specific,9,1.14
4,position_specific,519,1.14
4,position_specific,279,1.14
4,position_specific,490,1.12
4,position_specific,463,1.08
4,position_specific,403,1.08
4,position_specific,642,1.07
4,position_specific,592,1.07
4,position_specific,499,1.06
4,position_specific,534,1.06
4,position_specific,502,1.05
4,position_specific,422,1.05
4,position_specific,19,1.05
4,position_specific,144,1.05
4,position_specific,617,1.04
4,position_specific,104,1.03
4,position_specific,16,1.03
4,position_specific,587,1.02
4,position_specific,413,1.02
4,position_specific,386,1.02
4,position_specific,325,1.02
4,position_specific,414,1.02
4,position_specific,488,1.01
4,position_specific,289,1.0
4,position_specific,102,0.99
4,position_specific,83,0.99
4,position_specific,554,0.98
4,position_specific,302,0.98
4,position_specific,273,0.98
4,position_specific,274,0.98
4,position_specific,275,0.98
4,position_specific,276,0.98
4,position_specific,300,0.98
4,position_specific,301,0.98
4,position_specific,160,0.98
4,position_specific,252,0.97
4,position_specific,251,0.97
4,position_specific,468,0.97
4,position_specific,590,0.97
4,position_specific,162,0.96
4,position_specific,616,0.96
4,position_specific,186,0.96
4,position_specific,585,0.96
4,position_specific,638,0.96
4,position_specific,238,0.96
4,position_specific,443,0.95
4,position_specific,442,0.95
4,position_specific,444,0.95
4,position_specific,523,0.95
4,position_specific,148,0.94
4,position_specific,543,0.94
4,position_specific,199,0.93
4,position_specific,555,0.93
4,position_specific,255,0.93
4,position_specific,494,0.93
4,position_specific,495,0.93
4,position_specific,497,0.93
4,position_specific,227,0.93
4,position_specific,130,0.91
4,position_specific,3,0.9
4,position_specific,2,0.9
4,position_specific,615,0.89
4,position_specific,58,0.89
4,position_specific,59,0.89
4,position_specific,387,0.88
4,position_specific,262,0.88
4,position_specific,560,0.87
4,position_specific,141,0.87
4,position_specific,583,0.85
4,position_specific,108,0.85
4,position_specific,93,0.84
4,position_specific,74,0.84
4,position_specific,248,0.84
4,position_specific,646,0.83
4,position_specific,355,0.83
4,position_specific,354,0.83
4,position_specific,351,0.83
4,position_specific,352,0.83
4,position_specific,56,0.83
4,position_specific,353,0.83
4,position_specific,171,0.83
4,position_specific,172,0.83
4,position_specific,623,0.83
4,position_specific,522,0.83
4,position_specific,90,0.83
4,position_specific,629,0.82
4,position_specific,625,0.82
4,position_specific,111,0.82
4,position_specific,327,0.82
4,position_specific,326,0.82
4,position_specific,17,0.81
4,position_specific,207,0.81
4,position_specific,323,0.81
4,position_specific,149,0.81
4,position_specific,462,0.8
4,position_specific,406,0.78
4,position_specific,530,0.78
4,position_specific,531,0.78
4,position_specific,357,0.78
4,position_specific,608,0.78
4,position_specific,577,0.77
4,position_specific,157,0.77
4,position_specific,420,0.76
4,position_specific,329,0.74
4,position_specific,578,0.73
4,position_specific,241,0.73
4,position_specific,457,0.73
4,position_specific,584,0.72
4,position_specific,563,0.72
4,position_specific,539,0.71
4,position_specific,206,0.7
4,position_specific,600,0.69
4,position_specific,212,0.69
4,position_specific,369,0.69
4,position_specific,52,0.69
4,position_specific,14,0.68
4,position_specific,375,0.68
4,position_specific,596,0.67
4,position_specific,42,0.66
4,position_specific,263,0.66
4,position_specific,185,0.65
4,position_specific,611,0.65
4,position_specific,188,0.64
4,position_specific,421,0.63
4,position_specific,548,0.63
4,position_specific,54,0.63
4,position_specific,515,0.62
4,position_specific,321,0.62
4,position_specific,574,0.61
4,position_specific,381,0.61
4,position_specific,308,0.61
4,position_specific,595,0.6
4,position_specific,35,0.6
4,position_specific,364,0.59
4,position_specific,549,0.59
4,position_specific,520,0.59
4,position_specific,547,0.58
4,position_specific,136,0.58
4,position_specific,452,0.58
4,position_specific,285,0.57
4,position_specific,343,0.57
4,position_specific,478,0.56
4,position_specific,281,0.56
4,position_specific,34,0.56
4,position_specific,76,0.55
4,position_specific,621,0.55
4,position_specific,493,0.54
4,position_specific,527,0.54
4,position_specific,498,0.54
4,position_specific,435,0.54
4,position_specific,159,0.53
4,position_specific,647,0.53
4,position_specific,75,0.53
4,position_specific,135,0.53
4,position_specific,559,0.52
4,position_specific,322,0.52
4,position_specific,317,0.52
4,position_specific,535,0.52
4,position_specific,164,0.51
4,position_specific,243,0.51
4,position_specific,225,0.51
4,position_specific,568,0.51
4,position_specific,72,0.51
4,position_specific,25,0.5
4,position_specific,339,0.5
4,position_specific,382,0.49
4,position_specific,389,0.49
4,position_specific,380,0.49
4,position_specific,298,0.48
4,position_specific,299,0.48
4,position_specific,637,0.48
4,position_specific,632,0.48
4,position_specific,396,0.47
4,position_specific,328,0.46
4,position_specific,81,0.46
4,position_specific,139,0.45
4,position_specific,137,0.45
4,position_specific,556,0.44
4,position_specific,651,0.44
4,position_specific,240,0.44
4,position_specific,581,0.44
4,position_specific,441,0.43
4,position_specific,440,0.43
4,position_specific,482,0.43
4,position_specific,461,0.43
4,position_specific,622,0.43
4,position_specific,450,0.42
4,position_specific,487,0.41
4,position_specific,27,0.41
4,position_specific,169,0.41
4,position_specific,168,0.41
4,position_specific,193,0.41
4,position_specific,196,0.41
4,position_specific,197,0.41
4,position_specific,599,0.41
4,position_specific,170,0.41
4,position_specific,402,0.4
4,position_specific,407,0.4
4,position_specific,408,0.4
4,position_specific,400,0.4
4,position_specific,409,0.4
4,position_specific,653,0.4
4,position_specific,410,0.4
4,position_specific,628,0.4
4,position_specific,404,0.4
4,position_specific,466,0.39
4,position_specific,89,0.38
4,position_specific,55,0.38
4,position_specific,528,0.38
4,position_specific,582,0.38
4,position_specific,446,0.37
4,position_specific,80,0.37
4,position_specific,349,0.37
4,position_specific,348,0.37
4,position_specific,18,0.36
4,position_specific,20,0.36
4,position_specific,22,0.36
4,position_specific,23,0.36
4,position_specific,24,0.36
4,position_specific,272,0.36
4,position_specific,293,0.34
4,position_specific,297,0.34
4,position_specific,645,0.34
4,position_specific,340,0.34
4,position_specific,291,0.34
4,position_specific,288,0.34
4,position_specific,294,0.34
4,position_specific,296,0.34
4,position_specific,292,0.34
4,position_specific,187,0.33
4,position_specific,78,0.33
4,position_specific,77,0.33
4,position_specific,613,0.33
4,position_specific,550,0.33
4,position_specific,21,0.33
4,position_specific,546,0.33
4,position_specific,245,0.33
4,position_specific,618,0.33
4,position_specific,53,0.33
4,position_specific,654,0.33
4,position_specific,50,0.33
4,position_specific,49,0.33
4,position_specific,192,0.33
4,position_specific,191,0.33
4,position_specific,607,0.33
4,position_specific,48,0.33
4,position_specific,631,0.33
4,position_specific,44,0.33
4,position_specific,189,0.33
4,position_specific,458,0.33
4,position_specific,602,0.33
4,position_specific,163,0.33
4,position_specific,101,0.33
4,position_specific,324,0.33
4,position_specific,318,0.33
4,position_specific,310,0.33
4,position_specific,158,0.33
4,position_specific,311,0.33
4,position_specific,314,0.33
4,position_specific,319,0.33
4,position_specific,571,0.33
4,position_specific,312,0.33
4,position_specific,219,0.32
4,position_specific,489,0.32
4,position_specific,485,0.32
4,position_specific,373,0.32
4,position_specific,218,0.32
4,position_specific,217,0.32
4,position_specific,216,0.32
4,position_specific,215,0.32
4,position_specific,484,0.32
4,position_specific,99,0.32
4,position_specific,100,0.32
4,position_specific,213,0.32
4,position_specific,208,0.32
4,position_specific,626,0.32
4,position_specific,524,0.32
4,position_specific,370,0.32
4,position_specific,518,0.32
4,position_specific,517,0.32
4,position_specific,374,0.32
4,position_specific,376,0.32
4,position_specific,513,0.32
4,position_specific,266,0.32
4,position_specific,521,0.32
4,position_specific,103,0.32
4,position_specific,378,0.32
4,position_specific,270,0.32
4,position_specific,221,0.32
4,position_specific,383,0.32
4,position_specific,601,0.32
4,position_specific,636,0.32
4,position_specific,344,0.31
4,position_specific,342,0.31
4,position_specific,341,0.31
4,position_specific,604,0.31
4,position_specific,648,0.31
4,position_specific,436,0.31
4,position_specific,438,0.31
4,position_specific,131,0.31
4,position_specific,434,0.31
4,position_specific,437,0.31
4,position_specific,433,0.31
4,position_specific,430,0.31
4,position_specific,431,0.31
4,position_specific,122,0.3
4,position_specific,624,0.3
4,position_specific,639,0.3
4,position_specific,132,0.3
4,position_specific,126,0.3
4,position_specific,134,0.3
4,position_specific,133,0.3
4,position_specific,652,0.3
4,position_specific,121,0.3
4,position_specific,128,0.3
4,position_specific,107,0.29
4,position_specific,395,0.28
4,position_specific,5,0.24
4,position_specific,6,0.24
4,position_specific,231,0.18
4,position_specific,235,0.18
4,position_specific,234,0.18
4,position_specific,232,0.18
4,position_specific,205,0.17
4,position_specific,220,0.17
4,position_specific,633,0.17
4,position_specific,303,0.15
4,position_specific,307,0.15
4,position_specific,117,0.13
4,position_specific,120,0.13
4,position_specific,614,0.13
4,position_specific,118,0.13
4,position_specific,181,0.12
4,position_specific,174,0.12
4,position_specific,178,0.12
4,position_specific,177,0.12
4,position_specific,180,0.12
4,position_specific,179,0.12
4,position_specific,359,0.1
4,position_specific,361,0.1
4,position_specific,360,0.1
4,position_specific,363,0.1
4,position_specific,365,0.1
4,position_specific,278,0.09
4,position_specific,538,0.09
4,position_specific,612,0.09
4,position_specific,451,0.09
4,position_specific,609,0.09
4,position_specific,283,0.09
4,position_specific,540,0.09
4,position_specific,284,0.09
4,position_specific,537,0.09
4,position_specific,448,0.09
4,position_specific,256,0.08
4,position_specific,425,0.08
4,position_specific,424,0.08
4,position_specific,650,0.08
4,position_specific,470,0.08
4,position_specific,416,0.08
4,position_specific,475,0.08
4,position_specific,476,0.08
4,position_specific,477,0.08
4,position_specific,610,0.08
4,position_specific,479,0.08
4,position_specific,394,0.07
4,position_specific,392,0.07
4,position_specific,573,0.07
4,position_specific,65,0.05
4,position_specific,63,0.05
4,position_specific,66,0.05
4,position_specific,62,0.05
4,position_specific,620,0.04
4,position_specific,603,0.04
4,position_specific,85,0.04
4,position_specific,641,0.04
4,position_specific,333,0.04
4,position_specific,92,0.04
4,position_specific,146,0.03
4,position_specific,561,0.03
4,position_specific,152,0.03
4,position_specific,143,0.03
4,position_specific,150,0.03
4,position_specific,39,0.01
4,position_specific,630,0.01
4,position_specific,606,0.01
4,position_specific,38,0.01
4,position_specific,30,0.01
4,position_specific,510,0.0
4,position_specific,147,0.0
4,position_specific,500,0.0
4,position_specific,505,0.0
4,position_specific,507,0.0
4,position_specific,508,0.0
4,position_specific,509,0.0
4,position_specific,511,0.0
