{
  "experiment": "loss_asymmetric_a2.0",
  "horizon": 2,
  "target_col": "points_gw_plus_2",
  "holdout_season": "2024-25",
  "train_seasons": [
    "2016-17",
    "2017-18",
    "2018-19",
    "2019-20",
    "2020-21",
    "2021-22",
    "2022-23",
    "2023-24"
  ],
  "n_train": 179486,
  "n_test": 25199,
  "n_features": 116,
  "loss_function": "asymmetric_a2.0",
  "holdout": {
    "model": {
      "mae": 1.2403835053407328,
      "rmse": 2.1268257316471475,
      "r2": 0.21921626357417878,
      "spearman_rho": 0.6385595629253604,
      "spearman_p": 0.0,
      "haul_mae": 6.46730955040908,
      "haul_count": 1283
    },
    "baselines": {
      "zero_baseline": {
        "mae": 1.2115560141275448,
        "rmse": 2.6890225907845684,
        "r2": -0.24811857908342705
      },
      "mean_baseline": {
        "mean_value": 1.2761663862362524,
        "mae": 1.5631263041623418,
        "rmse": 2.4081856875056267,
        "r2": -0.0010295279037937366
      }
    },
    "improvements": {
      "vs_zero": {
        "mae_improve": -0.02882749121318806,
        "rmse_improve": 0.5621968591374209,
        "r2_improve": 0.46733484265760583
      },
      "vs_mean": {
        "mae_improve": 0.32274279882160894,
        "rmse_improve": 0.28135995585847917,
        "r2_improve": 0.22024579147797252
      }
    }
  }
}