{
  "configs_run": [
    "A",
    "B",
    "C",
    "D"
  ],
  "holdout_season": "2024-25",
  "config_A": {
    "name": "Baseline (FPL stats only)",
    "mae": 1.0255076606173577,
    "rmse": 2.102896581770982,
    "r2": 0.2382131530739493,
    "n_features": 106,
    "spearman_rho": 0.6707047104326151
  },
  "config_B": {
    "name": "+ Injury (FPL API)",
    "mae": 1.016286437179414,
    "rmse": 2.0934194658757277,
    "r2": 0.24506396462283742,
    "n_features": 138,
    "spearman_rho": 0.6844547238068
  },
  "config_C": {
    "name": "+ News (Guardian)",
    "mae": 1.0232362828223585,
    "rmse": 2.110062246948,
    "r2": 0.23301269779382838,
    "n_features": 113,
    "spearman_rho": 0.6702507264294693
  },
  "config_D": {
    "name": "+ Injury + News (both)",
    "mae": 1.015707314883282,
    "rmse": 2.0942664058802154,
    "r2": 0.24445298829580409,
    "n_features": 145,
    "spearman_rho": 0.6838387042701362
  },
  "statistical_tests": {
    "A_vs_B": {
      "mae_a": 1.0255076606173577,
      "mae_b": 1.016286437179414,
      "mae_delta": 0.009227648118820944,
      "ci_lower": 0.007155858169369639,
      "ci_upper": 0.011245813741487547,
      "dm_statistic": 5.671546781019078,
      "dm_p_value": 1.4151394607700941e-08,
      "significant": true,
      "direction": "better"
    },
    "A_vs_C": {
      "mae_a": 1.0255076606173577,
      "mae_b": 1.0232362828223585,
      "mae_delta": 0.0022713991054984207,
      "ci_lower": 0.001059369034462132,
      "ci_upper": 0.0034565082403635204,
      "dm_statistic": 2.964604443532136,
      "dm_p_value": 0.0030307234483979346,
      "significant": true,
      "direction": "better"
    },
    "A_vs_D": {
      "mae_a": 1.0255076606173577,
      "mae_b": 1.015707314883282,
      "mae_delta": 0.009817010037782228,
      "ci_lower": 0.007730636446349803,
      "ci_upper": 0.01189493704688077,
      "dm_statistic": 6.083982398383626,
      "dm_p_value": 1.1723348033985184e-09,
      "significant": true,
      "direction": "better"
    },
    "B_vs_C": {
      "mae_a": 1.016286437179414,
      "mae_b": 1.0232362828223585,
      "mae_delta": -0.006956249013322524,
      "ci_lower": -0.008985852941102056,
      "ci_upper": -0.004869401580776034,
      "dm_statistic": -4.329565148595254,
      "dm_p_value": 1.4940406748878478e-05,
      "significant": true,
      "direction": "worse"
    },
    "B_vs_D": {
      "mae_a": 1.016286437179414,
      "mae_b": 1.015707314883282,
      "mae_delta": 0.000589361918961284,
      "ci_lower": -0.0005813787668790815,
      "ci_upper": 0.0017425538064192328,
      "dm_statistic": 0.9375485207056412,
      "dm_p_value": 0.3484764775137055,
      "significant": false,
      "direction": "better"
    },
    "C_vs_D": {
      "mae_a": 1.0232362828223585,
      "mae_b": 1.015707314883282,
      "mae_delta": 0.007545610932283808,
      "ci_lower": 0.00549086202619474,
      "ci_upper": 0.009547692731295182,
      "dm_statistic": 4.764084996599444,
      "dm_p_value": 1.897125302537353e-06,
      "significant": true,
      "direction": "better"
    },
    "interaction": {
      "injury_alone": 0.009221223437943626,
      "news_alone": 0.0022713777949991965,
      "combined": 0.009800345734075622,
      "interaction": -0.0016922554988672012
    }
  }
}