{
  "experiment": "loss_asymmetric_a3.0",
  "horizon": 2,
  "target_col": "points_gw_plus_2",
  "holdout_season": "2024-25",
  "train_seasons": [
    "2016-17",
    "2017-18",
    "2018-19",
    "2019-20",
    "2020-21",
    "2021-22",
    "2022-23",
    "2023-24"
  ],
  "n_train": 179486,
  "n_test": 25199,
  "n_features": 116,
  "loss_function": "asymmetric_a3.0",
  "holdout": {
    "model": {
      "mae": 1.3869683470106224,
      "rmse": 2.198123928745609,
      "r2": 0.16598992999773665,
      "spearman_rho": 0.6344683016148338,
      "spearman_p": 0.0,
      "haul_mae": 6.0555868548075615,
      "haul_count": 1283
    },
    "baselines": {
      "zero_baseline": {
        "mae": 1.2115560141275448,
        "rmse": 2.6890225907845684,
        "r2": -0.24811857908342705
      },
      "mean_baseline": {
        "mean_value": 1.2761663862362524,
        "mae": 1.5631263041623418,
        "rmse": 2.4081856875056267,
        "r2": -0.0010295279037937366
      }
    },
    "improvements": {
      "vs_zero": {
        "mae_improve": -0.17541233288307767,
        "rmse_improve": 0.49089866203895927,
        "r2_improve": 0.4141085090811637
      },
      "vs_mean": {
        "mae_improve": 0.17615795715171934,
        "rmse_improve": 0.21006175876001754,
        "r2_improve": 0.1670194579015304
      }
    }
  }
}