{
  "experiment": "loss_asymmetric_a2.0",
  "horizon": 3,
  "target_col": "points_gw_plus_3",
  "holdout_season": "2024-25",
  "train_seasons": [
    "2016-17",
    "2017-18",
    "2018-19",
    "2019-20",
    "2020-21",
    "2021-22",
    "2022-23",
    "2023-24"
  ],
  "n_train": 173847,
  "n_test": 24398,
  "n_features": 116,
  "loss_function": "asymmetric_a2.0",
  "holdout": {
    "model": {
      "mae": 1.280990098232035,
      "rmse": 2.1469437786687475,
      "r2": 0.19996768459456737,
      "spearman_rho": 0.6222631018085277,
      "spearman_p": 0.0,
      "haul_mae": 6.442973279669842,
      "haul_count": 1240
    },
    "baselines": {
      "zero_baseline": {
        "mae": 1.2099352405934913,
        "rmse": 2.6822457321041204,
        "r2": -0.24871495153871592
      },
      "mean_baseline": {
        "mean_value": 1.2765017515401473,
        "mae": 1.5627324263666775,
        "rmse": 2.401621722907022,
        "r2": -0.0010952304110218858
      }
    },
    "improvements": {
      "vs_zero": {
        "mae_improve": -0.07105485763854369,
        "rmse_improve": 0.5353019534353729,
        "r2_improve": 0.4486826361332833
      },
      "vs_mean": {
        "mae_improve": 0.2817423281346425,
        "rmse_improve": 0.2546779442382743,
        "r2_improve": 0.20106291500558926
      }
    }
  }
}