{
  "experiment": "hurdle_hard",
  "horizon": 3,
  "target_col": "points_gw_plus_3",
  "holdout_season": "2024-25",
  "train_seasons": [
    "2016-17",
    "2017-18",
    "2018-19",
    "2019-20",
    "2020-21",
    "2021-22",
    "2022-23",
    "2023-24"
  ],
  "n_train": 173847,
  "n_test": 24398,
  "n_features": 116,
  "n_played_train": 71059,
  "classifier_auc": 0.8698862837435619,
  "holdout": {
    "model": {
      "mae": 1.1975543533530117,
      "rmse": 2.2711288789160493,
      "r2": 0.10473883630158087,
      "spearman_rho": 0.5372716557671411,
      "spearman_p": 0.0,
      "haul_mae": 6.700886281395534,
      "haul_count": 1240
    },
    "baselines": {
      "zero_baseline": {
        "mae": 1.2099352405934913,
        "rmse": 2.6822457321041204,
        "r2": -0.24871495153871592
      },
      "mean_baseline": {
        "mean_value": 1.2765017515401473,
        "mae": 1.5627324263666775,
        "rmse": 2.401621722907022,
        "r2": -0.0010952304110218858
      }
    },
    "improvements": {
      "vs_zero": {
        "mae_improve": 0.012380887240479588,
        "rmse_improve": 0.4111168531880711,
        "r2_improve": 0.3534537878402968
      },
      "vs_mean": {
        "mae_improve": 0.3651780730136658,
        "rmse_improve": 0.1304928439909725,
        "r2_improve": 0.10583406671260276
      }
    }
  }
}