{
  "stratified": {
    "mae_overall": 1.0596828234868847,
    "rmse_overall": 2.126209958282633,
    "mae_played": 1.973890366474118,
    "mae_not_played": 0.45585510541471946,
    "n_played": 10342,
    "n_not_played": 15658,
    "pct_played": 39.776923076923076,
    "mae_gk": 0.7870058593137641,
    "mae_def": 1.0162507825864873,
    "mae_mid": 1.0255523635978891,
    "mae_fwd": 1.1654081327022432,
    "mae_high_return": 5.641366954079087,
    "n_high_return": 2359
  },
  "calibration": {
    "mean_predicted": 0.9993328144695514,
    "mean_actual": 1.197576923076923,
    "std_predicted": 1.1279897679927555,
    "std_actual": 2.4093571385342436,
    "correlation": 0.47758505937776513,
    "spearman_rho": 0.6574366940457471,
    "decile_mae": [
      0.027669363115287424,
      0.0589308456793815,
      0.13385556488813383,
      0.33419551751504784,
      0.8319867890655422,
      1.2988363389229072,
      1.4951308388702425,
      1.7698203660732028,
      1.9220502578327825,
      2.724352352906321
    ]
  },
  "business": {
    "top1_accuracy": 0.05555555555555555,
    "top3_accuracy": 0.08333333333333333,
    "top5_accuracy": 0.1388888888888889,
    "optimal_captain_points": 654.0,
    "predicted_captain_points": 211.0,
    "captain_efficiency": 0.32262996941896027
  },
  "baselines": {
    "zero_mae": 1.2101923076923078,
    "mean_mae": 1.5198711568047334,
    "position_mean_mae": 1.4763101600280455,
    "played_cond_mean_mae": 0.8908602710381863
  }
}