{
  "stratified": {
    "mae_overall": 1.0713023523169503,
    "rmse_overall": 2.134603226832636,
    "mae_played": 1.9721054182883153,
    "mae_not_played": 0.47632819800121035,
    "n_played": 10342,
    "n_not_played": 15658,
    "pct_played": 39.776923076923076,
    "mae_gk": 0.794498674480243,
    "mae_def": 1.032151764300704,
    "mae_mid": 1.0249962635899899,
    "mae_fwd": 1.176852824649956,
    "mae_high_return": 5.611311315696178,
    "n_high_return": 2359
  },
  "calibration": {
    "mean_predicted": 1.0409817654881832,
    "mean_actual": 1.197576923076923,
    "std_predicted": 1.162035389831213,
    "std_actual": 2.4093571385342436,
    "correlation": 0.46849029994309715,
    "spearman_rho": 0.627170113813683,
    "decile_mae": [
      0.6544324190804401,
      0.07954864245100714,
      0.12644923361655555,
      0.2762969923439363,
      0.6628955368915955,
      1.0600235166425778,
      1.4313306814739206,
      1.7389143902997002,
      1.9835262510045042,
      2.6987970952281026
    ]
  },
  "business": {
    "top1_accuracy": 0.08333333333333333,
    "top3_accuracy": 0.1111111111111111,
    "top5_accuracy": 0.1111111111111111,
    "optimal_captain_points": 654.0,
    "predicted_captain_points": 281.0,
    "captain_efficiency": 0.42966360856269115
  },
  "baselines": {
    "zero_mae": 1.2101923076923078,
    "mean_mae": 1.5198711568047334,
    "position_mean_mae": 1.4763101600280455,
    "played_cond_mean_mae": 0.8908602710381863
  }
}