{
  "stratified": {
    "mae_overall": 1.0508424796642484,
    "rmse_overall": 2.094751856790512,
    "mae_played": 1.9245600129752012,
    "mae_not_played": 0.47375813112025317,
    "n_played": 10342,
    "n_not_played": 15658,
    "pct_played": 39.776923076923076,
    "mae_gk": 0.749965474615142,
    "mae_def": 1.020515248553859,
    "mae_mid": 1.0092882666864968,
    "mae_fwd": 1.1827499380400768,
    "mae_high_return": 5.5714772407141595,
    "n_high_return": 2359
  },
  "calibration": {
    "mean_predicted": 1.0348888482473568,
    "mean_actual": 1.197576923076923,
    "std_predicted": 1.10210184858599,
    "std_actual": 2.4093571385342436,
    "correlation": 0.5005188412687916,
    "spearman_rho": 0.6666019628523688,
    "decile_mae": [
      0.06172741313571638,
      0.05574506742067946,
      0.12499548532521217,
      0.33286654238596086,
      0.7361762572170196,
      1.2398723646760557,
      1.5466661256405374,
      1.732350661848042,
      2.059103846016522,
      2.6189210329767367
    ]
  },
  "business": {
    "top1_accuracy": 0.08333333333333333,
    "top3_accuracy": 0.1388888888888889,
    "top5_accuracy": 0.2222222222222222,
    "optimal_captain_points": 654.0,
    "predicted_captain_points": 269.0,
    "captain_efficiency": 0.41131498470948014
  },
  "baselines": {
    "zero_mae": 1.2101923076923078,
    "mean_mae": 1.5198711568047334,
    "position_mean_mae": 1.4763101600280455,
    "played_cond_mean_mae": 0.8908602710381863
  }
}