{
  "stratified": {
    "mae_overall": 1.06295706433318,
    "rmse_overall": 2.1507049153552305,
    "mae_played": 2.0056463362681316,
    "mae_not_played": 0.44031736256084203,
    "n_played": 10342,
    "n_not_played": 15658,
    "pct_played": 39.776923076923076,
    "mae_gk": 0.8039644576852214,
    "mae_def": 1.0171899501292911,
    "mae_mid": 1.027590476612352,
    "mae_fwd": 1.1460040801067692,
    "mae_high_return": 5.738998055559809,
    "n_high_return": 2359
  },
  "calibration": {
    "mean_predicted": 0.9570688721454187,
    "mean_actual": 1.197576923076923,
    "std_predicted": 1.1031099323111981,
    "std_actual": 2.4093571385342436,
    "correlation": 0.46169368551658163,
    "spearman_rho": 0.6429662444480803,
    "decile_mae": [
      0.026821705495765947,
      0.07099135990774917,
      0.14727543641722993,
      0.4175905428831846,
      1.057560207425842,
      1.1398697990750883,
      1.4278917263080617,
      1.7201783436203186,
      1.9642253467895763,
      2.657166175408985
    ]
  },
  "business": {
    "top1_accuracy": 0.027777777777777776,
    "top3_accuracy": 0.1111111111111111,
    "top5_accuracy": 0.1111111111111111,
    "optimal_captain_points": 654.0,
    "predicted_captain_points": 263.0,
    "captain_efficiency": 0.40214067278287463
  },
  "baselines": {
    "zero_mae": 1.2101923076923078,
    "mean_mae": 1.5198711568047334,
    "position_mean_mae": 1.4763101600280455,
    "played_cond_mean_mae": 0.8908602710381863
  }
}