{
  "model_name": "extended_ensemble",
  "holdout_season": "2024-25",
  "train_seasons": [
    "2016-17",
    "2017-18",
    "2018-19",
    "2019-20",
    "2020-21",
    "2021-22",
    "2022-23",
    "2023-24"
  ],
  "rows_train": 185149,
  "rows_test": 26000,
  "n_features": 106,
  "n_base_models": 6,
  "base_models": [
    "lgbm",
    "lgbm_v2",
    "rf",
    "ridge",
    "played_prob",
    "xgb"
  ],
  "meta_coefficients": {
    "lgbm": 0.041213039709221556,
    "lgbm_v2": 0.1740501884791242,
    "rf": 0.31860703045350836,
    "ridge": 0.36710416001526913,
    "played_prob": 0.3173484973398061,
    "xgb": 0.01747804772959717
  },
  "extended_features": {
    "roll10": [
      "total_points_roll10",
      "minutes_roll10",
      "starts_roll10",
      "expected_goals_roll10",
      "expected_assists_roll10",
      "expected_goal_involvements_roll10",
      "expected_goals_conceded_roll10",
      "influence_roll10",
      "creativity_roll10",
      "threat_roll10",
      "ict_index_roll10",
      "bps_roll10",
      "bonus_roll10",
      "us_xg_roll10",
      "us_xa_roll10",
      "us_npxg_roll10",
      "us_xgchain_roll10",
      "us_xgbuildup_roll10",
      "us_shots_roll10",
      "us_key_passes_roll10",
      "us_time_roll10"
    ],
    "season_avg": [
      "total_points_season_avg",
      "minutes_season_avg",
      "expected_goals_season_avg",
      "expected_assists_season_avg",
      "influence_season_avg",
      "creativity_season_avg",
      "threat_season_avg",
      "bps_season_avg"
    ],
    "momentum": [
      "points_momentum",
      "bps_momentum",
      "xg_momentum"
    ],
    "availability": [
      "consecutive_starts",
      "minutes_trend",
      "games_since_start"
    ]
  },
  "holdout": {
    "model": {
      "mae": 1.0508424796642484,
      "rmse": 2.094751856790512,
      "r2": 0.24410267613543524
    },
    "baselines": {
      "zero_baseline": {
        "mae": 1.2101923076923078,
        "rmse": 2.690574716987489,
        "r2": -0.24706116051447968
      },
      "mean_baseline": {
        "mean_value": 1.2749137181405246,
        "mae": 1.5610559746682193,
        "rmse": 2.4105980172721924,
        "r2": -0.001030314899999718
      }
    },
    "improvements": {
      "vs_zero": {
        "mae_improve": 0.15934982802805941,
        "rmse_improve": 0.5958228601969773,
        "r2_improve": 0.4911638366499149
      },
      "vs_mean": {
        "mae_improve": 0.510213495003971,
        "rmse_improve": 0.31584616048168046,
        "r2_improve": 0.24513299103543496
      }
    }
  },
  "all_methods": {
    "lgbm": {
      "mae": 1.0596828234868847,
      "rmse": 2.126209958282633,
      "r2": 0.2212287048142808,
      "improve_vs_zero_mae": 0.1505094842054231,
      "improve_vs_mean_mae": 0.5013731511813346
    },
    "lgbm_v2": {
      "mae": 1.0537494273826016,
      "rmse": 2.1171856549599233,
      "r2": 0.2278253761527096,
      "improve_vs_zero_mae": 0.1564428803097062,
      "improve_vs_mean_mae": 0.5073065472856177
    },
    "rf": {
      "mae": 1.0896175283319014,
      "rmse": 2.0858801509399103,
      "r2": 0.2504918795475657,
      "improve_vs_zero_mae": 0.12057477936040639,
      "improve_vs_mean_mae": 0.47143844633631793
    },
    "ridge": {
      "mae": 1.0701134930501564,
      "rmse": 2.117471908404018,
      "r2": 0.22761655876566123,
      "improve_vs_zero_mae": 0.14007881464215144,
      "improve_vs_mean_mae": 0.490942481618063
    },
    "played_prob": {
      "mae": 1.087618708979814,
      "rmse": 2.456971461854279,
      "r2": -0.039915050934520524,
      "improve_vs_zero_mae": 0.12257359871249385,
      "improve_vs_mean_mae": 0.4734372656884054
    },
    "xgb": {
      "mae": 1.136313796043396,
      "rmse": 2.112942539789626,
      "r2": 0.2309173345565796,
      "improve_vs_zero_mae": 0.0738785116489118,
      "improve_vs_mean_mae": 0.42474217862482333
    },
    "mean": {
      "mae": 1.064181924019356,
      "rmse": 2.0790519199232342,
      "r2": 0.25539095093901776,
      "improve_vs_zero_mae": 0.14601038367295183,
      "improve_vs_mean_mae": 0.49687405064886336
    },
    "median": {
      "mae": 1.0575259640362447,
      "rmse": 2.0885766853655006,
      "r2": 0.24855276446813457,
      "improve_vs_zero_mae": 0.15266634365606313,
      "improve_vs_mean_mae": 0.5035300106319747
    },
    "stacked": {
      "mae": 1.0508424796642484,
      "rmse": 2.094751856790512,
      "r2": 0.24410267613543524,
      "improve_vs_zero_mae": 0.15934982802805941,
      "improve_vs_mean_mae": 0.510213495003971
    }
  },
  "best_method": "stacked"
}