{
  "experiment": "hurdle_soft",
  "horizon": 3,
  "target_col": "points_gw_plus_3",
  "holdout_season": "2024-25",
  "train_seasons": [
    "2016-17",
    "2017-18",
    "2018-19",
    "2019-20",
    "2020-21",
    "2021-22",
    "2022-23",
    "2023-24"
  ],
  "n_train": 173847,
  "n_test": 24398,
  "n_features": 116,
  "n_played_train": 71059,
  "classifier_auc": 0.8698862837435619,
  "holdout": {
    "model": {
      "mae": 1.097089351120656,
      "rmse": 2.1195290465184335,
      "r2": 0.22026876619136448,
      "spearman_rho": 0.6259898121224473,
      "spearman_p": 0.0,
      "haul_mae": 7.158435783520571,
      "haul_count": 1240
    },
    "baselines": {
      "zero_baseline": {
        "mae": 1.2099352405934913,
        "rmse": 2.6822457321041204,
        "r2": -0.24871495153871592
      },
      "mean_baseline": {
        "mean_value": 1.2765017515401473,
        "mae": 1.5627324263666775,
        "rmse": 2.401621722907022,
        "r2": -0.0010952304110218858
      }
    },
    "improvements": {
      "vs_zero": {
        "mae_improve": 0.11284588947283525,
        "rmse_improve": 0.5627166855856869,
        "r2_improve": 0.4689837177300804
      },
      "vs_mean": {
        "mae_improve": 0.46564307524602144,
        "rmse_improve": 0.28209267638858826,
        "r2_improve": 0.22136399660238637
      }
    }
  }
}