{
  "experiment": "loss_haul_weighted_b1.0",
  "horizon": 3,
  "target_col": "points_gw_plus_3",
  "holdout_season": "2024-25",
  "train_seasons": [
    "2016-17",
    "2017-18",
    "2018-19",
    "2019-20",
    "2020-21",
    "2021-22",
    "2022-23",
    "2023-24"
  ],
  "n_train": 173847,
  "n_test": 24398,
  "n_features": 116,
  "loss_function": "haul_weighted_b1.0",
  "holdout": {
    "model": {
      "mae": 1.2063146204201944,
      "rmse": 2.122189110773245,
      "r2": 0.21831037195873104,
      "spearman_rho": 0.6276559848726977,
      "spearman_p": 0.0,
      "haul_mae": 6.534226940352293,
      "haul_count": 1240
    },
    "baselines": {
      "zero_baseline": {
        "mae": 1.2099352405934913,
        "rmse": 2.6822457321041204,
        "r2": -0.24871495153871592
      },
      "mean_baseline": {
        "mean_value": 1.2765017515401473,
        "mae": 1.5627324263666775,
        "rmse": 2.401621722907022,
        "r2": -0.0010952304110218858
      }
    },
    "improvements": {
      "vs_zero": {
        "mae_improve": 0.0036206201732968957,
        "rmse_improve": 0.5600566213308755,
        "r2_improve": 0.46702532349744696
      },
      "vs_mean": {
        "mae_improve": 0.3564178059464831,
        "rmse_improve": 0.2794326121337769,
        "r2_improve": 0.21940560236975293
      }
    }
  }
}