{
  "model_name": "position_specific",
  "holdout_season": "2024-25",
  "train_seasons": [
    "2016-17",
    "2017-18",
    "2018-19",
    "2019-20",
    "2020-21",
    "2021-22",
    "2022-23",
    "2023-24"
  ],
  "rows_train": 185149,
  "rows_test": 26000,
  "holdout": {
    "model": {
      "mae": 1.0713023523169503,
      "rmse": 2.134603226832636,
      "r2": 0.21506812977799805
    },
    "baselines": {
      "zero_baseline": {
        "mae": 1.2101923076923078,
        "rmse": 2.690574716987489,
        "r2": -0.24706116051447968
      },
      "mean_baseline": {
        "mean_value": 1.2749137181405246,
        "mae": 1.5610559746682193,
        "rmse": 2.4105980172721924,
        "r2": -0.001030314899999718
      }
    },
    "improvements": {
      "vs_zero": {
        "mae_improve": 0.13888995537535753,
        "rmse_improve": 0.5559714901548531,
        "r2_improve": 0.46212929029247773
      },
      "vs_mean": {
        "mae_improve": 0.48975362235126907,
        "rmse_improve": 0.2759947904395563,
        "r2_improve": 0.21609844467799777
      }
    }
  },
  "comparison": {
    "single_lgbm": {
      "model": {
        "mae": 1.0537494273826016,
        "rmse": 2.1171856549599233,
        "r2": 0.2278253761527096
      },
      "baselines": {
        "zero_baseline": {
          "mae": 1.2101923076923078,
          "rmse": 2.690574716987489,
          "r2": -0.24706116051447968
        },
        "mean_baseline": {
          "mean_value": 1.2749137181405246,
          "mae": 1.5610559746682193,
          "rmse": 2.4105980172721924,
          "r2": -0.001030314899999718
        }
      },
      "improvements": {
        "vs_zero": {
          "mae_improve": 0.1564428803097062,
          "rmse_improve": 0.5733890620275659,
          "r2_improve": 0.4748865366671893
        },
        "vs_mean": {
          "mae_improve": 0.5073065472856177,
          "rmse_improve": 0.2934123623122691,
          "r2_improve": 0.2288556910527093
        }
      }
    },
    "position_specific": {
      "model": {
        "mae": 1.0713023523169503,
        "rmse": 2.134603226832636,
        "r2": 0.21506812977799805
      },
      "baselines": {
        "zero_baseline": {
          "mae": 1.2101923076923078,
          "rmse": 2.690574716987489,
          "r2": -0.24706116051447968
        },
        "mean_baseline": {
          "mean_value": 1.2749137181405246,
          "mae": 1.5610559746682193,
          "rmse": 2.4105980172721924,
          "r2": -0.001030314899999718
        }
      },
      "improvements": {
        "vs_zero": {
          "mae_improve": 0.13888995537535753,
          "rmse_improve": 0.5559714901548531,
          "r2_improve": 0.46212929029247773
        },
        "vs_mean": {
          "mae_improve": 0.48975362235126907,
          "rmse_improve": 0.2759947904395563,
          "r2_improve": 0.21609844467799777
        }
      }
    },
    "mae_improvement": -0.01755292493434868,
    "pct_improvement": -1.6657589060758236,
    "per_position": {
      "GK": {
        "n_samples": 2705,
        "single": {
          "mae": 0.7794403726792415,
          "rmse": 1.7331623575457062,
          "r2": 0.2884538315997919
        },
        "position_specific": {
          "mae": 0.794498674480243,
          "rmse": 1.7492082602837224,
          "r2": 0.27521761901985986
        },
        "mae_diff": 0.015058301801001539
      },
      "DEF": {
        "n_samples": 8612,
        "single": {
          "mae": 1.0166480348328422,
          "rmse": 1.9213469390875209,
          "r2": 0.19474202289898201
        },
        "position_specific": {
          "mae": 1.032151764300704,
          "rmse": 1.9270248672283363,
          "r2": 0.18997562421210723
        },
        "mae_diff": 0.015503729467861938
      },
      "MID": {
        "n_samples": 11557,
        "single": {
          "mae": 1.0139780434716352,
          "rmse": 2.0125972415326,
          "r2": 0.2793875007227943
        },
        "position_specific": {
          "mae": 1.0249962635899899,
          "rmse": 2.0022807482394724,
          "r2": 0.2867562282272499
        },
        "mae_diff": 0.011018220118354627
      },
      "FWD": {
        "n_samples": 2844,
        "single": {
          "mae": 1.157384126796215,
          "rmse": 2.2956951555702285,
          "r2": 0.29286800845369176
        },
        "position_specific": {
          "mae": 1.176852824649956,
          "rmse": 2.3126514605458435,
          "r2": 0.2823834919802686
        },
        "mae_diff": 0.019468697853741057
      }
    }
  }
}