{
  "experiment": "hurdle_soft",
  "horizon": 2,
  "target_col": "points_gw_plus_2",
  "holdout_season": "2024-25",
  "train_seasons": [
    "2016-17",
    "2017-18",
    "2018-19",
    "2019-20",
    "2020-21",
    "2021-22",
    "2022-23",
    "2023-24"
  ],
  "n_train": 179486,
  "n_test": 25199,
  "n_features": 116,
  "n_played_train": 73339,
  "classifier_auc": 0.8709249777655265,
  "holdout": {
    "model": {
      "mae": 1.081321686137123,
      "rmse": 2.1393882797757953,
      "r2": 0.2099652925059987,
      "spearman_rho": 0.6297911073388933,
      "spearman_p": 0.0,
      "haul_mae": 7.262486342932334,
      "haul_count": 1283
    },
    "baselines": {
      "zero_baseline": {
        "mae": 1.2115560141275448,
        "rmse": 2.6890225907845684,
        "r2": -0.24811857908342705
      },
      "mean_baseline": {
        "mean_value": 1.2761663862362524,
        "mae": 1.5631263041623418,
        "rmse": 2.4081856875056267,
        "r2": -0.0010295279037937366
      }
    },
    "improvements": {
      "vs_zero": {
        "mae_improve": 0.13023432799042167,
        "rmse_improve": 0.5496343110087731,
        "r2_improve": 0.45808387158942576
      },
      "vs_mean": {
        "mae_improve": 0.4818046180252187,
        "rmse_improve": 0.2687974077298314,
        "r2_improve": 0.21099482040979245
      }
    }
  }
}